market_id,created_at,actual_delivery_time,store_id,store_primary_category,order_protocol,total_items,subtotal,num_distinct_items,min_item_price,max_item_price,total_onshift_partners,total_busy_partners,total_outstanding_orders,delivery_time_minutes,order_hour,order_day_of_week,order_is_weekend,hour_sin,hour_cos,price_range,avg_item_price,items_per_distinct,busy_partner_ratio,available_partners,outstanding_per_partner
4,2015-01-23 01:13:30,2015-01-23 01:48:41,6aab1270668d8cac7cef2566a1c5f569,other,1,4.0,3375.0,4.0,200.0,1250.0,47.0,36.0,53.0,35.18333333333333,1,4,0,0.25881904510252074,0.9659258262890683,1050.0,843.75,1.0,0.75,11.0,1.1041666666666667
6,2015-02-05 21:29:05,2015-02-05 21:50:32,130f1a8e9e102707f3f91b010f151b0b,mexican,3,1.0,1035.0,1.0,850.0,850.0,37.0,34.0,41.0,21.45,21,3,0,-0.7071067811865477,0.7071067811865474,0.0,1035.0,1.0,0.8947368421052632,3.0,1.0789473684210527
1,2015-02-13 22:15:03,2015-02-13 23:01:18,d69116f8b0140cdeb1f99a4d5096ffe4,burger,1,1.0,1403.0,1.0,905.0,959.0,14.0,23.0,21.0,46.25,22,4,0,-0.5000000000000004,0.8660254037844384,54.0,1403.0,1.0,1.5333333333333334,0.0,1.4
3,2015-02-12 19:39:36,2015-02-12 20:26:32,31f0a067ca77d80b3704aee9141bc2ea,other,3,2.0,2868.0,2.0,169.0,2699.0,24.0,24.0,32.0,46.93333333333333,19,3,0,-0.9659258262890684,0.2588190451025203,2530.0,1434.0,1.0,0.96,0.0,1.28
4,2015-02-13 20:30:43,2015-02-13 21:17:52,4a308d84cdd04aa2015bbe13622d5d7c,fast,4,15.0,1005.0,5.0,0.0,329.0,96.0,86.0,136.0,47.15,20,4,0,-0.8660254037844386,0.5000000000000001,329.0,67.0,3.0,0.8865979381443299,10.0,1.402061855670103
2,2015-02-03 18:52:31,2015-02-03 19:55:57,faacbcd5bf1d018912c116bf2783e9a1,mexican,5,1.0,1499.0,1.0,799.0,799.0,22.0,22.0,28.0,63.43333333333333,18,1,0,-1.0,-1.8369701987210297e-16,0.0,1499.0,1.0,0.9565217391304348,0.0,1.2173913043478262
2,2015-02-05 22:04:46,2015-02-05 22:27:45,98b297950041a42470269d56260243a1,indian,3,2.0,1598.0,2.0,799.0,799.0,24.0,24.0,23.0,22.983333333333334,22,3,0,-0.5000000000000004,0.8660254037844384,0.0,799.0,1.0,0.96,0.0,0.92
4,2015-02-08 20:30:07,2015-02-08 21:18:43,32e3b25cfdadc8779a12ddc58c0b2a8d,italian,4,6.0,1174.0,3.0,129.0,269.0,4.0,4.0,5.0,48.6,20,6,1,-0.8660254037844386,0.5000000000000001,140.0,195.66666666666666,2.0,0.8,0.0,1.0
3,2015-02-02 22:26:14,2015-02-02 23:27:21,f60ce002e5182e7b99a8a59b6d865a12,other,1,2.0,2550.0,2.0,900.0,1150.0,9.0,9.0,15.0,61.11666666666667,22,0,0,-0.5000000000000004,0.8660254037844384,250.0,1275.0,1.0,0.9,0.0,1.5
3,2015-02-09 03:47:10,2015-02-09 04:29:10,23b023b22d0bf47626029d5961328028,pizza,1,1.0,2249.0,1.0,1699.0,1699.0,16.0,17.0,18.0,42.0,3,0,0,0.7071067811865475,0.7071067811865476,0.0,2249.0,1.0,1.0,0.0,1.0588235294117647
1,2015-01-29 02:35:37,2015-01-29 03:24:11,5655cf23be4dda7082c8bb3a8d8f8016,american,1,3.0,3350.0,3.0,700.0,1350.0,52.0,53.0,58.0,48.56666666666667,2,3,0,0.49999999999999994,0.8660254037844387,650.0,1116.6666666666667,1.0,1.0,0.0,1.0943396226415094
4,2015-02-05 03:11:39,2015-02-05 04:43:29,e0f5a669360c464e40e60b459157c73e,chinese,4,9.0,2710.0,3.0,195.0,770.0,9.0,11.0,20.0,91.83333333333333,3,3,0,0.7071067811865475,0.7071067811865476,575.0,301.1111111111111,3.0,1.1,0.0,2.0
2,2015-01-25 21:26:01,2015-01-25 21:47:44,c51a02c186f00636e81c8af4845b8b64,mediterranean,2,3.0,1385.0,2.0,195.0,595.0,41.0,44.0,32.0,21.716666666666665,21,6,1,-0.7071067811865477,0.7071067811865474,400.0,461.6666666666667,1.5,1.0476190476190477,0.0,0.7619047619047619
6,2015-02-10 04:43:00,2015-02-10 05:04:36,9b0f4932ee013ec1b2afb5057c2d34e8,fast,4,9.0,445.0,3.0,0.0,216.0,37.0,34.0,41.0,21.6,4,1,0,0.8660254037844386,0.5000000000000001,216.0,49.44444444444444,3.0,0.8947368421052632,3.0,1.0789473684210527
3,2015-01-26 01:59:17,2015-01-26 02:38:48,c432976945dc8b1ac46792dfa97ea068,vietnamese,1,2.0,1520.0,2.0,545.0,975.0,44.0,45.0,45.0,39.516666666666666,1,0,0,0.25881904510252074,0.9659258262890683,430.0,760.0,1.0,1.0,0.0,1.0
5,2015-01-25 02:50:29,2015-01-25 04:13:59,273cfc835c96d80d6f1f254d6a8f0ffa,pizza,5,2.0,4205.0,2.0,510.0,1640.0,14.0,18.0,27.0,83.5,2,6,1,0.49999999999999994,0.8660254037844387,1130.0,2102.5,1.0,1.2,0.0,1.8
4,2015-01-31 02:53:07,2015-01-31 03:59:11,56f9f88906aebf4ad985aaec7fa01313,other,1,3.0,7665.0,3.0,1675.0,3699.0,68.0,50.0,113.0,66.06666666666666,2,5,1,0.49999999999999994,0.8660254037844387,2024.0,2555.0,1.0,0.7246376811594203,18.0,1.6376811594202898
3,2015-02-09 03:22:08,2015-02-09 03:53:10,76d4110e944e83212bafa4b11ebf2b7e,japanese,3,3.0,1840.0,3.0,395.0,895.0,13.0,13.0,13.0,31.033333333333335,3,0,0,0.7071067811865475,0.7071067811865476,500.0,613.3333333333334,1.0,0.9285714285714286,0.0,0.9285714285714286
6,2015-02-02 02:01:02,2015-02-02 03:01:06,681edca905f93d0d1ddd5f82b0385bae,pizza,4,1.0,1948.0,1.0,1798.0,1798.0,37.0,34.0,41.0,60.06666666666667,2,0,0,0.49999999999999994,0.8660254037844387,0.0,1948.0,1.0,0.8947368421052632,3.0,1.0789473684210527
3,2015-02-15 20:51:03,2015-02-15 21:34:39,7ec12aa91918c9b6e577c1ae18a0a34b,other,1,2.0,1999.0,2.0,375.0,1199.0,21.0,21.0,26.0,43.6,20,6,1,-0.8660254037844386,0.5000000000000001,824.0,999.5,1.0,0.9545454545454546,0.0,1.1818181818181819
3,2015-01-22 01:40:19,2015-01-22 02:16:03,b154e7b21b2ff0a14d96affa6d3fb958,japanese,3,1.0,1195.0,1.0,1195.0,1195.0,37.0,34.0,41.0,35.733333333333334,1,3,0,0.25881904510252074,0.9659258262890683,0.0,1195.0,1.0,0.8947368421052632,3.0,1.0789473684210527
4,2015-01-26 02:18:00,2015-01-26 02:50:34,03afdbd66e7929b125f8597834fa83a4,other,3,4.0,3510.0,4.0,400.0,1150.0,69.0,97.0,91.0,32.56666666666667,2,0,0,0.49999999999999994,0.8660254037844387,750.0,877.5,1.0,1.3857142857142857,0.0,1.3
4,2015-01-25 00:46:02,2015-01-25 01:32:31,45c48cce2e2d7fbdea1afc51c7c6ad26,salad,5,3.0,2310.0,3.0,660.0,880.0,55.0,81.0,55.0,46.483333333333334,0,6,1,0.0,1.0,220.0,770.0,1.0,1.4464285714285714,0.0,0.9821428571428571
1,2015-01-28 03:17:26,2015-01-28 04:15:07,999028872cfff7ae8ee330a33cbd3874,japanese,1,5.0,3710.0,5.0,175.0,1045.0,13.0,12.0,14.0,57.68333333333333,3,2,0,0.7071067811865475,0.7071067811865476,870.0,742.0,1.0,0.8571428571428571,1.0,1.0
3,2015-02-03 20:00:51,2015-02-03 20:38:06,97e49161287e7a4f9b745366e4f9431b,other,1,3.0,1960.0,2.0,650.0,660.0,37.0,34.0,41.0,37.25,20,1,0,-0.8660254037844386,0.5000000000000001,10.0,653.3333333333334,1.5,0.8947368421052632,3.0,1.0789473684210527
2,2015-02-17 22:30:57,2015-02-17 22:59:17,7f16109f1619fd7a733daf5a84c708c1,burger,5,3.0,1893.0,3.0,449.0,725.0,35.0,31.0,32.0,28.333333333333332,22,1,0,-0.5000000000000004,0.8660254037844384,276.0,631.0,1.0,0.8611111111111112,4.0,0.8888888888888888
6,2015-02-07 03:45:08,2015-02-07 04:50:40,87f4d79e36d68c3031ccf6c55e9bbd39,pizza,2,1.0,2400.0,1.0,2000.0,2000.0,37.0,34.0,41.0,65.53333333333333,3,5,1,0.7071067811865475,0.7071067811865476,0.0,2400.0,1.0,0.8947368421052632,3.0,1.0789473684210527
2,2015-02-09 03:01:47,2015-02-09 03:32:52,acec40d7cb2fc91f4fe388dd0fc29d03,fast,4,5.0,1043.0,4.0,0.0,589.0,131.0,119.0,193.0,31.083333333333332,3,0,0,0.7071067811865475,0.7071067811865476,589.0,208.6,1.25,0.9015151515151515,12.0,1.4621212121212122
1,2015-02-16 03:32:52,2015-02-16 04:09:35,1f490b64a7d1716e9952d627b9baa45e,other,4,2.0,650.0,2.0,175.0,345.0,7.0,7.0,9.0,36.71666666666667,3,0,0,0.7071067811865475,0.7071067811865476,170.0,325.0,1.0,0.875,0.0,1.125
2,2015-02-03 03:55:14,2015-02-03 04:51:33,d860edd1dd83b36f02ce52bde626c653,thai,1,5.0,4185.0,4.0,300.0,1195.0,84.0,84.0,123.0,56.31666666666667,3,1,0,0.7071067811865475,0.7071067811865476,895.0,837.0,1.25,0.9882352941176471,0.0,1.4470588235294117
2,2015-02-16 00:22:06,2015-02-16 01:03:55,fe8c15fed5f808006ce95eddb7366e35,indian,3,9.0,9550.0,6.0,350.0,1200.0,32.0,24.0,27.0,41.81666666666667,0,0,0,0.0,1.0,850.0,1061.111111111111,1.5,0.7272727272727273,8.0,0.8181818181818182
4,2015-02-01 23:19:19,2015-02-01 23:55:11,d30960ce77e83d896503d43ba249caf7,sandwich,3,2.0,1298.0,2.0,499.0,799.0,20.0,18.0,32.0,35.86666666666667,23,6,1,-0.25881904510252157,0.9659258262890681,300.0,649.0,1.0,0.8571428571428571,2.0,1.5238095238095237
1,2015-02-06 04:59:23,2015-02-06 05:44:02,3323fe11e9595c09af38fe67567a9394,pizza,3,3.0,2213.0,3.0,114.0,1618.0,32.0,17.0,28.0,44.65,4,4,0,0.8660254037844386,0.5000000000000001,1504.0,737.6666666666666,1.0,0.5151515151515151,15.0,0.8484848484848485
2,2015-02-02 04:47:38,2015-02-02 05:27:12,1f5069142727648138a54524b5beeb58,dessert,5,3.0,2240.0,2.0,300.0,795.0,54.0,58.0,92.0,39.56666666666667,4,0,0,0.8660254037844386,0.5000000000000001,495.0,746.6666666666666,1.5,1.0545454545454545,0.0,1.6727272727272726
1,2015-02-10 21:44:02,2015-02-10 22:16:55,8d8818c8e140c64c743113f563cf750f,fast,4,1.0,639.0,1.0,639.0,639.0,10.0,12.0,8.0,32.88333333333333,21,1,0,-0.7071067811865477,0.7071067811865474,0.0,639.0,1.0,1.0909090909090908,0.0,0.7272727272727273
6,2015-02-08 01:30:18,2015-02-08 02:21:59,f58c9875ac84dfe1fbe91b918773d050,japanese,1,1.0,1600.0,1.0,1500.0,1500.0,37.0,34.0,41.0,51.68333333333333,1,6,1,0.25881904510252074,0.9659258262890683,0.0,1600.0,1.0,0.8947368421052632,3.0,1.0789473684210527
2,2015-02-07 22:13:31,2015-02-07 23:06:05,b2ea5e977c5fc1ccfa74171a9723dd61,american,3,3.0,1950.0,2.0,650.0,650.0,31.0,33.0,37.0,52.56666666666667,22,5,1,-0.5000000000000004,0.8660254037844384,0.0,650.0,1.5,1.03125,0.0,1.15625
4,2015-01-28 05:43:30,2015-01-28 06:16:19,55a7cf9c71f1c9c495413f934dd1a158,indian,3,5.0,1750.0,3.0,200.0,450.0,21.0,19.0,19.0,32.81666666666667,5,2,0,0.9659258262890683,0.25881904510252074,250.0,350.0,1.6666666666666667,0.8636363636363636,2.0,0.8636363636363636
5,2015-01-29 01:15:34,2015-01-29 01:52:03,b2dc449578a4744a1684d3b0ea933702,american,1,5.0,4945.0,5.0,375.0,1595.0,13.0,11.0,12.0,36.483333333333334,1,3,0,0.25881904510252074,0.9659258262890683,1220.0,989.0,1.0,0.7857142857142857,2.0,0.8571428571428571
2,2015-02-05 04:11:05,2015-02-05 05:36:52,faa9afea49ef2ff029a833cccc778fd0,italian,3,2.0,3300.0,2.0,1300.0,2000.0,38.0,41.0,86.0,85.78333333333333,4,3,0,0.8660254037844386,0.5000000000000001,700.0,1650.0,1.0,1.0512820512820513,0.0,2.2051282051282053
5,2015-01-27 03:30:13,2015-01-27 04:23:58,40c0d2afbc02bb410485f888102743f7,italian,1,1.0,2187.0,1.0,1848.0,1848.0,17.0,19.0,13.0,53.75,3,1,0,0.7071067811865475,0.7071067811865476,0.0,2187.0,1.0,1.0555555555555556,0.0,0.7222222222222222
4,2015-01-28 01:39:09,2015-01-28 02:16:57,c7e1249ffc03eb9ded908c236bd1996d,thai,2,1.0,1600.0,1.0,1600.0,1600.0,68.0,64.0,90.0,37.8,1,2,0,0.25881904510252074,0.9659258262890683,0.0,1600.0,1.0,0.927536231884058,4.0,1.3043478260869565
1,2015-02-08 04:46:10,2015-02-08 05:23:41,d827f12e35eae370ba9c65b7f6026695,italian,5,1.0,1525.0,1.0,875.0,875.0,36.0,42.0,48.0,37.516666666666666,4,6,1,0.8660254037844386,0.5000000000000001,0.0,1525.0,1.0,1.135135135135135,0.0,1.2972972972972974
4,2015-02-08 18:09:40,2015-02-08 18:43:26,2eace51d8f796d04991c831a07059758,sandwich,3,3.0,1437.0,3.0,227.0,845.0,14.0,22.0,19.0,33.766666666666666,18,6,1,-1.0,-1.8369701987210297e-16,618.0,479.0,1.0,1.4666666666666666,0.0,1.2666666666666666
5,2015-01-29 03:31:01,2015-01-29 04:28:11,7da9599ceaa0dd2498d02cc7985f5bde,other,2,13.0,10396.0,6.0,100.0,3099.0,49.0,22.0,35.0,57.166666666666664,3,3,0,0.7071067811865475,0.7071067811865476,2999.0,799.6923076923077,2.1666666666666665,0.44,27.0,0.7
2,2015-02-15 02:32:26,2015-02-15 03:11:33,39059724f73a9969845dfe4146c5660e,other,5,3.0,4600.0,3.0,1400.0,1650.0,93.0,84.0,151.0,39.11666666666667,2,6,1,0.49999999999999994,0.8660254037844387,250.0,1533.3333333333333,1.0,0.8936170212765957,9.0,1.6063829787234043
3,2015-02-11 02:45:43,2015-02-11 03:16:03,588fdfa645b7f3c260188494bcafa149,chinese,1,3.0,1665.0,2.0,395.0,635.0,21.0,23.0,28.0,30.333333333333332,2,2,0,0.49999999999999994,0.8660254037844387,240.0,555.0,1.5,1.0454545454545454,0.0,1.2727272727272727
2,2015-01-23 02:30:58,2015-01-23 04:06:27,6a81681a7af700c6385d36577ebec359,barbecue,1,5.0,7175.0,4.0,895.0,1695.0,100.0,78.0,127.0,95.48333333333333,2,4,0,0.49999999999999994,0.8660254037844387,800.0,1435.0,1.25,0.7722772277227723,22.0,1.2574257425742574
2,2015-02-10 03:24:32,2015-02-10 04:04:05,9854d7afce413aa13cd0a1d39d0bcec5,american,1,1.0,1119.0,1.0,1119.0,1119.0,86.0,88.0,134.0,39.55,3,1,0,0.7071067811865475,0.7071067811865476,0.0,1119.0,1.0,1.0114942528735633,0.0,1.5402298850574712
1,2015-02-09 01:23:40,2015-02-09 02:19:12,95d309f0b035d97f69902e7972c2b2e6,pizza,5,1.0,1000.0,1.0,1000.0,1000.0,31.0,34.0,52.0,55.53333333333333,1,0,0,0.25881904510252074,0.9659258262890683,0.0,1000.0,1.0,1.0625,0.0,1.625
2,2015-02-03 03:29:38,2015-02-03 04:10:47,ccb0989662211f61edae2e26d58ea92f,other,2,3.0,4985.0,3.0,1395.0,1895.0,40.0,39.0,72.0,41.15,3,1,0,0.7071067811865475,0.7071067811865476,500.0,1661.6666666666667,1.0,0.9512195121951219,1.0,1.7560975609756098
6,2015-02-09 20:36:33,2015-02-09 21:07:57,2d95666e2649fcfc6e3af75e09f5adb9,japanese,3,2.0,2190.0,1.0,1095.0,1095.0,37.0,34.0,41.0,31.4,20,0,0,-0.8660254037844386,0.5000000000000001,0.0,1095.0,2.0,0.8947368421052632,3.0,1.0789473684210527
5,2015-02-08 04:25:03,2015-02-08 05:41:51,0a7d7a81e8e3a20e4c34748e98ef45f6,pizza,1,2.0,2045.0,2.0,611.0,1272.0,43.0,48.0,60.0,76.8,4,6,1,0.8660254037844386,0.5000000000000001,661.0,1022.5,1.0,1.0909090909090908,0.0,1.3636363636363635
3,2015-02-04 02:33:18,2015-02-04 03:18:45,4053e4891648aa5d0bd54fe6f4beb464,italian,1,3.0,2385.0,3.0,495.0,1195.0,5.0,5.0,6.0,45.45,2,2,0,0.49999999999999994,0.8660254037844387,700.0,795.0,1.0,0.8333333333333334,0.0,1.0
4,2015-01-27 03:53:52,2015-01-27 04:37:10,aab3238922bcc25a6f606eb525ffdc56,greek,3,3.0,3195.0,2.0,1050.0,1095.0,70.0,103.0,98.0,43.3,3,1,0,0.7071067811865475,0.7071067811865476,45.0,1065.0,1.5,1.4507042253521127,0.0,1.380281690140845
6,2015-02-14 21:22:23,2015-02-14 22:03:01,ceb0595112db2513b9325a85761b7310,indian,3,4.0,3345.0,3.0,650.0,1395.0,37.0,34.0,41.0,40.63333333333333,21,5,1,-0.7071067811865477,0.7071067811865474,745.0,836.25,1.3333333333333333,0.8947368421052632,3.0,1.0789473684210527
4,2015-02-07 19:54:32,2015-02-07 20:21:37,7d2b92b6726c241134dae6cd3fb8c182,other,5,1.0,475.0,1.0,375.0,375.0,46.0,38.0,54.0,27.083333333333332,19,5,1,-0.9659258262890684,0.2588190451025203,0.0,475.0,1.0,0.8085106382978723,8.0,1.148936170212766
1,2015-02-07 02:02:15,2015-02-07 02:46:09,8248a99e81e752cb9b41da3fc43fbe7f,japanese,5,3.0,3175.0,2.0,475.0,925.0,16.0,16.0,20.0,43.9,2,5,1,0.49999999999999994,0.8660254037844387,450.0,1058.3333333333333,1.5,0.9411764705882353,0.0,1.1764705882352942
3,2015-02-09 02:07:09,2015-02-09 03:08:39,dda04f9d634145a9c68d5dfe53b21272,mexican,1,5.0,2470.0,3.0,334.0,799.0,59.0,59.0,68.0,61.5,2,0,0,0.49999999999999994,0.8660254037844387,465.0,494.0,1.6666666666666667,0.9833333333333333,0.0,1.1333333333333333
4,2015-02-15 22:31:35,2015-02-15 23:18:04,298f95e1bf9136124592c8d4825a06fc,pizza,1,3.0,2736.0,3.0,579.0,1399.0,28.0,17.0,23.0,46.483333333333334,22,6,1,-0.5000000000000004,0.8660254037844384,820.0,912.0,1.0,0.5862068965517241,11.0,0.7931034482758621
4,2015-01-29 22:27:03,2015-01-29 23:08:10,05e97c207235d63ceb1db43c60db7bbb,unknown,1,8.0,5295.0,8.0,435.0,1250.0,17.0,10.0,10.0,41.11666666666667,22,3,0,-0.5000000000000004,0.8660254037844384,815.0,661.875,1.0,0.5555555555555556,7.0,0.5555555555555556
1,2015-01-25 05:22:56,2015-01-25 05:50:20,3d324c2883882b15fa8fbe8f025a3a99,other,3,9.0,5730.0,9.0,595.0,695.0,18.0,15.0,13.0,27.4,5,6,1,0.9659258262890683,0.25881904510252074,100.0,636.6666666666666,1.0,0.7894736842105263,3.0,0.6842105263157895
3,2015-02-13 02:22:24,2015-02-13 03:22:42,148d411aeffed8a6f6ad4ecd77d1f904,other,1,2.0,1485.0,2.0,560.0,925.0,32.0,31.0,26.0,60.3,2,4,0,0.49999999999999994,0.8660254037844387,365.0,742.5,1.0,0.9393939393939394,1.0,0.7878787878787878
6,2015-02-10 03:12:46,2015-02-10 04:20:40,88fce63f42b8b78770aae2e70ccb67bc,other,4,2.0,845.0,2.0,350.0,395.0,37.0,34.0,41.0,67.9,3,1,0,0.7071067811865475,0.7071067811865476,45.0,422.5,1.0,0.8947368421052632,3.0,1.0789473684210527
2,2015-02-16 03:44:15,2015-02-16 04:26:45,46a558d97954d0692411c861cf78ef79,dessert,5,4.0,2250.0,2.0,400.0,465.0,133.0,129.0,200.0,42.5,3,0,0,0.7071067811865475,0.7071067811865476,65.0,562.5,2.0,0.9626865671641791,4.0,1.492537313432836
3,2015-01-30 02:57:06,2015-01-30 03:52:25,2b8f621e9244cea5007bac8f5d50e476,japanese,1,2.0,1800.0,2.0,875.0,925.0,38.0,35.0,28.0,55.31666666666667,2,4,0,0.49999999999999994,0.8660254037844387,50.0,900.0,1.0,0.8974358974358975,3.0,0.717948717948718
2,2015-02-03 20:05:37,2015-02-03 20:52:33,08a1fbda444d0ed569626fdb23520d02,mexican,4,1.0,910.0,1.0,910.0,910.0,42.0,44.0,63.0,46.93333333333333,20,1,0,-0.8660254037844386,0.5000000000000001,0.0,910.0,1.0,1.0232558139534884,0.0,1.4651162790697674
3,2015-02-01 16:25:12,2015-02-01 17:24:49,75e33da9b103b7b91dcd8da0abe1354b,breakfast,1,4.0,3280.0,4.0,495.0,1095.0,5.0,4.0,3.0,59.61666666666667,16,6,1,-0.8660254037844384,-0.5000000000000004,600.0,820.0,1.0,0.6666666666666666,1.0,0.5
3,2015-01-26 01:45:17,2015-01-26 02:18:09,27e8e17134dd7083b050476733207ea1,greek,1,4.0,1603.0,4.0,175.0,599.0,14.0,10.0,10.0,32.86666666666667,1,0,0,0.25881904510252074,0.9659258262890683,424.0,400.75,1.0,0.6666666666666666,4.0,0.6666666666666666
2,2015-02-17 03:28:46,2015-02-17 03:59:23,dd363b260a3b26e9ebdc93193730e961,dessert,3,2.0,1518.0,1.0,759.0,759.0,104.0,83.0,113.0,30.616666666666667,3,1,0,0.7071067811865475,0.7071067811865476,0.0,759.0,2.0,0.7904761904761904,21.0,1.0761904761904761
6,2015-02-10 00:53:19,2015-02-10 02:15:13,a70dc40477bc2adceef4d2c90f47eb82,mexican,3,1.0,645.0,1.0,595.0,595.0,37.0,34.0,41.0,81.9,0,1,0,0.0,1.0,0.0,645.0,1.0,0.8947368421052632,3.0,1.0789473684210527
1,2015-01-28 01:39:01,2015-01-28 02:28:36,e60e81c4cbe5171cd654662d9887aec2,mediterranean,1,1.0,1259.0,1.0,759.0,759.0,31.0,33.0,36.0,49.583333333333336,1,2,0,0.25881904510252074,0.9659258262890683,0.0,1259.0,1.0,1.03125,0.0,1.125
2,2015-02-16 01:49:23,2015-02-16 03:01:45,158f3069a435b314a80bdcb024f8e422,japanese,1,6.0,7580.0,6.0,950.0,1795.0,116.0,97.0,174.0,72.36666666666666,1,0,0,0.25881904510252074,0.9659258262890683,845.0,1263.3333333333333,1.0,0.8290598290598291,19.0,1.4871794871794872
4,2015-02-11 02:04:24,2015-02-11 02:56:30,45c48cce2e2d7fbdea1afc51c7c6ad26,salad,5,4.0,3705.0,4.0,330.0,1375.0,89.0,86.0,146.0,52.1,2,2,0,0.49999999999999994,0.8660254037844387,1045.0,926.25,1.0,0.9555555555555556,3.0,1.6222222222222222
6,2015-02-14 04:48:51,2015-02-14 05:19:47,e50372d3fee4eadec9c42aa6528097cc,fast,4,3.0,1344.0,2.0,320.0,426.0,37.0,34.0,41.0,30.933333333333334,4,5,1,0.8660254037844386,0.5000000000000001,106.0,448.0,1.5,0.8947368421052632,3.0,1.0789473684210527
4,2015-01-25 19:40:08,2015-01-25 20:02:17,04df4d434d481c5bb723be1b6df1ee65,sandwich,3,8.0,4394.0,4.0,175.0,799.0,39.0,43.0,26.0,22.15,19,6,1,-0.9659258262890684,0.2588190451025203,624.0,549.25,2.0,1.075,0.0,0.65
3,2015-02-06 01:13:23,2015-02-06 01:52:38,17d8da815fa21c57af9829fb0a869602,unknown,4,6.0,3454.0,3.0,429.0,849.0,30.0,14.0,13.0,39.25,1,4,0,0.25881904510252074,0.9659258262890683,420.0,575.6666666666666,2.0,0.45161290322580644,16.0,0.41935483870967744
5,2015-01-24 00:42:49,2015-01-24 01:05:48,2760e894ae70a26f9e0ffb5ebb51dab4,mediterranean,3,2.0,1590.0,1.0,795.0,795.0,11.0,7.0,7.0,22.983333333333334,0,5,1,0.0,1.0,0.0,795.0,2.0,0.5833333333333334,4.0,0.5833333333333334
5,2015-02-18 00:49:46,2015-02-18 01:45:47,6c7a107981f9c2a0ed55efce297bd1e2,fast,4,1.0,741.0,1.0,741.0,741.0,19.0,19.0,23.0,56.016666666666666,0,2,0,0.0,1.0,0.0,741.0,1.0,0.95,0.0,1.15
2,2015-01-24 02:45:08,2015-01-24 04:09:12,1c9ac0159c94d8d0cbedc973445af2da,other,5,3.0,2340.0,3.0,550.0,1195.0,130.0,129.0,222.0,84.06666666666666,2,5,1,0.49999999999999994,0.8660254037844387,645.0,780.0,1.0,0.9847328244274809,1.0,1.6946564885496183
1,2015-02-17 20:00:47,2015-02-17 21:31:40,94d231f11cdc1fae024849f33f7a7156,chinese,2,3.0,1100.0,3.0,160.0,710.0,3.0,3.0,6.0,90.88333333333334,20,1,0,-0.8660254037844386,0.5000000000000001,550.0,366.6666666666667,1.0,0.75,0.0,1.5
3,2015-01-29 03:25:34,2015-01-29 03:50:00,96f2b50b5d3613adf9c27049b2a888c7,mexican,3,1.0,1095.0,1.0,1095.0,1095.0,38.0,36.0,38.0,24.433333333333334,3,3,0,0.7071067811865475,0.7071067811865476,0.0,1095.0,1.0,0.9230769230769231,2.0,0.9743589743589743
1,2015-02-11 01:50:36,2015-02-11 02:31:29,e68d60edfb709b5834cb5e9286b4ce4b,barbecue,3,3.0,2614.0,2.0,757.0,950.0,13.0,13.0,15.0,40.88333333333333,1,2,0,0.25881904510252074,0.9659258262890683,193.0,871.3333333333334,1.5,0.9285714285714286,0.0,1.0714285714285714
1,2015-02-04 01:29:19,2015-02-04 02:14:39,841b60e20ff680b0d59aa9d6902fe289,breakfast,5,3.0,2644.0,3.0,656.0,815.0,24.0,14.0,31.0,45.333333333333336,1,2,0,0.25881904510252074,0.9659258262890683,159.0,881.3333333333334,1.0,0.56,10.0,1.24
3,2015-01-28 04:14:03,2015-01-28 04:42:13,fba6c96d44ce830a1d5886fab5a15fa5,american,1,4.0,2316.0,3.0,199.0,1199.0,6.0,2.0,3.0,28.166666666666668,4,2,0,0.8660254037844386,0.5000000000000001,1000.0,579.0,1.3333333333333333,0.2857142857142857,4.0,0.42857142857142855
3,2015-01-25 02:08:02,2015-01-25 02:54:03,ec16c57ed363c5ca91a3e5e5b88fe502,other,1,3.0,5000.0,3.0,1200.0,1900.0,8.0,7.0,9.0,46.016666666666666,2,6,1,0.49999999999999994,0.8660254037844387,700.0,1666.6666666666667,1.0,0.7777777777777778,1.0,1.0
2,2015-01-31 03:00:35,2015-01-31 04:05:27,05a5cf06982ba7892ed2a6d38fe832d6,italian,5,2.0,3950.0,2.0,1650.0,2300.0,119.0,105.0,196.0,64.86666666666666,3,5,1,0.7071067811865475,0.7071067811865476,650.0,1975.0,1.0,0.875,14.0,1.6333333333333333
1,2015-01-31 21:09:39,2015-01-31 21:59:45,266e3c74976fe48b49c4833f6c9f0d33,chinese,2,3.0,1457.0,3.0,160.0,942.0,11.0,11.0,16.0,50.1,21,5,1,-0.7071067811865477,0.7071067811865474,782.0,485.6666666666667,1.0,0.9166666666666666,0.0,1.3333333333333333
4,2015-02-01 05:49:33,2015-02-01 06:21:46,1b0114c51cc532ed34e1954b5b9e4b58,japanese,3,3.0,2525.0,3.0,150.0,1225.0,22.0,19.0,23.0,32.21666666666667,5,6,1,0.9659258262890683,0.25881904510252074,1075.0,841.6666666666666,1.0,0.8260869565217391,3.0,1.0
2,2015-01-22 18:25:34,2015-01-22 18:56:37,991de292e76f74f3c285b3f6d57958d5,breakfast,2,3.0,2900.0,3.0,600.0,1300.0,14.0,15.0,22.0,31.05,18,3,0,-1.0,-1.8369701987210297e-16,700.0,966.6666666666666,1.0,1.0,0.0,1.4666666666666666
4,2015-02-10 02:01:46,2015-02-10 03:05:50,0bb0846327772451045bd30dd347821b,italian,4,3.0,3200.0,3.0,275.0,1850.0,43.0,41.0,70.0,64.06666666666666,2,1,0,0.49999999999999994,0.8660254037844387,1575.0,1066.6666666666667,1.0,0.9318181818181818,2.0,1.5909090909090908
2,2015-02-09 16:16:57,2015-02-09 17:07:22,66368270ffd51418ec58bd793f2d9b1b,breakfast,5,6.0,4970.0,5.0,445.0,1495.0,2.0,1.0,2.0,50.416666666666664,16,0,0,-0.8660254037844384,-0.5000000000000004,1050.0,828.3333333333334,1.2,0.3333333333333333,1.0,0.6666666666666666
4,2015-01-21 22:58:58,2015-01-21 23:36:54,bf5cd8b2509011b9502a72296edc14a0,other,3,5.0,2445.0,3.0,180.0,1095.0,25.0,13.0,13.0,37.93333333333333,22,2,0,-0.5000000000000004,0.8660254037844384,915.0,489.0,1.6666666666666667,0.5,12.0,0.5
1,2015-01-23 04:52:48,2015-01-23 05:13:55,441ba8b924a353d6ec1ac4bff30df801,other,4,4.0,1016.0,4.0,199.0,399.0,16.0,11.0,9.0,21.116666666666667,4,4,0,0.8660254037844386,0.5000000000000001,200.0,254.0,1.0,0.6470588235294118,5.0,0.5294117647058824
1,2015-02-12 19:42:07,2015-02-12 20:23:01,cf9a242b70f45317ffd281241fa66502,other,1,2.0,1420.0,2.0,495.0,925.0,6.0,6.0,11.0,40.9,19,3,0,-0.9659258262890684,0.2588190451025203,430.0,710.0,1.0,0.8571428571428571,0.0,1.5714285714285714
4,2015-01-27 02:19:04,2015-01-27 02:58:23,f466e84e4d899dda09be2bf2d3d7ece3,pizza,3,1.0,1300.0,1.0,1300.0,1300.0,12.0,12.0,12.0,39.31666666666667,2,1,0,0.49999999999999994,0.8660254037844387,0.0,1300.0,1.0,0.9230769230769231,0.0,0.9230769230769231
2,2015-01-22 22:25:21,2015-01-22 23:13:47,a529ea43c249fcbee9685c74d8baa9eb,sandwich,3,6.0,2476.0,4.0,129.0,565.0,24.0,32.0,29.0,48.43333333333333,22,3,0,-0.5000000000000004,0.8660254037844384,436.0,412.6666666666667,1.5,1.28,0.0,1.16
6,2015-02-08 01:26:02,2015-02-08 02:22:21,68d30a9594728bc39aa24be94b319d21,pizza,1,4.0,3960.0,4.0,580.0,1500.0,94.0,75.0,107.0,56.31666666666667,1,6,1,0.25881904510252074,0.9659258262890683,920.0,990.0,1.0,0.7894736842105263,19.0,1.1263157894736842
1,2015-02-07 01:22:57,2015-02-07 02:45:47,db2b4182156b2f1f817860ac9f409ad7,chinese,5,15.0,9700.0,6.0,150.0,1000.0,0.0,0.0,0.0,82.83333333333333,1,5,1,0.25881904510252074,0.9659258262890683,850.0,646.6666666666666,2.5,0.0,0.0,0.0
4,2015-02-01 16:32:29,2015-02-01 17:17:02,e2e5096d574976e8f115a8f1e0ffb52b,american,1,2.0,1694.0,2.0,495.0,1199.0,8.0,3.0,3.0,44.55,16,6,1,-0.8660254037844384,-0.5000000000000004,704.0,847.0,1.0,0.3333333333333333,5.0,0.3333333333333333
6,2015-02-05 03:22:29,2015-02-05 04:57:07,817c99c4861918e518dca75d712983eb,other,3,2.0,1300.0,2.0,650.0,650.0,37.0,34.0,41.0,94.63333333333334,3,3,0,0.7071067811865475,0.7071067811865476,0.0,650.0,1.0,0.8947368421052632,3.0,1.0789473684210527
1,2015-01-23 02:17:44,2015-01-23 02:58:14,5129a5ddcd0dcd755232baa04c231698,italian,3,2.0,3697.0,2.0,1399.0,1899.0,69.0,68.0,70.0,40.5,2,4,0,0.49999999999999994,0.8660254037844387,500.0,1848.5,1.0,0.9714285714285714,1.0,1.0
4,2015-01-28 02:35:56,2015-01-28 03:18:25,a3f390d88e4c41f2747bfa2f1b5f87db,other,3,2.0,1400.0,2.0,350.0,1050.0,114.0,108.0,167.0,42.483333333333334,2,2,0,0.49999999999999994,0.8660254037844387,700.0,700.0,1.0,0.9391304347826087,6.0,1.4521739130434783
3,2015-01-28 02:43:32,2015-01-28 03:14:30,e57edfc7529f0c7b21788231308caeab,thai,3,2.0,2125.0,2.0,975.0,1150.0,16.0,17.0,20.0,30.966666666666665,2,2,0,0.49999999999999994,0.8660254037844387,175.0,1062.5,1.0,1.0,0.0,1.1764705882352942
1,2015-02-09 02:26:36,2015-02-09 03:22:49,83f344600d15cbf1ed5cb005db32f994,vietnamese,1,2.0,2140.0,2.0,1050.0,1090.0,63.0,61.0,91.0,56.21666666666667,2,0,0,0.49999999999999994,0.8660254037844387,40.0,1070.0,1.0,0.953125,2.0,1.421875
6,2015-02-10 03:40:07,2015-02-10 04:21:16,c68bd9055776bf38d8fc43c0ed283678,other,3,5.0,4535.0,4.0,125.0,1495.0,37.0,34.0,41.0,41.15,3,1,0,0.7071067811865475,0.7071067811865476,1370.0,907.0,1.25,0.8947368421052632,3.0,1.0789473684210527
1,2015-01-25 03:44:19,2015-01-25 04:34:40,62161512d8b1b5db826778917e974b21,pizza,1,3.0,2053.0,2.0,229.0,1275.0,66.0,66.0,79.0,50.35,3,6,1,0.7071067811865475,0.7071067811865476,1046.0,684.3333333333334,1.5,0.9850746268656716,0.0,1.1791044776119404
3,2015-01-30 02:42:35,2015-01-30 03:51:09,de1d5674932fce63c24dc80f6f1ffe9f,american,1,2.0,2507.0,2.0,969.0,1079.0,5.0,5.0,7.0,68.56666666666666,2,4,0,0.49999999999999994,0.8660254037844387,110.0,1253.5,1.0,0.8333333333333334,0.0,1.1666666666666667
1,2015-02-01 02:31:10,2015-02-01 03:24:30,43b52842663fa6e4100c72751d08de6f,pizza,1,3.0,4850.0,3.0,750.0,1800.0,25.0,25.0,28.0,53.333333333333336,2,6,1,0.49999999999999994,0.8660254037844387,1050.0,1616.6666666666667,1.0,0.9615384615384616,0.0,1.0769230769230769
5,2015-01-30 21:21:27,2015-01-30 21:44:30,a431593a04b99572ab390b80e596b75e,japanese,2,2.0,2190.0,2.0,1095.0,1095.0,13.0,9.0,9.0,23.05,21,4,0,-0.7071067811865477,0.7071067811865474,0.0,1095.0,1.0,0.6428571428571429,4.0,0.6428571428571429
1,2015-01-30 21:25:24,2015-01-30 22:00:29,ab0590a53625f02c33db3355d65bcee3,mexican,5,4.0,1775.0,3.0,175.0,750.0,21.0,20.0,26.0,35.083333333333336,21,4,0,-0.7071067811865477,0.7071067811865474,575.0,443.75,1.3333333333333333,0.9090909090909091,1.0,1.1818181818181819
4,2015-02-05 19:32:41,2015-02-05 20:29:25,68d30a9594728bc39aa24be94b319d21,other,1,3.0,1960.0,3.0,580.0,800.0,76.0,73.0,136.0,56.733333333333334,19,3,0,-0.9659258262890684,0.2588190451025203,220.0,653.3333333333334,1.0,0.948051948051948,3.0,1.7662337662337662
1,2015-01-24 00:11:23,2015-01-24 00:47:08,c75b6f114c23a4d7ea11331e7c00e73c,american,1,1.0,1200.0,1.0,1200.0,1200.0,15.0,9.0,9.0,35.75,0,5,1,0.0,1.0,0.0,1200.0,1.0,0.5625,6.0,0.5625
1,2015-02-15 22:45:29,2015-02-15 23:59:44,2c2fb9efd4b8a1f837bf47004a49ce45,pizza,6,2.0,1590.0,1.0,795.0,795.0,15.0,13.0,8.0,74.25,22,6,1,-0.5000000000000004,0.8660254037844384,0.0,795.0,2.0,0.8125,2.0,0.5
1,2015-02-14 17:28:27,2015-02-14 18:03:19,c26820b8a4c1b3c2aa868d6d57e14a79,mexican,5,2.0,1775.0,2.0,500.0,1200.0,4.0,4.0,6.0,34.86666666666667,17,5,1,-0.9659258262890683,-0.25881904510252063,700.0,887.5,1.0,0.8,0.0,1.2
4,2015-02-05 00:08:47,2015-02-05 00:54:29,e723e2ae3e04e8028e119ee592e81974,unknown,1,2.0,2258.0,2.0,1029.0,1129.0,6.0,4.0,4.0,45.7,0,3,0,0.0,1.0,100.0,1129.0,1.0,0.5714285714285714,2.0,0.5714285714285714
1,2015-02-07 03:25:20,2015-02-07 04:24:05,445448cfb89afd8e924daec8a53ddd16,dessert,5,3.0,1800.0,1.0,600.0,600.0,24.0,24.0,36.0,58.75,3,5,1,0.7071067811865475,0.7071067811865476,0.0,600.0,3.0,0.96,0.0,1.44
6,2015-01-24 18:26:56,2015-01-24 19:00:59,5ffaa9f5182c2a36843f438bb1fdbdea,burger,3,3.0,4355.0,2.0,1145.0,1605.0,37.0,34.0,41.0,34.05,18,5,1,-1.0,-1.8369701987210297e-16,460.0,1451.6666666666667,1.5,0.8947368421052632,3.0,1.0789473684210527
4,2015-02-04 03:37:59,2015-02-04 04:36:57,e21e4e58ad9ab56e8a4634046da90113,japanese,3,3.0,3765.0,3.0,165.0,2600.0,81.0,71.0,105.0,58.96666666666667,3,2,0,0.7071067811865475,0.7071067811865476,2435.0,1255.0,1.0,0.8658536585365854,10.0,1.2804878048780488
4,2015-01-21 20:15:21,2015-01-21 20:55:17,6f4922f45568161a8cdf4ad2299f6d23,other,3,2.0,1700.0,2.0,350.0,1050.0,70.0,69.0,113.0,39.93333333333333,20,2,0,-0.8660254037844386,0.5000000000000001,700.0,850.0,1.0,0.971830985915493,1.0,1.591549295774648
4,2015-01-25 00:28:40,2015-01-25 00:59:48,bf5cd8b2509011b9502a72296edc14a0,other,3,1.0,895.0,1.0,695.0,695.0,53.0,88.0,35.0,31.133333333333333,0,6,1,0.0,1.0,0.0,895.0,1.0,1.6296296296296295,0.0,0.6481481481481481
2,2015-02-01 01:15:59,2015-02-01 02:17:18,f73b76ce8949fe29bf2a537cfa420e8f,burger,5,4.0,2347.0,4.0,249.0,649.0,61.0,48.0,57.0,61.31666666666667,1,6,1,0.25881904510252074,0.9659258262890683,400.0,586.75,1.0,0.7741935483870968,13.0,0.9193548387096774
4,2015-02-12 19:44:03,2015-02-12 20:29:54,93db85ed909c13838ff95ccfa94cebd9,mexican,3,3.0,1266.0,1.0,322.0,322.0,82.0,79.0,148.0,45.85,19,3,0,-0.9659258262890684,0.2588190451025203,0.0,422.0,3.0,0.9518072289156626,3.0,1.783132530120482
2,2015-01-28 01:55:18,2015-01-28 02:47:59,485843481a7edacbfce101ecb1e4d2a8,barbecue,1,1.0,990.0,1.0,695.0,695.0,96.0,91.0,125.0,52.68333333333333,1,2,0,0.25881904510252074,0.9659258262890683,0.0,990.0,1.0,0.9381443298969072,5.0,1.288659793814433
3,2015-01-29 01:31:35,2015-01-29 02:12:22,a0cb7709c09ff314737732c317c87039,italian,3,4.0,4480.0,3.0,895.0,1395.0,10.0,10.0,6.0,40.78333333333333,1,3,0,0.25881904510252074,0.9659258262890683,500.0,1120.0,1.3333333333333333,0.9090909090909091,0.0,0.5454545454545454
4,2015-01-25 18:31:50,2015-01-25 19:08:05,e2e5096d574976e8f115a8f1e0ffb52b,american,1,2.0,1994.0,2.0,995.0,999.0,24.0,61.0,12.0,36.25,18,6,1,-1.0,-1.8369701987210297e-16,4.0,997.0,1.0,2.44,0.0,0.48
6,2015-01-30 23:06:41,2015-01-30 23:35:24,471c75ee6643a10934502bdafee198fb,mexican,2,1.0,1425.0,1.0,1025.0,1025.0,14.0,12.0,12.0,28.716666666666665,23,4,0,-0.25881904510252157,0.9659258262890681,0.0,1425.0,1.0,0.8,2.0,0.8
1,2015-02-01 04:20:14,2015-02-01 04:44:53,eef83da5f4bf1168b71baec76e8d17cb,mexican,5,4.0,1435.0,3.0,150.0,695.0,43.0,36.0,35.0,24.65,4,6,1,0.8660254037844386,0.5000000000000001,545.0,358.75,1.3333333333333333,0.8181818181818182,7.0,0.7954545454545454
1,2015-01-23 06:24:22,2015-01-23 06:52:17,972a8c3bc82fbee8f38bdb3edd3a3ff5,chinese,2,2.0,1205.0,2.0,370.0,710.0,4.0,2.0,2.0,27.916666666666668,6,4,0,1.0,6.123233995736766e-17,340.0,602.5,1.0,0.4,2.0,0.4
2,2015-02-05 02:05:45,2015-02-05 02:34:10,2a34abd6ebbd7fcf5a4421229c946c0a,barbecue,3,3.0,2515.0,3.0,295.0,1325.0,108.0,82.0,129.0,28.416666666666668,2,3,0,0.49999999999999994,0.8660254037844387,1030.0,838.3333333333334,1.0,0.7522935779816514,26.0,1.18348623853211
4,2015-01-27 03:55:48,2015-01-27 04:42:34,812b4ba287f5ee0bc9d43bbf5bbe87fb,other,3,2.0,2800.0,2.0,1200.0,1600.0,74.0,129.0,89.0,46.766666666666666,3,1,0,0.7071067811865475,0.7071067811865476,400.0,1400.0,1.0,1.72,0.0,1.1866666666666668
1,2015-02-07 02:44:22,2015-02-07 03:25:45,4b4edc2630fe75800ddc29a7b4070add,japanese,1,4.0,3296.0,4.0,599.0,1199.0,68.0,69.0,79.0,41.38333333333333,2,5,1,0.49999999999999994,0.8660254037844387,600.0,824.0,1.0,1.0,0.0,1.144927536231884
5,2015-02-18 02:28:18,2015-02-18 03:34:13,a4386074563e9fcd8a963391c8a32224,fast,4,3.0,1087.0,3.0,199.0,499.0,18.0,12.0,15.0,65.91666666666667,2,2,0,0.49999999999999994,0.8660254037844387,300.0,362.3333333333333,1.0,0.631578947368421,6.0,0.7894736842105263
4,2015-01-22 02:00:25,2015-01-22 02:45:56,03afdbd66e7929b125f8597834fa83a4,other,3,5.0,4890.0,5.0,600.0,1265.0,96.0,100.0,158.0,45.516666666666666,2,3,0,0.49999999999999994,0.8660254037844387,665.0,978.0,1.0,1.0309278350515463,0.0,1.6288659793814433
4,2015-02-10 02:03:11,2015-02-10 02:52:03,65699726a3c601b9f31bf04019c8593c,thai,1,5.0,3980.0,5.0,200.0,1195.0,51.0,50.0,77.0,48.86666666666667,2,1,0,0.49999999999999994,0.8660254037844387,995.0,796.0,1.0,0.9615384615384616,1.0,1.4807692307692308
2,2015-02-02 19:59:09,2015-02-02 20:38:30,816b112c6105b3ebd537828a39af4818,mexican,1,1.0,895.0,1.0,895.0,895.0,46.0,40.0,37.0,39.35,19,0,0,-0.9659258262890684,0.2588190451025203,0.0,895.0,1.0,0.851063829787234,6.0,0.7872340425531915
6,2015-02-06 02:01:21,2015-02-06 02:43:55,be7485be5b6eb3690efcbc9e95e8f15a,mexican,5,3.0,1215.0,3.0,95.0,850.0,37.0,34.0,41.0,42.56666666666667,2,4,0,0.49999999999999994,0.8660254037844387,755.0,405.0,1.0,0.8947368421052632,3.0,1.0789473684210527
2,2015-01-26 04:46:32,2015-01-26 05:09:22,839ab46820b524afda05122893c2fe8e,chinese,3,1.0,995.0,1.0,995.0,995.0,24.0,52.0,34.0,22.833333333333332,4,0,0,0.8660254037844386,0.5000000000000001,0.0,995.0,1.0,2.08,0.0,1.36
1,2015-02-15 01:31:56,2015-02-15 02:56:11,d74a214501c1c40b2c77e995082f3587,other,1,1.0,1900.0,1.0,1900.0,1900.0,20.0,19.0,16.0,84.25,1,6,1,0.25881904510252074,0.9659258262890683,0.0,1900.0,1.0,0.9047619047619048,1.0,0.7619047619047619
3,2015-02-10 02:08:52,2015-02-10 03:00:04,a226e450e214f350856e2980b6e55ac9,other,1,6.0,5865.0,6.0,695.0,1290.0,39.0,40.0,46.0,51.2,2,1,0,0.49999999999999994,0.8660254037844387,595.0,977.5,1.0,1.0,0.0,1.15
2,2015-02-11 20:58:27,2015-02-11 21:47:17,594ca7adb3277c51a998252e2d4c906e,american,1,4.0,3716.0,2.0,759.0,899.0,37.0,38.0,48.0,48.833333333333336,20,2,0,-0.8660254037844386,0.5000000000000001,140.0,929.0,2.0,1.0,0.0,1.263157894736842
1,2015-02-11 20:17:10,2015-02-11 21:22:17,90aef91f0d9e7c3be322bd7bae41617d,japanese,1,10.0,7690.0,8.0,349.0,1299.0,31.0,31.0,30.0,65.11666666666666,20,2,0,-0.8660254037844386,0.5000000000000001,950.0,769.0,1.25,0.96875,0.0,0.9375
2,2015-01-25 18:03:22,2015-01-25 18:30:41,8efb100a295c0c690931222ff4467bb8,dessert,1,11.0,6450.0,5.0,300.0,850.0,11.0,33.0,11.0,27.316666666666666,18,6,1,-1.0,-1.8369701987210297e-16,550.0,586.3636363636364,2.2,2.75,0.0,0.9166666666666666
4,2015-01-29 18:50:47,2015-01-29 19:26:21,a3788c8c64fd65c470e23e7534c3ebc8,other,4,3.0,845.0,2.0,175.0,345.0,47.0,35.0,78.0,35.56666666666667,18,3,0,-1.0,-1.8369701987210297e-16,170.0,281.6666666666667,1.5,0.7291666666666666,12.0,1.625
5,2015-02-11 00:38:37,2015-02-11 01:57:50,341c1d108df518a9ad0047345b7b641a,fast,4,3.0,579.0,2.0,100.0,259.0,7.0,8.0,7.0,79.21666666666667,0,2,0,0.0,1.0,159.0,193.0,1.5,1.0,0.0,0.875
5,2015-02-01 01:56:47,2015-02-01 02:59:45,0d6d4bd865309c75246109d2d83a5fb6,pizza,5,3.0,4600.0,3.0,1072.0,1464.0,23.0,21.0,25.0,62.96666666666667,1,6,1,0.25881904510252074,0.9659258262890683,392.0,1533.3333333333333,1.0,0.875,2.0,1.0416666666666667
5,2015-02-07 04:07:13,2015-02-07 04:55:45,af94ed0d6f5acc95f97170e3685f16c0,other,3,3.0,1465.0,3.0,275.0,895.0,24.0,24.0,35.0,48.53333333333333,4,5,1,0.8660254037844386,0.5000000000000001,620.0,488.3333333333333,1.0,0.96,0.0,1.4
2,2015-02-17 04:59:22,2015-02-17 05:22:53,1385974ed5904a438616ff7bdb3f7439,mexican,5,6.0,1635.0,6.0,149.0,749.0,52.0,47.0,51.0,23.516666666666666,4,1,0,0.8660254037844386,0.5000000000000001,600.0,272.5,1.0,0.8867924528301887,5.0,0.9622641509433962
5,2015-01-25 02:11:21,2015-01-25 03:39:16,066f182b787111ed4cb65ed437f0855b,chinese,4,3.0,2940.0,3.0,895.0,1050.0,45.0,55.0,51.0,87.91666666666667,2,6,1,0.49999999999999994,0.8660254037844387,155.0,980.0,1.0,1.1956521739130435,0.0,1.108695652173913
4,2015-01-23 02:28:57,2015-01-23 02:58:38,924d312b3b6128ecf9a73549fab9baca,japanese,1,3.0,2340.0,3.0,350.0,1095.0,44.0,23.0,38.0,29.683333333333334,2,4,0,0.49999999999999994,0.8660254037844387,745.0,780.0,1.0,0.5111111111111111,21.0,0.8444444444444444
4,2015-02-10 20:43:41,2015-02-10 21:15:48,24b43fb034a10d78bec71274033b4096,burger,4,5.0,2815.0,3.0,269.0,729.0,32.0,30.0,36.0,32.11666666666667,20,1,0,-0.8660254037844386,0.5000000000000001,460.0,563.0,1.6666666666666667,0.9090909090909091,2.0,1.0909090909090908
4,2015-02-17 19:53:18,2015-02-17 20:52:48,3b3dbaf68507998acd6a5a5254ab2d76,american,1,2.0,2100.0,2.0,160.0,2100.0,37.0,35.0,55.0,59.5,19,1,0,-0.9659258262890684,0.2588190451025203,1940.0,1050.0,1.0,0.9210526315789473,2.0,1.4473684210526316
2,2015-02-07 03:09:05,2015-02-07 04:08:02,50de294b9d4987a3c89b4a5cc4bdea62,indian,2,3.0,2950.0,3.0,950.0,1050.0,131.0,115.0,190.0,58.95,3,5,1,0.7071067811865475,0.7071067811865476,100.0,983.3333333333334,1.0,0.8712121212121212,16.0,1.4393939393939394
1,2015-01-28 18:20:27,2015-01-28 19:03:47,eecccd8ff4107946c78d42265cd474b5,fast,4,1.0,823.0,1.0,495.0,495.0,9.0,9.0,10.0,43.333333333333336,18,2,0,-1.0,-1.8369701987210297e-16,0.0,823.0,1.0,0.9,0.0,1.0
1,2015-01-23 05:17:41,2015-01-23 05:53:48,17c3433fecc21b57000debdf7ad5c930,other,5,2.0,1898.0,2.0,899.0,999.0,8.0,7.0,7.0,36.11666666666667,5,4,0,0.9659258262890683,0.25881904510252074,100.0,949.0,1.0,0.7777777777777778,1.0,0.7777777777777778
1,2015-02-04 02:13:37,2015-02-04 02:56:06,2d13d901966a8eaa7f9c943eba6a540b,japanese,1,4.0,2340.0,4.0,425.0,895.0,11.0,12.0,12.0,42.483333333333334,2,2,0,0.49999999999999994,0.8660254037844387,470.0,585.0,1.0,1.0,0.0,1.0
2,2015-02-17 05:19:19,2015-02-17 05:51:48,50de294b9d4987a3c89b4a5cc4bdea62,indian,2,2.0,1300.0,2.0,350.0,950.0,15.0,9.0,10.0,32.483333333333334,5,1,0,0.9659258262890683,0.25881904510252074,600.0,650.0,1.0,0.5625,6.0,0.625
2,2015-02-12 03:02:18,2015-02-12 03:42:15,8f53295a73878494e9bc8dd6c3c7104f,other,1,1.0,1895.0,1.0,1895.0,1895.0,122.0,105.0,169.0,39.95,3,3,0,0.7071067811865475,0.7071067811865476,0.0,1895.0,1.0,0.8536585365853658,17.0,1.3739837398373984
3,2015-02-18 01:55:07,2015-02-18 02:45:58,3cdb82a314eeef6d77aa4cbacb7280dd,mexican,1,5.0,2345.0,4.0,350.0,1395.0,8.0,7.0,8.0,50.85,1,2,0,0.25881904510252074,0.9659258262890683,1045.0,469.0,1.25,0.7777777777777778,1.0,0.8888888888888888
1,2015-02-11 00:14:42,2015-02-11 00:41:55,41e7637e7b6a9f27a98b84d3a185c7c0,other,1,5.0,3475.0,5.0,395.0,1195.0,13.0,14.0,16.0,27.216666666666665,0,2,0,0.0,1.0,800.0,695.0,1.0,1.0,0.0,1.1428571428571428
3,2015-02-18 02:01:10,2015-02-18 02:28:57,ab9989d9b7160b800aaa1251b561c14d,italian,3,3.0,2897.0,2.0,599.0,1699.0,34.0,29.0,33.0,27.783333333333335,2,2,0,0.49999999999999994,0.8660254037844387,1100.0,965.6666666666666,1.5,0.8285714285714286,5.0,0.9428571428571428
6,2015-02-08 03:03:01,2015-02-08 03:56:18,cbaca3167c8aa7c3352f2e7be9300285,other,2,9.0,6080.0,7.0,200.0,995.0,37.0,34.0,41.0,53.28333333333333,3,6,1,0.7071067811865475,0.7071067811865476,795.0,675.5555555555555,1.2857142857142858,0.8947368421052632,3.0,1.0789473684210527
4,2015-01-26 01:04:01,2015-01-26 01:38:44,cd4bb35c75ba84b4f39e547b1416fd35,dessert,5,1.0,1250.0,1.0,1250.0,1250.0,43.0,61.0,44.0,34.71666666666667,1,0,0,0.25881904510252074,0.9659258262890683,0.0,1250.0,1.0,1.3863636363636365,0.0,1.0
4,2015-02-18 01:27:19,2015-02-18 02:29:56,211c1e0b83b9c69fa9c4bdede203c1e3,other,2,3.0,2015.0,3.0,125.0,825.0,82.0,82.0,127.0,62.61666666666667,1,2,0,0.25881904510252074,0.9659258262890683,700.0,671.6666666666666,1.0,0.9879518072289156,0.0,1.5301204819277108
1,2015-01-21 18:34:15,2015-01-21 19:08:40,856490a8eb25974567e67d4036c3c044,breakfast,1,4.0,1946.0,4.0,299.0,649.0,4.0,4.0,5.0,34.416666666666664,18,2,0,-1.0,-1.8369701987210297e-16,350.0,486.5,1.0,0.8,0.0,1.0
2,2015-01-23 16:20:20,2015-01-23 17:12:31,f7994b515ca5bf8509f99b5e3062e054,breakfast,3,3.0,3085.0,3.0,995.0,1095.0,3.0,3.0,6.0,52.18333333333333,16,4,0,-0.8660254037844384,-0.5000000000000004,100.0,1028.3333333333333,1.0,0.75,0.0,1.5
4,2015-02-07 01:50:51,2015-02-07 02:47:51,74db120f0a8e5646ef5a30154e9f6deb,indian,3,2.0,1970.0,2.0,416.0,1711.0,138.0,74.0,138.0,57.0,1,5,1,0.25881904510252074,0.9659258262890683,1295.0,985.0,1.0,0.5323741007194245,64.0,0.9928057553956835
1,2015-02-05 02:39:06,2015-02-05 03:33:58,1b5230e3ea6d7123847ad55a1e06fffd,pizza,3,2.0,1118.0,2.0,549.0,569.0,46.0,45.0,70.0,54.86666666666667,2,3,0,0.49999999999999994,0.8660254037844387,20.0,559.0,1.0,0.9574468085106383,1.0,1.4893617021276595
2,2015-02-03 02:35:34,2015-02-03 03:27:12,31fefc0e570cb3860f2a6d4b38c6490d,other,5,2.0,1690.0,2.0,795.0,895.0,94.0,96.0,163.0,51.63333333333333,2,1,0,0.49999999999999994,0.8660254037844387,100.0,845.0,1.0,1.0105263157894737,0.0,1.7157894736842105
1,2015-01-23 20:54:48,2015-01-23 21:50:22,e61eaa38aed621dd776d0e67cfeee366,american,1,3.0,2739.0,2.0,221.0,1209.0,38.0,34.0,32.0,55.56666666666667,20,4,0,-0.8660254037844386,0.5000000000000001,988.0,913.0,1.5,0.8717948717948718,4.0,0.8205128205128205
2,2015-01-31 23:54:48,2015-02-01 00:31:40,f5e083092550d2f93898e9829e677e39,fast,3,5.0,2576.0,4.0,199.0,699.0,24.0,17.0,16.0,36.86666666666667,23,5,1,-0.25881904510252157,0.9659258262890681,500.0,515.2,1.25,0.68,7.0,0.64
3,2015-01-23 04:48:00,2015-01-23 05:03:35,99f0e91e4f90ecc1c3bdee598eadca30,fast,4,3.0,845.0,3.0,145.0,400.0,13.0,5.0,5.0,15.583333333333334,4,4,0,0.8660254037844386,0.5000000000000001,255.0,281.6666666666667,1.0,0.35714285714285715,8.0,0.35714285714285715
1,2015-02-03 03:20:03,2015-02-03 04:25:32,0d4f4805c36dc6853edfa4c7e1638b48,burger,1,4.0,1275.0,4.0,180.0,410.0,45.0,47.0,77.0,65.48333333333333,3,1,0,0.7071067811865475,0.7071067811865476,230.0,318.75,1.0,1.0217391304347827,0.0,1.673913043478261
5,2015-02-05 21:41:47,2015-02-05 22:08:42,d2804bda02d05ee5868227fb24f13c98,chinese,4,1.0,1223.0,1.0,1087.0,1143.0,20.0,16.0,24.0,26.916666666666668,21,3,0,-0.7071067811865477,0.7071067811865474,56.0,1223.0,1.0,0.7619047619047619,4.0,1.1428571428571428
2,2015-02-07 03:39:23,2015-02-07 04:31:08,c8ed21db4f678f3b13b9d5ee16489088,indian,3,3.0,3330.0,3.0,620.0,1647.0,129.0,129.39499999998952,228.0,51.75,3,5,1,0.7071067811865475,0.7071067811865476,1027.0,1110.0,1.0,0.9953461538460733,0.0,1.7538461538461538
2,2015-01-22 00:02:16,2015-01-22 00:38:39,dd363b260a3b26e9ebdc93193730e961,dessert,3,2.0,1198.0,1.0,599.0,599.0,28.0,28.0,27.0,36.38333333333333,0,3,0,0.0,1.0,0.0,599.0,2.0,0.9655172413793104,0.0,0.9310344827586207
3,2015-02-06 19:23:28,2015-02-06 20:01:39,3dce18d1998152eeb1b5fe47ab64cf1d,sandwich,3,3.0,1455.0,3.0,110.0,585.0,22.0,20.0,25.0,38.18333333333333,19,4,0,-0.9659258262890684,0.2588190451025203,475.0,485.0,1.0,0.8695652173913043,2.0,1.0869565217391304
6,2015-02-06 21:18:59,2015-02-06 21:52:43,f563f708bcb697a865cb29220f8158d1,thai,3,1.0,1095.0,1.0,1095.0,1095.0,37.0,34.0,41.0,33.733333333333334,21,4,0,-0.7071067811865477,0.7071067811865474,0.0,1095.0,1.0,0.8947368421052632,3.0,1.0789473684210527
4,2015-01-26 04:37:21,2015-01-26 05:16:46,c203d8a151612acf12457e4d67635a95,thai,5,1.0,995.0,1.0,995.0,995.0,40.0,70.0,47.0,39.416666666666664,4,0,0,0.8660254037844386,0.5000000000000001,0.0,995.0,1.0,1.7073170731707317,0.0,1.146341463414634
4,2015-02-08 22:15:20,2015-02-08 23:03:07,e57c6b956a6521b28495f2886ca0977a,other,5,2.0,2148.0,2.0,912.0,1175.0,44.0,39.0,40.0,47.78333333333333,22,6,1,-0.5000000000000004,0.8660254037844384,263.0,1074.0,1.0,0.8666666666666667,5.0,0.8888888888888888
4,2015-02-10 03:34:52,2015-02-10 04:29:42,f340f1b1f65b6df5b5e3f94d95b11daf,indian,3,3.0,1747.0,3.0,249.0,1199.0,74.0,72.0,120.0,54.833333333333336,3,1,0,0.7071067811865475,0.7071067811865476,950.0,582.3333333333334,1.0,0.96,2.0,1.6
5,2015-01-21 21:28:32,2015-01-21 22:05:42,242c1eebf6c9cd4523eb187d543a65b5,american,1,2.0,1720.0,2.0,195.0,1525.0,9.0,3.0,3.0,37.166666666666664,21,2,0,-0.7071067811865477,0.7071067811865474,1330.0,860.0,1.0,0.3,6.0,0.3
4,2015-02-10 21:21:51,2015-02-10 22:01:31,f5aa4bd09c07d8b2f65bad6c7cd3358f,other,2,9.0,3950.0,6.0,375.0,450.0,48.0,43.0,52.0,39.666666666666664,21,1,0,-0.7071067811865477,0.7071067811865474,75.0,438.8888888888889,1.5,0.8775510204081632,5.0,1.0612244897959184
6,2015-01-31 16:25:47,2015-01-31 16:56:11,9fb7b048c96d44a0337f049e0a61ff06,breakfast,1,3.0,3950.0,3.0,1200.0,1400.0,37.0,34.0,41.0,30.4,16,5,1,-0.8660254037844384,-0.5000000000000004,200.0,1316.6666666666667,1.0,0.8947368421052632,3.0,1.0789473684210527
4,2015-02-16 03:22:31,2015-02-16 04:07:28,e0ae4561193dbf6e4cf7e8f4006948e3,chinese,3,3.0,2195.0,3.0,295.0,950.0,10.0,10.0,19.0,44.95,3,0,0,0.7071067811865475,0.7071067811865476,655.0,731.6666666666666,1.0,0.9090909090909091,0.0,1.7272727272727273
2,2015-02-13 03:28:08,2015-02-13 04:43:21,5ef698cd9fe650923ea331c15af3b160,vietnamese,1,3.0,1900.0,2.0,200.0,1500.0,134.0,119.0,198.0,75.21666666666667,3,4,0,0.7071067811865475,0.7071067811865476,1300.0,633.3333333333334,1.5,0.8814814814814815,15.0,1.4666666666666666
2,2015-01-26 22:34:34,2015-01-26 23:14:02,9872ed9fc22fc182d371c3e9ed316094,other,3,1.0,1575.0,1.0,1000.0,1000.0,17.0,27.0,16.0,39.46666666666667,22,0,0,-0.5000000000000004,0.8660254037844384,0.0,1575.0,1.0,1.5,0.0,0.8888888888888888
1,2015-01-22 04:51:26,2015-01-22 05:42:09,01f78be6f7cad02658508fe4616098a9,burger,1,5.0,4255.0,5.0,549.0,1079.0,40.0,25.0,25.0,50.71666666666667,4,3,0,0.8660254037844386,0.5000000000000001,530.0,851.0,1.0,0.6097560975609756,15.0,0.6097560975609756
5,2015-02-15 18:49:32,2015-02-15 19:29:44,596e14c90f7e665cef811c43fd8f2b87,other,4,1.0,799.0,1.0,799.0,799.0,7.0,6.0,7.0,40.2,18,6,1,-1.0,-1.8369701987210297e-16,0.0,799.0,1.0,0.75,1.0,0.875
3,2015-01-23 00:38:47,2015-01-23 00:59:51,0738069b244a1c43c83112b735140a16,american,5,3.0,3500.0,3.0,500.0,1900.0,16.0,5.0,5.0,21.066666666666666,0,4,0,0.0,1.0,1400.0,1166.6666666666667,1.0,0.29411764705882354,11.0,0.29411764705882354
4,2015-02-01 02:30:34,2015-02-01 03:23:12,298f95e1bf9136124592c8d4825a06fc,pizza,3,2.0,1578.0,2.0,499.0,1079.0,69.0,67.0,115.0,52.63333333333333,2,6,1,0.49999999999999994,0.8660254037844387,580.0,789.0,1.0,0.9571428571428572,2.0,1.6428571428571428
4,2015-02-02 02:21:24,2015-02-02 04:22:08,03afdbd66e7929b125f8597834fa83a4,other,3,11.0,6210.0,6.0,340.0,840.0,68.0,63.0,147.0,120.73333333333333,2,0,0,0.49999999999999994,0.8660254037844387,500.0,564.5454545454545,1.8333333333333333,0.9130434782608695,5.0,2.130434782608696
4,2015-01-22 03:47:29,2015-01-22 04:20:11,158f3069a435b314a80bdcb024f8e422,breakfast,3,4.0,2200.0,2.0,450.0,650.0,87.0,67.0,95.0,32.7,3,3,0,0.7071067811865475,0.7071067811865476,200.0,550.0,2.0,0.7613636363636364,20.0,1.0795454545454546
5,2015-01-31 21:51:36,2015-01-31 22:34:26,cac8ec2e0e8d39ca1612df964d942c01,american,4,3.0,1107.0,2.0,159.0,464.0,22.0,20.0,22.0,42.833333333333336,21,5,1,-0.7071067811865477,0.7071067811865474,305.0,369.0,1.5,0.8695652173913043,2.0,0.9565217391304348
2,2015-02-13 03:42:03,2015-02-13 04:29:28,db5f9f42a7157abe65bb145000b5871a,vietnamese,5,1.0,1365.0,1.0,880.0,880.0,132.0,114.0,170.0,47.416666666666664,3,4,0,0.7071067811865475,0.7071067811865476,0.0,1365.0,1.0,0.8571428571428571,18.0,1.2781954887218046
6,2015-02-06 19:12:04,2015-02-06 19:39:51,f6027eaa23d8c01cf1717ad410d1d657,fast,4,9.0,1851.0,5.0,136.0,675.0,37.0,34.0,41.0,27.783333333333335,19,4,0,-0.9659258262890684,0.2588190451025203,539.0,205.66666666666666,1.8,0.8947368421052632,3.0,1.0789473684210527
4,2015-01-23 19:27:37,2015-01-23 20:29:05,31857b449c407203749ae32dd0e7d64a,other,3,1.0,1000.0,1.0,975.0,975.0,33.0,30.0,44.0,61.46666666666667,19,4,0,-0.9659258262890684,0.2588190451025203,0.0,1000.0,1.0,0.8823529411764706,3.0,1.2941176470588236
1,2015-02-12 04:34:30,2015-02-12 05:03:40,8fb276fc273796ca929b7fc45c2bc661,dessert,2,2.0,1130.0,2.0,565.0,565.0,23.0,24.0,27.0,29.166666666666668,4,3,0,0.8660254037844386,0.5000000000000001,0.0,565.0,1.0,1.0,0.0,1.125
4,2015-02-08 03:05:45,2015-02-08 03:41:54,31857b449c407203749ae32dd0e7d64a,other,3,4.0,3075.0,4.0,600.0,975.0,73.0,58.0,100.0,36.15,3,6,1,0.7071067811865475,0.7071067811865476,375.0,768.75,1.0,0.7837837837837838,15.0,1.3513513513513513
1,2015-02-05 02:59:10,2015-02-05 05:19:09,2393d7a6a3258894acc34581978453fa,chinese,2,1.0,600.0,1.0,600.0,600.0,14.0,15.0,32.0,139.98333333333332,2,3,0,0.49999999999999994,0.8660254037844387,0.0,600.0,1.0,1.0,0.0,2.1333333333333333
1,2015-01-31 02:59:15,2015-01-31 03:53:51,2e9fcd6fd4b51d718872c02272648444,fast,4,4.0,1066.0,3.0,129.0,299.0,8.0,9.0,21.0,54.6,2,5,1,0.49999999999999994,0.8660254037844387,170.0,266.5,1.3333333333333333,1.0,0.0,2.3333333333333335
2,2015-01-26 19:29:05,2015-01-26 20:09:43,dab9cfb7282558f06d995e4dcbad5b50,other,3,2.0,1095.0,2.0,165.0,630.0,27.0,36.0,47.0,40.63333333333333,19,0,0,-0.9659258262890684,0.2588190451025203,465.0,547.5,1.0,1.2857142857142858,0.0,1.6785714285714286
1,2015-02-17 03:01:20,2015-02-17 04:29:00,f4d0e2e7fc057a58f7ca4a391f01940a,indian,3,5.0,1975.0,3.0,195.0,1095.0,38.0,37.0,59.0,87.66666666666667,3,1,0,0.7071067811865475,0.7071067811865476,900.0,395.0,1.6666666666666667,0.9487179487179487,1.0,1.5128205128205128
3,2015-02-15 22:56:24,2015-02-15 23:56:45,cabad3b9bc0afe08cd9ec861638ed1d9,pizza,1,1.0,600.0,1.0,600.0,600.0,18.0,18.0,21.0,60.35,22,6,1,-0.5000000000000004,0.8660254037844384,0.0,600.0,1.0,0.9473684210526315,0.0,1.105263157894737
4,2015-01-24 20:12:33,2015-01-24 20:53:54,cf2226ddd41b1a2d0ae51dab54d32c36,fast,3,3.0,2403.0,3.0,399.0,639.0,45.0,71.0,71.0,41.35,20,5,1,-0.8660254037844386,0.5000000000000001,240.0,801.0,1.0,1.5434782608695652,0.0,1.5434782608695652
3,2015-01-27 02:09:40,2015-01-27 03:05:02,bcc226682d1d98b133661163114ba831,other,3,1.0,699.0,1.0,699.0,699.0,0.0,0.0,0.0,55.36666666666667,2,1,0,0.49999999999999994,0.8660254037844387,0.0,699.0,1.0,0.0,0.0,0.0
2,2015-02-17 03:56:33,2015-02-17 04:22:37,4921f95baf824205e1b13f22d60357a1,chinese,3,2.0,1650.0,2.0,700.0,950.0,64.0,48.0,48.0,26.066666666666666,3,1,0,0.7071067811865475,0.7071067811865476,250.0,825.0,1.0,0.7384615384615385,16.0,0.7384615384615385
2,2015-02-08 01:24:59,2015-02-08 01:55:52,31fefc0e570cb3860f2a6d4b38c6490d,other,5,1.0,1195.0,1.0,1195.0,1195.0,100.0,85.0,98.0,30.883333333333333,1,6,1,0.25881904510252074,0.9659258262890683,0.0,1195.0,1.0,0.8415841584158416,15.0,0.9702970297029703
2,2015-02-09 01:47:27,2015-02-09 02:49:53,46031b3d04dc90994ca317a7c55c4289,burger,5,3.0,2290.0,3.0,685.0,880.0,128.0,68.0,121.0,62.43333333333333,1,0,0,0.25881904510252074,0.9659258262890683,195.0,763.3333333333334,1.0,0.5271317829457365,60.0,0.937984496124031
3,2015-02-10 17:07:48,2015-02-10 17:30:16,f8c0e172cbf7b81bb804df0092b53ae9,greek,4,1.0,1000.0,1.0,1000.0,1000.0,6.0,3.0,4.0,22.466666666666665,17,1,0,-0.9659258262890683,-0.25881904510252063,0.0,1000.0,1.0,0.42857142857142855,3.0,0.5714285714285714
4,2015-02-08 02:11:46,2015-02-08 03:26:40,c9f0f895fb98ab9159f51fd0297e236d,salad,2,1.0,1060.0,1.0,765.0,765.0,116.0,105.0,186.0,74.9,2,6,1,0.49999999999999994,0.8660254037844387,0.0,1060.0,1.0,0.8974358974358975,11.0,1.5897435897435896
5,2015-02-01 02:30:12,2015-02-01 03:41:27,273cfc835c96d80d6f1f254d6a8f0ffa,pizza,5,1.0,3335.0,1.0,2335.0,2335.0,22.0,13.0,20.0,71.25,2,6,1,0.49999999999999994,0.8660254037844387,0.0,3335.0,1.0,0.5652173913043478,9.0,0.8695652173913043
2,2015-01-21 20:46:55,2015-01-21 21:46:43,6acb084470c0a8bdf431d5427d1f29bc,italian,1,2.0,1605.0,2.0,595.0,785.0,46.0,47.0,70.0,59.8,20,2,0,-0.8660254037844386,0.5000000000000001,190.0,802.5,1.0,1.0,0.0,1.4893617021276595
1,2015-01-30 02:32:43,2015-01-30 03:07:14,e60e81c4cbe5171cd654662d9887aec2,mediterranean,1,3.0,4157.0,3.0,459.0,2999.0,49.0,49.0,67.0,34.516666666666666,2,4,0,0.49999999999999994,0.8660254037844387,2540.0,1385.6666666666667,1.0,0.98,0.0,1.34
3,2015-01-29 21:21:26,2015-01-29 21:56:09,7e0a0209b929d097bd3e8ef30567a5c1,other,5,3.0,2400.0,3.0,300.0,1500.0,15.0,18.0,19.0,34.71666666666667,21,3,0,-0.7071067811865477,0.7071067811865474,1200.0,800.0,1.0,1.125,0.0,1.1875
4,2015-01-23 00:35:01,2015-01-23 01:12:59,a74c3bae3e13616104c1b25f9da1f11f,burger,4,14.0,7226.0,9.0,249.0,729.0,57.0,21.0,20.0,37.96666666666667,0,4,0,0.0,1.0,480.0,516.1428571428571,1.5555555555555556,0.3620689655172414,36.0,0.3448275862068966
2,2015-01-28 00:20:10,2015-01-28 01:27:34,c44799b04a1c72e3c8593a53e8000c78,other,1,3.0,4585.0,3.0,995.0,1895.0,21.0,18.0,16.0,67.4,0,2,0,0.0,1.0,900.0,1528.3333333333333,1.0,0.8181818181818182,3.0,0.7272727272727273
3,2015-02-09 01:27:56,2015-02-09 02:13:49,1d9e93e74dda5258e7febd6b52502418,other,1,4.0,5696.0,4.0,799.0,2299.0,16.0,10.0,10.0,45.88333333333333,1,0,0,0.25881904510252074,0.9659258262890683,1500.0,1424.0,1.0,0.5882352941176471,6.0,0.5882352941176471
4,2015-02-01 22:47:56,2015-02-01 23:16:56,5352696a9ca3397beb79f116f3a33991,mexican,3,4.0,2296.0,3.0,359.0,829.0,18.0,17.0,31.0,29.0,22,6,1,-0.5000000000000004,0.8660254037844384,470.0,574.0,1.3333333333333333,0.8947368421052632,1.0,1.631578947368421
4,2015-02-07 02:16:24,2015-02-07 03:06:30,ed3d2c21991e3bef5e069713af9fa6ca,other,3,2.0,1900.0,2.0,650.0,1250.0,132.0,88.0,162.0,50.1,2,5,1,0.49999999999999994,0.8660254037844387,600.0,950.0,1.0,0.6616541353383458,44.0,1.218045112781955
6,2015-02-13 02:09:43,2015-02-13 03:04:19,130f1a8e9e102707f3f91b010f151b0b,mexican,3,1.0,991.0,1.0,800.0,908.0,37.0,34.0,41.0,54.6,2,4,0,0.49999999999999994,0.8660254037844387,108.0,991.0,1.0,0.8947368421052632,3.0,1.0789473684210527
2,2015-01-29 02:43:30,2015-01-29 03:29:26,dd363b260a3b26e9ebdc93193730e961,dessert,3,3.0,2397.0,1.0,499.0,499.0,103.0,87.0,126.0,45.93333333333333,2,3,0,0.49999999999999994,0.8660254037844387,0.0,799.0,3.0,0.8365384615384616,16.0,1.2115384615384615
2,2015-01-31 03:36:31,2015-01-31 04:43:42,6c524f9d5d7027454a783c841250ba71,chinese,3,5.0,2965.0,4.0,150.0,1075.0,127.0,122.0,228.0,67.18333333333334,3,5,1,0.7071067811865475,0.7071067811865476,925.0,593.0,1.25,0.953125,5.0,1.78125
2,2015-01-24 02:51:42,2015-01-24 04:11:36,d860edd1dd83b36f02ce52bde626c653,thai,1,2.0,2190.0,2.0,995.0,1195.0,131.0,129.39499999998952,228.0,79.9,2,5,1,0.49999999999999994,0.8660254037844387,200.0,1095.0,1.0,0.9802651515150721,1.6050000000104774,1.7272727272727273
4,2015-02-03 02:13:05,2015-02-03 02:57:01,e07413354875be01a996dc560274708e,thai,3,5.0,4680.0,5.0,200.0,1395.0,69.0,69.0,113.0,43.93333333333333,2,1,0,0.49999999999999994,0.8660254037844387,1195.0,936.0,1.0,0.9857142857142858,0.0,1.6142857142857143
4,2015-01-29 03:21:50,2015-01-29 04:13:44,33e75ff09dd601bbe69f351039152189,thai,5,2.0,1898.0,2.0,899.0,899.0,104.0,90.0,154.0,51.9,3,3,0,0.7071067811865475,0.7071067811865476,0.0,949.0,1.0,0.8571428571428571,14.0,1.4666666666666666
3,2015-02-13 19:57:18,2015-02-13 20:41:51,d0bb8259d8fe3c7df4554dab9d7da3c9,salad,5,2.0,1725.0,2.0,400.0,850.0,22.0,22.0,27.0,44.55,19,4,0,-0.9659258262890684,0.2588190451025203,450.0,862.5,1.0,0.9565217391304348,0.0,1.173913043478261
2,2015-01-25 02:06:56,2015-01-25 02:54:36,a4a042cf4fd6bfb47701cbc8a1653ada,other,1,2.0,1890.0,2.0,795.0,1095.0,106.0,112.0,151.0,47.666666666666664,2,6,1,0.49999999999999994,0.8660254037844387,300.0,945.0,1.0,1.0467289719626167,0.0,1.411214953271028
3,2015-02-07 02:56:22,2015-02-07 03:29:19,6275d7071d005260ab9d0766d6df1145,other,5,1.0,1195.0,1.0,1195.0,1195.0,42.0,42.0,51.0,32.95,2,5,1,0.49999999999999994,0.8660254037844387,0.0,1195.0,1.0,0.9767441860465116,0.0,1.186046511627907
1,2015-02-03 18:59:36,2015-02-03 19:55:11,fa3a3c407f82377f55c19c5d403335c7,american,1,1.0,1449.0,1.0,1199.0,1199.0,0.0,0.0,0.0,55.583333333333336,18,1,0,-1.0,-1.8369701987210297e-16,0.0,1449.0,1.0,0.0,0.0,0.0
4,2015-02-02 01:54:59,2015-02-02 03:59:21,fc8001f834f6a5f0561080d134d53d29,other,3,2.0,1120.0,2.0,395.0,495.0,58.0,58.0,104.0,124.36666666666666,1,0,0,0.25881904510252074,0.9659258262890683,100.0,560.0,1.0,0.9830508474576272,0.0,1.7627118644067796
6,2015-02-10 03:06:00,2015-02-10 03:48:19,fab6cdec3712c24619019567ac26c060,thai,5,5.0,3540.0,4.0,200.0,1095.0,37.0,34.0,41.0,42.31666666666667,3,1,0,0.7071067811865475,0.7071067811865476,895.0,708.0,1.25,0.8947368421052632,3.0,1.0789473684210527
1,2015-01-30 01:23:36,2015-01-30 02:08:01,8d34201a5b85900908db6cae92723617,american,5,2.0,1800.0,2.0,450.0,1350.0,28.0,26.0,31.0,44.416666666666664,1,4,0,0.25881904510252074,0.9659258262890683,900.0,900.0,1.0,0.896551724137931,2.0,1.0689655172413792
3,2015-02-07 02:15:15,2015-02-07 02:48:32,a495eebbfa243b79c5b9b224c482d0c2,japanese,1,7.0,5724.0,7.0,693.0,1363.0,21.0,23.0,29.0,33.28333333333333,2,5,1,0.49999999999999994,0.8660254037844387,670.0,817.7142857142857,1.0,1.0454545454545454,0.0,1.3181818181818181
5,2015-02-14 03:32:07,2015-02-14 04:26:00,3ebd728de6fa78aa8bc932e9abece9c0,other,3,2.0,3590.0,2.0,1395.0,2195.0,64.0,62.0,112.0,53.88333333333333,3,5,1,0.7071067811865475,0.7071067811865476,800.0,1795.0,1.0,0.9538461538461539,2.0,1.7230769230769232
3,2015-01-26 00:53:01,2015-01-26 01:36:03,10976997a55826d2efd10358e23511de,pizza,3,3.0,4456.0,3.0,1079.0,1499.0,37.0,34.0,41.0,43.03333333333333,0,0,0,0.0,1.0,420.0,1485.3333333333333,1.0,0.8947368421052632,3.0,1.0789473684210527
4,2015-01-24 20:05:00,2015-01-24 20:45:44,69d1fc78dbda242c43ad6590368912d4,other,3,2.0,2800.0,2.0,1100.0,1700.0,29.0,44.0,40.0,40.733333333333334,20,5,1,-0.8660254037844386,0.5000000000000001,600.0,1400.0,1.0,1.4666666666666666,0.0,1.3333333333333333
2,2015-01-31 23:47:39,2015-02-01 00:21:14,908c9a564a86426585b29f5335b619bc,barbecue,1,5.0,7765.0,3.0,995.0,1695.0,23.0,18.0,17.0,33.583333333333336,23,5,1,-0.25881904510252157,0.9659258262890681,700.0,1553.0,1.6666666666666667,0.75,5.0,0.7083333333333334
6,2015-01-25 01:13:31,2015-01-25 01:53:45,0b1a9804a1661ef758a1f76011b7ceb8,pizza,1,3.0,3350.0,2.0,500.0,1300.0,37.0,34.0,41.0,40.233333333333334,1,6,1,0.25881904510252074,0.9659258262890683,800.0,1116.6666666666667,1.5,0.8947368421052632,3.0,1.0789473684210527
1,2015-02-14 01:36:50,2015-02-14 02:48:38,a7974b664364f1655de4ae0484a7bcaf,dessert,3,6.0,2194.0,6.0,199.0,599.0,7.0,7.0,8.0,71.8,1,5,1,0.25881904510252074,0.9659258262890683,400.0,365.6666666666667,1.0,0.875,0.0,1.0
5,2015-01-30 22:01:58,2015-01-30 22:28:08,a77fee56f3b23fc8cb33e04f4d05132a,mediterranean,1,1.0,899.0,1.0,899.0,899.0,13.0,8.0,9.0,26.166666666666668,22,4,0,-0.5000000000000004,0.8660254037844384,0.0,899.0,1.0,0.5714285714285714,5.0,0.6428571428571429
2,2015-02-18 00:51:20,2015-02-18 01:52:25,06409663226af2f3114485aa4e0a23b4,american,5,3.0,1965.0,3.0,195.0,1045.0,17.0,16.0,20.0,61.083333333333336,0,2,0,0.0,1.0,850.0,655.0,1.0,0.8888888888888888,1.0,1.1111111111111112
6,2015-02-16 21:59:42,2015-02-16 22:37:42,76d7c0780ceb8fbf964c102ebc16d75f,other,1,2.0,2400.0,1.0,1200.0,1200.0,37.0,34.0,41.0,38.0,21,0,0,-0.7071067811865477,0.7071067811865474,0.0,1200.0,2.0,0.8947368421052632,3.0,1.0789473684210527
1,2015-02-11 04:01:54,2015-02-11 05:01:55,db8419f41d890df802dca330e6284952,japanese,1,6.0,5110.0,6.0,625.0,1095.0,44.0,44.0,47.0,60.016666666666666,4,2,0,0.8660254037844386,0.5000000000000001,470.0,851.6666666666666,1.0,0.9777777777777777,0.0,1.0444444444444445
5,2015-01-28 03:33:47,2015-01-28 04:08:21,8b16ef0e8dc41ac2f4d58e0a45621922,pizza,3,3.0,3596.0,3.0,399.0,2199.0,17.0,16.0,21.0,34.56666666666667,3,2,0,0.7071067811865475,0.7071067811865476,1800.0,1198.6666666666667,1.0,0.8888888888888888,1.0,1.1666666666666667
3,2015-01-26 17:38:07,2015-01-26 18:18:56,367147f1755502d9bc6189f8e2c3005d,breakfast,1,1.0,495.0,1.0,495.0,495.0,3.0,4.0,5.0,40.81666666666667,17,0,0,-0.9659258262890683,-0.25881904510252063,0.0,495.0,1.0,1.0,0.0,1.25
2,2015-01-22 02:56:08,2015-01-22 04:09:54,ec5decca5ed3d6b8079e2e7e7bacc9f2,pizza,3,2.0,3900.0,2.0,1725.0,1825.0,59.0,56.0,76.0,73.76666666666667,2,3,0,0.49999999999999994,0.8660254037844387,100.0,1950.0,1.0,0.9333333333333333,3.0,1.2666666666666666
3,2015-01-25 02:57:10,2015-01-25 03:38:19,bf9ce4f69ab045fb497f79b7b5d7622e,italian,3,2.0,2990.0,2.0,1095.0,1895.0,26.0,26.0,34.0,41.15,2,6,1,0.49999999999999994,0.8660254037844387,800.0,1495.0,1.0,0.9629629629629629,0.0,1.2592592592592593
2,2015-01-25 01:24:34,2015-01-25 02:10:13,37bc2f75bf1bcfe8450a1a41c200364c,mexican,1,9.0,6388.0,7.0,150.0,1749.0,65.0,89.0,87.0,45.65,1,6,1,0.25881904510252074,0.9659258262890683,1599.0,709.7777777777778,1.2857142857142858,1.3484848484848484,0.0,1.3181818181818181
2,2015-02-18 02:05:46,2015-02-18 02:23:06,81d36e0c6ae485f2a087864badfdc202,mexican,5,6.0,2694.0,5.0,149.0,699.0,101.0,82.0,110.0,17.333333333333332,2,2,0,0.49999999999999994,0.8660254037844387,550.0,449.0,1.2,0.803921568627451,19.0,1.0784313725490196
2,2015-01-31 18:50:21,2015-01-31 19:20:54,d43ab110ab2489d6b9b2caa394bf920f,mexican,5,2.0,1074.0,2.0,225.0,799.0,38.0,38.0,44.0,30.55,18,5,1,-1.0,-1.8369701987210297e-16,574.0,537.0,1.0,0.9743589743589743,0.0,1.1282051282051282
4,2015-01-22 23:28:17,2015-01-22 23:58:52,c20ad4d76fe97759aa27a0c99bff6710,vietnamese,5,2.0,1615.0,2.0,795.0,795.0,20.0,19.0,23.0,30.583333333333332,23,3,0,-0.25881904510252157,0.9659258262890681,0.0,807.5,1.0,0.9047619047619048,1.0,1.0952380952380953
2,2015-02-14 03:36:59,2015-02-14 04:42:06,26b58a41da329e0cbde0cbf956640a58,mexican,1,1.0,799.0,1.0,799.0,799.0,141.0,129.39499999998952,228.0,65.11666666666666,3,5,1,0.7071067811865475,0.7071067811865476,0.0,799.0,1.0,0.9112323943661234,11.605000000010477,1.6056338028169015
4,2015-02-15 18:50:43,2015-02-15 19:37:01,e8792705b5cea2f03388f86885f645a3,breakfast,3,3.0,3560.0,3.0,1175.0,1200.0,16.0,15.0,16.0,46.3,18,6,1,-1.0,-1.8369701987210297e-16,25.0,1186.6666666666667,1.0,0.8823529411764706,1.0,0.9411764705882353
6,2015-02-02 03:40:10,2015-02-02 04:31:14,fd69dbe29f156a7ef876a40a94f65599,dessert,5,2.0,2500.0,2.0,1150.0,1350.0,37.0,34.0,41.0,51.06666666666667,3,0,0,0.7071067811865475,0.7071067811865476,200.0,1250.0,1.0,0.8947368421052632,3.0,1.0789473684210527
2,2015-02-15 00:12:05,2015-02-15 00:51:42,d03a857a23b5285736c4d55e0bb067c8,pizza,3,1.0,845.0,1.0,845.0,845.0,52.0,51.0,69.0,39.61666666666667,0,6,1,0.0,1.0,0.0,845.0,1.0,0.9622641509433962,1.0,1.3018867924528301
3,2015-01-27 20:32:07,2015-01-27 21:08:36,fed02ce0e96f989ec31e4eb6596bb06e,burger,4,2.0,1660.0,2.0,590.0,695.0,1.0,0.0,0.0,36.483333333333334,20,1,0,-0.8660254037844386,0.5000000000000001,105.0,830.0,1.0,0.0,1.0,0.0
3,2015-01-31 03:51:33,2015-01-31 04:23:06,ae3539867aaeec609a4260c6feb725f4,american,1,2.0,3000.0,2.0,700.0,1600.0,16.0,12.0,10.0,31.55,3,5,1,0.7071067811865475,0.7071067811865476,900.0,1500.0,1.0,0.7058823529411765,4.0,0.5882352941176471
3,2015-01-22 04:06:57,2015-01-22 04:29:58,35c5a2cb362c4d214156f930e7d13252,barbecue,2,1.0,1275.0,1.0,1200.0,1200.0,34.0,26.0,24.0,23.016666666666666,4,3,0,0.8660254037844386,0.5000000000000001,0.0,1275.0,1.0,0.7428571428571429,8.0,0.6857142857142857
3,2015-01-24 02:23:06,2015-01-24 03:02:02,cb3213ada48302953cb0f166464ab356,mexican,1,2.0,2290.0,2.0,795.0,1295.0,61.0,61.0,64.0,38.93333333333333,2,5,1,0.49999999999999994,0.8660254037844387,500.0,1145.0,1.0,0.9838709677419355,0.0,1.032258064516129
6,2015-02-11 00:32:41,2015-02-11 01:11:02,6a9c2c5b1ab7052170218c0924b51953,fast,4,2.0,1597.0,2.0,741.0,856.0,37.0,34.0,41.0,38.35,0,2,0,0.0,1.0,115.0,798.5,1.0,0.8947368421052632,3.0,1.0789473684210527
4,2015-01-22 03:27:15,2015-01-22 04:30:40,98f13708210194c475687be6106a3b84,mediterranean,2,2.0,2290.0,2.0,895.0,1395.0,105.0,90.0,139.0,63.416666666666664,3,3,0,0.7071067811865475,0.7071067811865476,500.0,1145.0,1.0,0.8490566037735849,15.0,1.3113207547169812
2,2015-02-15 04:10:59,2015-02-15 05:17:33,3a66aff309d35319563fa0b81887d58b,indian,3,7.0,4196.0,6.0,0.0,1099.0,115.0,113.0,187.0,66.56666666666666,4,6,1,0.8660254037844386,0.5000000000000001,1099.0,599.4285714285714,1.1666666666666667,0.9741379310344828,2.0,1.6120689655172413
2,2015-02-18 01:49:34,2015-02-18 02:38:40,f0837f171aae7ccf1a8909b6a0cc3559,mexican,2,2.0,1825.0,2.0,240.0,325.0,89.0,76.0,100.0,49.1,1,2,0,0.25881904510252074,0.9659258262890683,85.0,912.5,1.0,0.8444444444444444,13.0,1.1111111111111112
3,2015-02-16 22:18:01,2015-02-16 22:57:22,af5baf594e9197b43c9f26f17b205e5b,japanese,1,7.0,3705.0,5.0,179.0,799.0,8.0,8.0,10.0,39.35,22,0,0,-0.5000000000000004,0.8660254037844384,620.0,529.2857142857143,1.4,0.8888888888888888,0.0,1.1111111111111112
2,2015-02-13 01:16:25,2015-02-13 01:58:58,96da2b03702bc83befbc41bb870e81ca,unknown,3,5.0,3590.0,5.0,150.0,995.0,62.0,50.0,68.0,42.55,1,4,0,0.25881904510252074,0.9659258262890683,845.0,718.0,1.0,0.7936507936507936,12.0,1.0793650793650793
3,2015-01-27 02:20:49,2015-01-27 03:10:29,4e2a6330465c8ffcaa696a5a16639176,chinese,3,4.0,3875.0,4.0,475.0,1175.0,47.0,46.0,52.0,49.666666666666664,2,1,0,0.49999999999999994,0.8660254037844387,700.0,968.75,1.0,0.9583333333333334,1.0,1.0833333333333333
4,2015-01-26 20:14:08,2015-01-26 21:29:51,7a414e206919e1bec6229cad4006983b,thai,2,9.0,9485.0,7.0,970.0,1125.0,36.0,57.0,49.0,75.71666666666667,20,0,0,-0.8660254037844386,0.5000000000000001,155.0,1053.888888888889,1.2857142857142858,1.5405405405405406,0.0,1.3243243243243243
2,2015-02-11 20:17:29,2015-02-11 21:07:40,4c144c47ecba6f8318128703ca9e2601,breakfast,2,8.0,2949.0,4.0,125.0,799.0,66.0,57.0,85.0,50.18333333333333,20,2,0,-0.8660254037844386,0.5000000000000001,674.0,368.625,2.0,0.8507462686567164,9.0,1.2686567164179106
4,2015-01-23 02:59:09,2015-01-23 03:47:36,6a2feef8ed6a9fe76d6b3f30f02150b4,indian,3,2.0,1750.0,2.0,500.0,1250.0,70.0,72.0,108.0,48.45,2,4,0,0.49999999999999994,0.8660254037844387,750.0,875.0,1.0,1.0140845070422535,0.0,1.5211267605633803
3,2015-01-23 02:14:07,2015-01-23 02:52:02,9d4c03631b8b0c85ae08bf05eda37d0f,mediterranean,1,1.0,1050.0,1.0,1050.0,1050.0,21.0,18.0,16.0,37.916666666666664,2,4,0,0.49999999999999994,0.8660254037844387,0.0,1050.0,1.0,0.8181818181818182,3.0,0.7272727272727273
2,2015-01-25 23:30:19,2015-01-25 23:48:09,9c42d4338e4e653d3ad3f12340edf005,thai,3,3.0,1320.0,3.0,350.0,495.0,36.0,42.0,22.0,17.833333333333332,23,6,1,-0.25881904510252157,0.9659258262890681,145.0,440.0,1.0,1.135135135135135,0.0,0.5945945945945946
1,2015-02-05 04:57:07,2015-02-05 06:12:22,addfa9b7e234254d26e9c7f2af1005cb,thai,3,4.0,3280.0,4.0,595.0,895.0,32.0,36.0,51.0,75.25,4,3,0,0.8660254037844386,0.5000000000000001,300.0,820.0,1.0,1.0909090909090908,0.0,1.5454545454545454
3,2015-01-31 03:10:43,2015-01-31 03:31:11,5f1d3986fae10ed2994d14ecd89892d7,pizza,5,2.0,1790.0,2.0,750.0,895.0,28.0,27.0,26.0,20.466666666666665,3,5,1,0.7071067811865475,0.7071067811865476,145.0,895.0,1.0,0.9310344827586207,1.0,0.896551724137931
4,2015-02-06 03:27:44,2015-02-06 03:56:17,2a084e55c87b1ebcdaad1f62fdbbac8e,other,3,1.0,1600.0,1.0,1600.0,1600.0,70.0,48.0,82.0,28.55,3,4,0,0.7071067811865475,0.7071067811865476,0.0,1600.0,1.0,0.676056338028169,22.0,1.1549295774647887
3,2015-01-23 01:39:39,2015-01-23 02:18:50,13d8532225dea4fca8e0ebdfb27b83e4,indian,3,7.0,6700.0,4.0,400.0,1700.0,21.0,16.0,14.0,39.18333333333333,1,4,0,0.25881904510252074,0.9659258262890683,1300.0,957.1428571428571,1.75,0.7272727272727273,5.0,0.6363636363636364
4,2015-01-31 04:08:22,2015-01-31 05:23:35,a95aa4e62b22c9bc5bca4e83cadfaa82,vietnamese,1,3.0,1725.0,3.0,175.0,925.0,9.0,9.0,17.0,75.21666666666667,4,5,1,0.8660254037844386,0.5000000000000001,750.0,575.0,1.0,0.9,0.0,1.7
3,2015-01-23 02:09:46,2015-01-23 02:37:23,11997aab46c754fb90f36b9d8e4eaf99,thai,3,3.0,3300.0,2.0,700.0,1100.0,19.0,17.0,14.0,27.616666666666667,2,4,0,0.49999999999999994,0.8660254037844387,400.0,1100.0,1.5,0.85,2.0,0.7
6,2015-02-10 19:02:36,2015-02-10 19:55:36,30f7294e5c237c738e35a949f8e3f6fa,mediterranean,1,4.0,2945.0,4.0,450.0,850.0,37.0,34.0,41.0,53.0,19,1,0,-0.9659258262890684,0.2588190451025203,400.0,736.25,1.0,0.8947368421052632,3.0,1.0789473684210527
4,2015-02-09 19:20:24,2015-02-09 20:43:54,1a3f91fead97497b1a96d6104ad339f6,mexican,1,13.0,4816.0,6.0,150.0,699.0,57.0,57.0,119.0,83.5,19,0,0,-0.9659258262890684,0.2588190451025203,549.0,370.46153846153845,2.1666666666666665,0.9827586206896551,0.0,2.0517241379310347
1,2015-02-09 02:17:59,2015-02-09 03:03:52,e069ea4c9c233d36ff9c7f329bc08ff1,other,1,1.0,1020.0,1.0,1020.0,1020.0,58.0,61.0,90.0,45.88333333333333,2,0,0,0.49999999999999994,0.8660254037844387,0.0,1020.0,1.0,1.0338983050847457,0.0,1.5254237288135593
5,2015-02-14 04:18:21,2015-02-14 05:09:30,40c0d2afbc02bb410485f888102743f7,italian,1,2.0,4077.0,2.0,1628.0,2085.0,32.0,28.0,56.0,51.15,4,5,1,0.8660254037844386,0.5000000000000001,457.0,2038.5,1.0,0.8484848484848485,4.0,1.696969696969697
2,2015-02-09 23:52:58,2015-02-10 00:26:51,be3e9d3f7d70537357c67bb3f4086846,sandwich,5,1.0,999.0,1.0,999.0,999.0,9.0,9.0,9.0,33.88333333333333,23,0,0,-0.25881904510252157,0.9659258262890681,0.0,999.0,1.0,0.9,0.0,0.9
2,2015-01-25 03:37:16,2015-01-25 04:32:44,cedebb6e872f539bef8c3f919874e9d7,greek,5,5.0,5294.0,4.0,699.0,1299.0,92.0,107.0,167.0,55.46666666666667,3,6,1,0.7071067811865475,0.7071067811865476,600.0,1058.8,1.25,1.1505376344086022,0.0,1.7956989247311828
5,2015-02-01 03:57:11,2015-02-01 05:03:59,2764d14f478b936165226b8c523332e6,other,2,5.0,1984.0,5.0,335.0,399.0,18.0,18.0,29.0,66.8,3,6,1,0.7071067811865475,0.7071067811865476,64.0,396.8,1.0,0.9473684210526315,0.0,1.5263157894736843
6,2015-02-11 04:17:00,2015-02-11 04:49:31,3937a8212b6186a70f430fc5aaa2fd29,fast,4,3.0,1719.0,3.0,500.0,719.0,37.0,34.0,41.0,32.516666666666666,4,2,0,0.8660254037844386,0.5000000000000001,219.0,573.0,1.0,0.8947368421052632,3.0,1.0789473684210527
1,2015-02-03 01:19:57,2015-02-03 02:09:56,ec79d4bed810ed64267d169b0d37373e,american,3,2.0,2390.0,2.0,1195.0,1195.0,4.0,4.0,11.0,49.983333333333334,1,1,0,0.25881904510252074,0.9659258262890683,0.0,1195.0,1.0,0.8,0.0,2.2
6,2015-02-06 05:56:04,2015-02-06 06:27:42,a70ef651f1086ff9a0a988e4ed93069a,sandwich,1,2.0,2840.0,1.0,1195.0,1195.0,37.0,34.0,41.0,31.633333333333333,5,4,0,0.9659258262890683,0.25881904510252074,0.0,1420.0,2.0,0.8947368421052632,3.0,1.0789473684210527
2,2015-02-01 01:30:20,2015-02-01 02:39:53,fb2fcd534b0ff3bbed73cc51df620323,other,2,1.0,1095.0,1.0,795.0,795.0,36.0,33.0,37.0,69.55,1,6,1,0.25881904510252074,0.9659258262890683,0.0,1095.0,1.0,0.8918918918918919,3.0,1.0
2,2015-02-03 20:54:21,2015-02-03 21:32:39,26324d8e2cc1957b8e581568a089a51c,sandwich,3,1.0,1048.0,1.0,479.0,479.0,38.0,39.0,45.0,38.3,20,1,0,-0.8660254037844386,0.5000000000000001,0.0,1048.0,1.0,1.0,0.0,1.1538461538461537
2,2015-02-10 16:44:56,2015-02-10 17:32:02,4c144c47ecba6f8318128703ca9e2601,breakfast,2,3.0,1285.0,1.0,295.0,295.0,8.0,3.0,8.0,47.1,16,1,0,-0.8660254037844384,-0.5000000000000004,0.0,428.3333333333333,3.0,0.3333333333333333,5.0,0.8888888888888888
1,2015-02-11 20:16:07,2015-02-11 21:20:51,571d3a9420bfd9219f65b643d0003bf4,burger,1,3.0,1787.0,2.0,279.0,699.0,18.0,18.0,23.0,64.73333333333333,20,2,0,-0.8660254037844386,0.5000000000000001,420.0,595.6666666666666,1.5,0.9473684210526315,0.0,1.2105263157894737
2,2015-02-18 03:45:07,2015-02-18 04:30:25,78b9cab19959e4af8ff46156ee460c74,other,3,3.0,2485.0,3.0,195.0,1495.0,48.0,47.0,64.0,45.3,3,2,0,0.7071067811865475,0.7071067811865476,1300.0,828.3333333333334,1.0,0.9591836734693877,1.0,1.3061224489795917
5,2015-02-01 01:58:36,2015-02-01 02:51:00,d3c95acb3f4a091abb1fdc056dc68c1c,vietnamese,1,5.0,2834.0,5.0,350.0,789.0,17.0,10.0,16.0,52.4,1,6,1,0.25881904510252074,0.9659258262890683,439.0,566.8,1.0,0.5555555555555556,7.0,0.8888888888888888
1,2015-02-17 16:28:04,2015-02-17 16:55:31,3946bb00df4eebe135aa471d36e6ef68,sandwich,1,3.0,1079.0,3.0,129.0,485.0,4.0,3.0,3.0,27.45,16,1,0,-0.8660254037844384,-0.5000000000000004,356.0,359.6666666666667,1.0,0.6,1.0,0.6
3,2015-01-26 01:45:02,2015-01-26 02:24:27,99f16d388736f651ac198bf317974481,american,1,1.0,1399.0,1.0,1399.0,1399.0,18.0,18.0,17.0,39.416666666666664,1,0,0,0.25881904510252074,0.9659258262890683,0.0,1399.0,1.0,0.9473684210526315,0.0,0.8947368421052632
4,2015-01-27 21:13:17,2015-01-27 21:56:36,45c48cce2e2d7fbdea1afc51c7c6ad26,salad,5,3.0,2225.0,2.0,605.0,794.0,62.0,51.0,56.0,43.31666666666667,21,1,0,-0.7071067811865477,0.7071067811865474,189.0,741.6666666666666,1.5,0.8095238095238095,11.0,0.8888888888888888
5,2015-02-04 02:52:39,2015-02-04 03:43:37,07fc15c9d169ee48573edd749d25945d,american,1,1.0,3029.0,1.0,3000.0,3029.0,24.0,18.0,23.0,50.96666666666667,2,2,0,0.49999999999999994,0.8660254037844387,29.0,3029.0,1.0,0.72,6.0,0.92
3,2015-02-13 20:38:07,2015-02-13 21:19:50,a7f592cef8b130a6967a90617db5681b,sandwich,3,3.0,1650.0,3.0,100.0,900.0,27.0,27.0,28.0,41.71666666666667,20,4,0,-0.8660254037844386,0.5000000000000001,800.0,550.0,1.0,0.9642857142857143,0.0,1.0
4,2015-02-15 01:04:55,2015-02-15 01:48:43,a3545bd79d31f9a72d3a78690adf73fc,sandwich,1,2.0,3195.0,2.0,950.0,1400.0,44.0,33.0,45.0,43.8,1,6,1,0.25881904510252074,0.9659258262890683,450.0,1597.5,1.0,0.7333333333333333,11.0,1.0
6,2015-02-03 02:35:04,2015-02-03 03:40:42,cfd66e741860718ddecf1f6eabd05fc6,chinese,3,4.0,2350.0,3.0,375.0,900.0,22.0,23.0,40.0,65.63333333333334,2,1,0,0.49999999999999994,0.8660254037844387,525.0,587.5,1.3333333333333333,1.0,0.0,1.7391304347826086
2,2015-02-13 02:50:44,2015-02-13 03:26:32,da56910e9cfdd3202aca15bcd589f301,fast,4,15.0,2162.0,5.0,0.0,319.0,136.0,100.0,168.0,35.8,2,4,0,0.49999999999999994,0.8660254037844387,319.0,144.13333333333333,3.0,0.7299270072992701,36.0,1.2262773722627738
3,2015-02-18 05:37:25,2015-02-18 05:58:11,d3509679d8747ff9cf4257cddb67f72b,fast,4,4.0,1136.0,2.0,279.0,289.0,4.0,3.0,4.0,20.766666666666666,5,2,0,0.9659258262890683,0.25881904510252074,10.0,284.0,2.0,0.6,1.0,0.8
2,2015-02-16 00:20:50,2015-02-16 00:55:30,9b72e31dac81715466cd580a448cf823,other,5,5.0,2785.0,4.0,250.0,895.0,63.0,56.0,59.0,34.666666666666664,0,0,0,0.0,1.0,645.0,557.0,1.25,0.875,7.0,0.921875
5,2015-02-04 22:51:25,2015-02-04 23:28:41,32609807394d8cca2b23a6d9a75ccedd,pizza,1,2.0,3575.0,2.0,1300.0,1625.0,13.0,13.0,13.0,37.266666666666666,22,2,0,-0.5000000000000004,0.8660254037844384,325.0,1787.5,1.0,0.9285714285714286,0.0,0.9285714285714286
2,2015-02-14 01:03:31,2015-02-14 01:38:51,63f2376b07a18fdca7e3553b052e2eab,mediterranean,2,3.0,4100.0,2.0,800.0,1000.0,33.0,23.0,26.0,35.333333333333336,1,5,1,0.25881904510252074,0.9659258262890683,200.0,1366.6666666666667,1.5,0.6764705882352942,10.0,0.7647058823529411
1,2015-02-08 20:21:23,2015-02-08 21:02:15,b4d168b48157c623fbd095b4a565b5bb,other,5,3.0,2015.0,3.0,250.0,895.0,18.0,17.0,11.0,40.86666666666667,20,6,1,-0.8660254037844386,0.5000000000000001,645.0,671.6666666666666,1.0,0.8947368421052632,1.0,0.5789473684210527
6,2015-02-04 01:07:42,2015-02-04 01:47:42,21b5680d80f75a616096f2e791affac6,dessert,5,1.0,425.0,1.0,350.0,350.0,37.0,34.0,41.0,40.0,1,2,0,0.25881904510252074,0.9659258262890683,0.0,425.0,1.0,0.8947368421052632,3.0,1.0789473684210527
2,2015-02-17 04:27:09,2015-02-17 05:02:40,8cf639fc4bb4f35a2bb4105e85ff9957,unknown,1,2.0,2298.0,2.0,979.0,1319.0,19.0,16.0,17.0,35.516666666666666,4,1,0,0.8660254037844386,0.5000000000000001,340.0,1149.0,1.0,0.8,3.0,0.85
1,2015-02-17 02:38:31,2015-02-17 03:32:10,ebd9eb6819ab10ef417c8e52fe96cc94,sandwich,1,2.0,1720.0,2.0,711.0,931.0,56.0,46.0,75.0,53.65,2,1,0,0.49999999999999994,0.8660254037844387,220.0,860.0,1.0,0.8070175438596491,10.0,1.3157894736842106
5,2015-01-29 01:16:59,2015-01-29 01:42:00,977f8b33d303564416bf9f4ab1c39720,other,3,4.0,5100.0,3.0,700.0,1200.0,25.0,18.0,19.0,25.016666666666666,1,3,0,0.25881904510252074,0.9659258262890683,500.0,1275.0,1.3333333333333333,0.6923076923076923,7.0,0.7307692307692307
3,2015-02-01 22:20:42,2015-02-01 22:53:42,62dbdc10715d73b9fbbfdcda0a88848d,sandwich,5,2.0,1770.0,2.0,795.0,825.0,5.0,5.0,5.0,33.0,22,6,1,-0.5000000000000004,0.8660254037844384,30.0,885.0,1.0,0.8333333333333334,0.0,0.8333333333333334
5,2015-01-23 05:08:33,2015-01-23 05:37:46,c3f99e62ef70deec7d934b2ea347e2c0,other,1,2.0,1478.0,2.0,599.0,879.0,6.0,9.0,8.0,29.216666666666665,5,4,0,0.9659258262890683,0.25881904510252074,280.0,739.0,1.0,1.2857142857142858,0.0,1.1428571428571428
6,2015-02-17 01:25:58,2015-02-17 02:17:53,afecc60f82be41c1b52f6705ec69e0f1,pizza,2,1.0,1800.0,1.0,1200.0,1200.0,37.0,34.0,41.0,51.916666666666664,1,1,0,0.25881904510252074,0.9659258262890683,0.0,1800.0,1.0,0.8947368421052632,3.0,1.0789473684210527
5,2015-01-29 01:51:55,2015-01-29 02:32:49,eb698350c502ff82503875dba13f5f88,american,5,2.0,2349.0,2.0,1223.0,1360.0,22.0,12.0,20.0,40.9,1,3,0,0.25881904510252074,0.9659258262890683,137.0,1174.5,1.0,0.5217391304347826,10.0,0.8695652173913043
4,2015-02-14 01:24:39,2015-02-14 02:24:28,e21e4e58ad9ab56e8a4634046da90113,japanese,3,4.0,1875.0,4.0,216.0,966.0,92.0,84.0,144.0,59.81666666666667,1,5,1,0.25881904510252074,0.9659258262890683,750.0,468.75,1.0,0.9032258064516129,8.0,1.5483870967741935
2,2015-02-08 20:26:46,2015-02-08 21:00:26,b0f2ad44d26e1a6f244201fe0fd864d1,vietnamese,1,5.0,3875.0,5.0,575.0,850.0,24.0,23.0,38.0,33.666666666666664,20,6,1,-0.8660254037844386,0.5000000000000001,275.0,775.0,1.0,0.92,1.0,1.52
4,2015-02-15 03:47:57,2015-02-15 04:59:15,6e2eec9ca19c076736d19ac5426473af,pizza,3,2.0,1128.0,2.0,549.0,579.0,93.0,91.0,185.0,71.3,3,6,1,0.7071067811865475,0.7071067811865476,30.0,564.0,1.0,0.9680851063829787,2.0,1.9680851063829787
2,2015-01-22 18:52:31,2015-01-22 19:44:18,65d2ea03425887a717c435081cfc5dbb,sandwich,1,5.0,2545.0,4.0,150.0,895.0,19.0,19.0,29.0,51.78333333333333,18,3,0,-1.0,-1.8369701987210297e-16,745.0,509.0,1.25,0.95,0.0,1.45
2,2015-02-07 21:08:49,2015-02-07 21:42:47,0e7e05fa1026b0c5459267608ae320b8,mexican,1,3.0,1029.0,3.0,0.0,830.0,34.0,38.0,43.0,33.96666666666667,21,5,1,-0.7071067811865477,0.7071067811865474,830.0,343.0,1.0,1.0857142857142856,0.0,1.2285714285714286
2,2015-01-26 05:34:04,2015-01-26 06:26:29,c91e3483cf4f90057d02aa492d2b25b1,pizza,3,2.0,2698.0,2.0,699.0,1999.0,24.0,42.0,30.0,52.416666666666664,5,0,0,0.9659258262890683,0.25881904510252074,1300.0,1349.0,1.0,1.68,0.0,1.2
2,2015-02-07 18:39:20,2015-02-07 19:11:04,5e80048377635f2a67e0e5be24012f09,american,3,2.0,2100.0,2.0,1000.0,1100.0,13.0,13.0,12.0,31.733333333333334,18,5,1,-1.0,-1.8369701987210297e-16,100.0,1050.0,1.0,0.9285714285714286,0.0,0.8571428571428571
6,2015-02-04 04:39:43,2015-02-04 05:14:11,8cbd005a556ccd4211ce43f309bc0eac,thai,3,1.0,1395.0,1.0,1395.0,1395.0,37.0,34.0,41.0,34.46666666666667,4,2,0,0.8660254037844386,0.5000000000000001,0.0,1395.0,1.0,0.8947368421052632,3.0,1.0789473684210527
2,2015-02-07 04:18:25,2015-02-07 05:09:51,435d6ab1ba16ba7e05e09d9728bc36ca,sandwich,3,15.0,6208.0,9.0,75.0,748.0,97.0,106.0,168.0,51.43333333333333,4,5,1,0.8660254037844386,0.5000000000000001,673.0,413.8666666666667,1.6666666666666667,1.0816326530612246,0.0,1.7142857142857142
5,2015-02-17 19:41:02,2015-02-17 20:12:02,d3c95acb3f4a091abb1fdc056dc68c1c,vietnamese,1,2.0,1173.0,2.0,199.0,799.0,21.0,19.0,27.0,31.0,19,1,0,-0.9659258262890684,0.2588190451025203,600.0,586.5,1.0,0.8636363636363636,2.0,1.2272727272727273
2,2015-02-09 23:50:06,2015-02-10 00:22:23,f1c1592588411002af340cbaedd6fc33,american,3,1.0,1119.0,1.0,1119.0,1119.0,11.0,10.0,14.0,32.28333333333333,23,0,0,-0.25881904510252157,0.9659258262890681,0.0,1119.0,1.0,0.8333333333333334,1.0,1.1666666666666667
1,2015-01-31 03:12:47,2015-01-31 04:00:03,184260348236f9554fe9375772ff966e,pizza,5,1.0,1300.0,1.0,850.0,850.0,50.0,51.0,83.0,47.266666666666666,3,5,1,0.7071067811865475,0.7071067811865476,0.0,1300.0,1.0,1.0,0.0,1.6274509803921569
1,2015-01-30 20:08:56,2015-01-30 21:36:31,735701335a53e5b70d7465c28eed4088,mediterranean,3,2.0,2140.0,1.0,995.0,995.0,17.0,15.0,24.0,87.58333333333333,20,4,0,-0.8660254037844386,0.5000000000000001,0.0,1070.0,2.0,0.8333333333333334,2.0,1.3333333333333333
1,2015-01-24 02:05:05,2015-01-24 02:50:02,c0a62e133894cdce435bcb4a5df1db2d,japanese,3,2.0,1220.0,2.0,525.0,695.0,52.0,52.0,65.0,44.95,2,5,1,0.49999999999999994,0.8660254037844387,170.0,610.0,1.0,0.9811320754716981,0.0,1.2264150943396226
3,2015-01-24 03:30:51,2015-01-24 04:02:27,fade9da1bfe1c47c92f4ac38c11d0d1b,other,2,2.0,2200.0,2.0,1000.0,1200.0,0.0,0.0,0.0,31.6,3,5,1,0.7071067811865475,0.7071067811865476,200.0,1100.0,1.0,0.0,0.0,0.0
4,2015-02-10 05:54:22,2015-02-10 06:10:06,586ee5cb5f17541372cdd7d54b6414d7,fast,4,5.0,1065.0,3.0,139.0,299.0,13.0,6.0,7.0,15.733333333333333,5,1,0,0.9659258262890683,0.25881904510252074,160.0,213.0,1.6666666666666667,0.42857142857142855,7.0,0.5
6,2015-02-10 01:02:32,2015-02-10 01:36:55,8859a81bd114df94d9f432350c934f4a,sandwich,5,1.0,1400.0,1.0,1200.0,1200.0,15.0,5.0,5.0,34.38333333333333,1,1,0,0.25881904510252074,0.9659258262890683,0.0,1400.0,1.0,0.3125,10.0,0.3125
2,2015-01-29 01:24:30,2015-01-29 02:10:04,4734ba6f3de83d861c3176a6273cac6d,greek,5,2.0,3197.0,2.0,599.0,2499.0,54.0,47.0,63.0,45.56666666666667,1,3,0,0.25881904510252074,0.9659258262890683,1900.0,1598.5,1.0,0.8545454545454545,7.0,1.1454545454545455
1,2015-02-07 03:35:46,2015-02-07 04:44:47,cc0991344c3d760ae42259064406bae1,pizza,3,2.0,2818.0,2.0,1389.0,1429.0,57.0,58.0,89.0,69.01666666666667,3,5,1,0.7071067811865475,0.7071067811865476,40.0,1409.0,1.0,1.0,0.0,1.5344827586206897
2,2015-01-26 02:21:15,2015-01-26 02:49:16,6a81681a7af700c6385d36577ebec359,barbecue,1,2.0,1890.0,2.0,795.0,1095.0,73.0,96.0,67.0,28.016666666666666,2,0,0,0.49999999999999994,0.8660254037844387,300.0,945.0,1.0,1.2972972972972974,0.0,0.9054054054054054
6,2015-02-07 20:16:47,2015-02-07 20:45:07,b17446af05919be6e83500be7f5df5c4,mexican,1,1.0,899.0,1.0,899.0,899.0,37.0,34.0,41.0,28.333333333333332,20,5,1,-0.8660254037844386,0.5000000000000001,0.0,899.0,1.0,0.8947368421052632,3.0,1.0789473684210527
4,2015-02-07 00:57:35,2015-02-07 01:54:45,ed3d2c21991e3bef5e069713af9fa6ca,other,3,2.0,1775.0,2.0,500.0,975.0,54.0,39.0,45.0,57.166666666666664,0,5,1,0.0,1.0,475.0,887.5,1.0,0.7090909090909091,15.0,0.8181818181818182
5,2015-02-15 02:00:21,2015-02-15 02:42:10,ecf634864fe4ff241756b47582c09582,other,4,2.0,1158.0,2.0,449.0,529.0,16.0,14.0,25.0,41.81666666666667,2,6,1,0.49999999999999994,0.8660254037844387,80.0,579.0,1.0,0.8235294117647058,2.0,1.4705882352941178
4,2015-02-15 17:51:42,2015-02-15 18:26:15,f7177163c833dff4b38fc8d2872f1ec6,dessert,5,3.0,3285.0,3.0,795.0,1295.0,14.0,13.0,16.0,34.55,17,6,1,-0.9659258262890683,-0.25881904510252063,500.0,1095.0,1.0,0.8666666666666667,1.0,1.0666666666666667
4,2015-02-09 00:40:30,2015-02-09 01:24:08,51ef186e18dc00c2d31982567235c559,mexican,3,1.0,1145.0,1.0,865.0,865.0,31.0,31.0,29.0,43.63333333333333,0,0,0,0.0,1.0,0.0,1145.0,1.0,0.96875,0.0,0.90625
4,2015-02-01 01:00:25,2015-02-01 01:54:26,7d2b92b6726c241134dae6cd3fb8c182,other,5,3.0,1300.0,2.0,350.0,350.0,63.0,59.0,67.0,54.016666666666666,1,6,1,0.25881904510252074,0.9659258262890683,0.0,433.3333333333333,1.5,0.921875,4.0,1.046875
3,2015-01-24 21:21:15,2015-01-24 22:11:36,ddcb155487b88aaa80aed158006bdbdf,other,1,2.0,2394.0,1.0,895.0,895.0,5.0,3.0,3.0,50.35,21,5,1,-0.7071067811865477,0.7071067811865474,0.0,1197.0,2.0,0.5,2.0,0.5
4,2015-02-15 01:18:31,2015-02-15 01:46:37,e4a6222cdb5b34375400904f03d8e6a5,italian,3,1.0,2495.0,1.0,2495.0,2495.0,49.0,47.0,59.0,28.1,1,6,1,0.25881904510252074,0.9659258262890683,0.0,2495.0,1.0,0.94,2.0,1.18
4,2015-02-15 01:53:38,2015-02-15 02:51:37,4ca82782c5372a547c104929f03fe7a9,burger,5,6.0,3364.0,4.0,499.0,629.0,63.0,53.0,92.0,57.983333333333334,1,6,1,0.25881904510252074,0.9659258262890683,130.0,560.6666666666666,1.5,0.828125,10.0,1.4375
2,2015-01-27 02:19:49,2015-01-27 03:02:24,8d9fd5db21fef20298b0a1b76ca29334,mediterranean,2,2.0,1500.0,2.0,600.0,900.0,41.0,48.0,51.0,42.583333333333336,2,1,0,0.49999999999999994,0.8660254037844387,300.0,750.0,1.0,1.1428571428571428,0.0,1.2142857142857142
5,2015-02-02 01:00:27,2015-02-02 02:35:29,6d090e8d4f2d61498fe04b05cc2ba6eb,dessert,4,2.0,2490.0,2.0,495.0,1995.0,17.0,8.0,9.0,95.03333333333333,1,0,0,0.25881904510252074,0.9659258262890683,1500.0,1245.0,1.0,0.4444444444444444,9.0,0.5
1,2015-02-11 03:29:26,2015-02-11 04:11:17,ca75910166da03ff9d4655a0338e6b09,mexican,3,4.0,1350.0,2.0,300.0,350.0,21.0,22.0,29.0,41.85,3,2,0,0.7071067811865475,0.7071067811865476,50.0,337.5,2.0,1.0,0.0,1.3181818181818181
2,2015-02-08 05:34:58,2015-02-08 06:13:58,757b505cfd34c64c85ca5b5690ee5293,american,3,3.0,2167.0,3.0,89.0,1479.0,50.0,52.0,64.0,39.0,5,6,1,0.9659258262890683,0.25881904510252074,1390.0,722.3333333333334,1.0,1.0196078431372548,0.0,1.2549019607843137
3,2015-01-23 02:28:05,2015-01-23 02:55:36,2877b49ebb731389a1a583bda03540bd,other,3,4.0,2425.0,3.0,550.0,650.0,21.0,19.0,19.0,27.516666666666666,2,4,0,0.49999999999999994,0.8660254037844387,100.0,606.25,1.3333333333333333,0.8636363636363636,2.0,0.8636363636363636
4,2015-02-15 18:14:38,2015-02-15 18:53:55,deb54ffb41e085fd7f69a75b6359c989,american,3,2.0,1090.0,2.0,295.0,795.0,9.0,8.0,9.0,39.28333333333333,18,6,1,-1.0,-1.8369701987210297e-16,500.0,545.0,1.0,0.8,1.0,0.9
2,2015-02-15 23:15:25,2015-02-16 00:12:25,c56a022b15250525f8b9bdfc41a13152,mexican,2,5.0,2705.0,4.0,295.0,1045.0,64.0,60.0,64.0,57.0,23,6,1,-0.25881904510252157,0.9659258262890681,750.0,541.0,1.25,0.9230769230769231,4.0,0.9846153846153847
3,2015-02-08 05:29:41,2015-02-08 05:50:18,c2c701fe341a7756ca7fd4eaa83ff63f,pizza,2,2.0,1658.0,2.0,579.0,1079.0,8.0,7.0,6.0,20.616666666666667,5,6,1,0.9659258262890683,0.25881904510252074,500.0,829.0,1.0,0.7777777777777778,1.0,0.6666666666666666
4,2015-01-29 03:55:32,2015-01-29 04:19:05,f4b9ec30ad9f68f89b29639786cb62ef,vietnamese,3,1.0,2800.0,1.0,2800.0,2800.0,87.0,71.0,112.0,23.55,3,3,0,0.7071067811865475,0.7071067811865476,0.0,2800.0,1.0,0.8068181818181818,16.0,1.2727272727272727
2,2015-02-03 03:37:10,2015-02-03 04:46:30,11b9842e0a271ff252c1903e7132cd68,pizza,1,2.0,3500.0,2.0,1025.0,2475.0,63.0,67.0,104.0,69.33333333333333,3,1,0,0.7071067811865475,0.7071067811865476,1450.0,1750.0,1.0,1.046875,0.0,1.625
2,2015-02-17 02:38:13,2015-02-17 03:09:27,1f5069142727648138a54524b5beeb58,dessert,5,3.0,2644.0,1.0,911.0,879.0,107.0,71.0,111.0,31.233333333333334,2,1,0,0.49999999999999994,0.8660254037844387,-32.0,881.3333333333334,3.0,0.6574074074074074,36.0,1.0277777777777777
2,2015-02-16 16:14:00,2015-02-16 17:06:52,3d773b5ce67533d1b5b52d9b57936860,sandwich,3,4.0,1266.0,4.0,199.0,419.0,2.0,2.0,2.0,52.86666666666667,16,0,0,-0.8660254037844384,-0.5000000000000004,220.0,316.5,1.0,0.6666666666666666,0.0,0.6666666666666666
6,2015-01-25 19:31:20,2015-01-25 20:38:44,214cfbe603b7f9f9bc005d5f53f7a1d3,burger,5,1.0,1700.0,1.0,1400.0,1400.0,37.0,34.0,41.0,67.4,19,6,1,-0.9659258262890684,0.2588190451025203,0.0,1700.0,1.0,0.8947368421052632,3.0,1.0789473684210527
2,2015-02-17 03:06:32,2015-02-17 03:58:38,e2561e23fb2d5dae50b0ce6c62959fed,thai,1,7.0,5000.0,6.0,175.0,1145.0,110.0,82.0,98.0,52.1,3,1,0,0.7071067811865475,0.7071067811865476,970.0,714.2857142857143,1.1666666666666667,0.7387387387387387,28.0,0.8828828828828829
4,2015-02-04 02:29:25,2015-02-04 03:30:53,7818354194c4feae57304abadc2c437c,japanese,3,4.0,5295.0,4.0,1150.0,1450.0,8.0,8.0,11.0,61.46666666666667,2,2,0,0.49999999999999994,0.8660254037844387,300.0,1323.75,1.0,0.8888888888888888,0.0,1.2222222222222223
1,2015-02-06 23:05:14,2015-02-07 00:13:21,7cc538b1337957dae283c30ad46def38,chinese,2,4.0,2315.0,3.0,190.0,700.0,5.0,4.0,4.0,68.11666666666666,23,4,0,-0.25881904510252157,0.9659258262890681,510.0,578.75,1.3333333333333333,0.6666666666666666,1.0,0.6666666666666666
4,2015-02-14 02:43:00,2015-02-14 03:35:30,d82c8d1619ad8176d665453cfb2e55f0,pizza,5,4.0,7000.0,4.0,1400.0,2000.0,126.0,123.0,203.0,52.5,2,5,1,0.49999999999999994,0.8660254037844387,600.0,1750.0,1.0,0.968503937007874,3.0,1.5984251968503937
2,2015-02-09 19:48:13,2015-02-09 20:26:52,e0c641195b27425bb056ac56f8953d24,sandwich,3,2.0,1567.0,2.0,389.0,479.0,38.0,35.0,42.0,38.65,19,0,0,-0.9659258262890684,0.2588190451025203,90.0,783.5,1.0,0.8974358974358975,3.0,1.0769230769230769
3,2015-02-03 15:56:05,2015-02-03 16:59:10,6354461b879d3b121b0c33d5e7e5da4f,fast,1,1.0,669.0,1.0,669.0,669.0,1.0,1.0,0.0,63.083333333333336,15,1,0,-0.7071067811865471,-0.7071067811865479,0.0,669.0,1.0,0.5,0.0,0.0
3,2015-01-29 01:53:11,2015-01-29 02:32:56,561e7e7d74cece738de9b23c0dd293d2,pizza,2,1.0,1445.0,1.0,1295.0,1295.0,5.0,5.0,4.0,39.75,1,3,0,0.25881904510252074,0.9659258262890683,0.0,1445.0,1.0,0.8333333333333334,0.0,0.6666666666666666
5,2015-02-05 19:37:27,2015-02-05 20:28:37,c63858b17de9d0649b59be0c57201b9d,fast,1,7.0,2587.0,6.0,165.0,597.0,19.0,16.0,27.0,51.166666666666664,19,3,0,-0.9659258262890684,0.2588190451025203,432.0,369.57142857142856,1.1666666666666667,0.8,3.0,1.35
6,2015-01-25 02:01:37,2015-01-25 03:07:36,87f4d79e36d68c3031ccf6c55e9bbd39,pizza,2,1.0,3081.0,1.0,2128.0,2041.0,37.0,34.0,41.0,65.98333333333333,2,6,1,0.49999999999999994,0.8660254037844387,-87.0,3081.0,1.0,0.8947368421052632,3.0,1.0789473684210527
1,2015-02-16 20:34:23,2015-02-16 21:22:07,fc45350a5b080b7a6e1b17e00b61dc93,other,2,5.0,2525.0,4.0,175.0,1100.0,25.0,24.0,35.0,47.733333333333334,20,0,0,-0.8660254037844386,0.5000000000000001,925.0,505.0,1.25,0.9230769230769231,1.0,1.3461538461538463
2,2015-01-30 03:06:39,2015-01-30 03:58:36,3c333aadfc3ee8ecb8d77ee31197d96a,other,4,4.0,1632.0,4.0,254.0,386.0,70.0,72.0,104.0,51.95,3,4,0,0.7071067811865475,0.7071067811865476,132.0,408.0,1.0,1.0140845070422535,0.0,1.4647887323943662
6,2015-02-05 05:30:13,2015-02-05 06:16:45,228a0da874304dbc5274014bf3575244,other,3,2.0,1695.0,2.0,700.0,995.0,37.0,34.0,41.0,46.53333333333333,5,3,0,0.9659258262890683,0.25881904510252074,295.0,847.5,1.0,0.8947368421052632,3.0,1.0789473684210527
4,2015-02-12 18:26:36,2015-02-12 18:58:03,90b8e8eca90756905bf80c293ae6a50a,mexican,3,4.0,1258.0,4.0,209.0,400.0,3.0,1.0,2.0,31.45,18,3,0,-1.0,-1.8369701987210297e-16,191.0,314.5,1.0,0.25,2.0,0.5
2,2015-01-31 19:09:08,2015-01-31 20:17:10,52dbb0686f8bd0c0c757acf716e28ec0,indian,3,4.0,3075.0,4.0,400.0,1200.0,23.0,16.0,17.0,68.03333333333333,19,5,1,-0.9659258262890684,0.2588190451025203,800.0,768.75,1.0,0.6666666666666666,7.0,0.7083333333333334
2,2015-02-16 19:06:06,2015-02-16 19:42:53,bcbe3365e6ac95ea2c0343a2395834dd,sandwich,3,7.0,5133.0,7.0,389.0,829.0,32.0,31.0,43.0,36.78333333333333,19,0,0,-0.9659258262890684,0.2588190451025203,440.0,733.2857142857143,1.0,0.9393939393939394,1.0,1.303030303030303
2,2015-01-21 21:18:33,2015-01-21 21:50:16,d9fc5b73a8d78fad3d6dffe419384e70,american,4,2.0,849.0,2.0,174.0,570.0,28.0,30.0,30.0,31.716666666666665,21,2,0,-0.7071067811865477,0.7071067811865474,396.0,424.5,1.0,1.0344827586206897,0.0,1.0344827586206897
1,2015-02-18 02:15:49,2015-02-18 03:29:06,2d579dc29360d8bbfbb4aa541de5afa9,dessert,2,4.0,2260.0,3.0,565.0,565.0,12.0,12.0,13.0,73.28333333333333,2,2,0,0.49999999999999994,0.8660254037844387,0.0,565.0,1.3333333333333333,0.9230769230769231,0.0,1.0
6,2015-01-27 23:37:28,2015-01-28 00:06:27,78f1893678afbeaa90b1fa01b9cfb860,indian,3,7.0,4472.0,6.0,150.0,1199.0,37.0,34.0,41.0,28.983333333333334,23,1,0,-0.25881904510252157,0.9659258262890681,1049.0,638.8571428571429,1.1666666666666667,0.8947368421052632,3.0,1.0789473684210527
4,2015-01-26 01:36:33,2015-01-26 02:06:16,5fd0b37cd7dbbb00f97ba6ce92bf5add,vietnamese,5,2.0,1870.0,2.0,795.0,875.0,67.0,114.0,53.0,29.716666666666665,1,0,0,0.25881904510252074,0.9659258262890683,80.0,935.0,1.0,1.6764705882352942,0.0,0.7794117647058824
3,2015-01-31 03:38:11,2015-01-31 04:34:15,9381fc93ad66f9ec4b2eef71147a6665,burger,5,3.0,3125.0,3.0,925.0,1025.0,6.0,8.0,8.0,56.06666666666667,3,5,1,0.7071067811865475,0.7071067811865476,100.0,1041.6666666666667,1.0,1.1428571428571428,0.0,1.1428571428571428
1,2015-01-22 02:58:57,2015-01-22 03:56:07,2be8328f41144106f7144802f2367487,chinese,4,4.0,1800.0,2.0,190.0,710.0,6.0,7.0,8.0,57.166666666666664,2,3,0,0.49999999999999994,0.8660254037844387,520.0,450.0,2.0,1.0,0.0,1.1428571428571428
4,2015-01-22 00:10:24,2015-01-22 00:34:03,1534b76d325a8f591b52d302e7181331,mexican,3,1.0,709.0,1.0,709.0,709.0,34.0,14.0,14.0,23.65,0,3,0,0.0,1.0,0.0,709.0,1.0,0.4,20.0,0.4
4,2015-02-11 00:58:08,2015-02-11 01:31:27,e836d813fd184325132fca8edcdfb40e,chinese,3,2.0,2600.0,2.0,1100.0,1500.0,28.0,28.0,33.0,33.31666666666667,0,2,0,0.0,1.0,400.0,1300.0,1.0,0.9655172413793104,0.0,1.1379310344827587
3,2015-02-10 17:25:13,2015-02-10 18:27:27,6b8b8e3bd6ad94b985c1b1f1b7a94cb2,italian,5,2.0,920.0,1.0,380.0,380.0,1.0,2.0,3.0,62.233333333333334,17,1,0,-0.9659258262890683,-0.25881904510252063,0.0,460.0,2.0,1.0,0.0,1.5
3,2015-02-11 16:55:47,2015-02-11 18:07:24,fa78a16157fed00d7a80515818432169,other,4,2.0,950.0,1.0,375.0,375.0,2.0,2.0,1.0,71.61666666666666,16,2,0,-0.8660254037844384,-0.5000000000000004,0.0,475.0,2.0,0.6666666666666666,0.0,0.3333333333333333
5,2015-02-05 03:06:16,2015-02-05 03:57:03,0f0e13216262f4a201bec128044dd30f,mexican,1,1.0,995.0,1.0,995.0,995.0,47.0,45.0,67.0,50.78333333333333,3,3,0,0.7071067811865475,0.7071067811865476,0.0,995.0,1.0,0.9375,2.0,1.3958333333333333
3,2015-02-06 01:37:03,2015-02-06 02:33:24,2723ad49bd0d27b97b735e4822085e12,other,4,4.0,2585.0,4.0,695.0,1095.0,22.0,14.0,15.0,56.35,1,4,0,0.25881904510252074,0.9659258262890683,400.0,646.25,1.0,0.6086956521739131,8.0,0.6521739130434783
2,2015-02-10 20:00:12,2015-02-10 20:44:07,05b2c0a62ef25ac7c2ea2eb32d3e27bc,breakfast,3,2.0,2790.0,2.0,1295.0,1495.0,58.0,52.0,74.0,43.916666666666664,20,1,0,-0.8660254037844386,0.5000000000000001,200.0,1395.0,1.0,0.8813559322033898,6.0,1.2542372881355932
4,2015-01-30 23:57:27,2015-01-31 02:02:49,9c838d2e45b2ad1094d42f4ef36764f6,pizza,5,4.0,6800.0,3.0,700.0,1800.0,30.0,22.0,26.0,125.36666666666666,23,4,0,-0.25881904510252157,0.9659258262890681,1100.0,1700.0,1.3333333333333333,0.7096774193548387,8.0,0.8387096774193549
3,2015-01-31 19:11:26,2015-01-31 19:39:43,3016a447172f3045b65f5fc83e04b554,american,1,2.0,3200.0,2.0,1100.0,1300.0,1.0,1.0,1.0,28.283333333333335,19,5,1,-0.9659258262890684,0.2588190451025203,200.0,1600.0,1.0,0.5,0.0,0.5
4,2015-01-26 00:19:05,2015-01-26 00:53:29,f2fc990265c712c49d51a18a32b39f0c,italian,3,2.0,4498.0,2.0,2199.0,2299.0,60.0,80.0,48.0,34.4,0,0,0,0.0,1.0,100.0,2249.0,1.0,1.3114754098360655,0.0,0.7868852459016393
4,2015-02-05 01:47:19,2015-02-05 02:27:41,c57abe86de4e516e12dfa386053fbfe2,barbecue,1,1.0,1795.0,1.0,1695.0,1695.0,82.0,72.0,97.0,40.36666666666667,1,3,0,0.25881904510252074,0.9659258262890683,0.0,1795.0,1.0,0.8674698795180723,10.0,1.1686746987951808
5,2015-02-04 01:14:35,2015-02-04 01:42:10,3d7a8f67f51564c349478f7d52abee3b,vietnamese,1,4.0,2220.0,4.0,200.0,895.0,23.0,22.0,24.0,27.583333333333332,1,2,0,0.25881904510252074,0.9659258262890683,695.0,555.0,1.0,0.9166666666666666,1.0,1.0
2,2015-01-28 02:53:32,2015-01-28 03:54:20,7f16109f1619fd7a733daf5a84c708c1,burger,5,8.0,4874.0,5.0,350.0,800.0,99.0,88.0,120.0,60.8,2,2,0,0.49999999999999994,0.8660254037844387,450.0,609.25,1.6,0.88,11.0,1.2
4,2015-01-25 01:42:40,2015-01-25 02:43:10,68d30a9594728bc39aa24be94b319d21,other,3,8.0,10200.0,8.0,200.0,1900.0,95.0,114.0,133.0,60.5,1,6,1,0.25881904510252074,0.9659258262890683,1700.0,1275.0,1.0,1.1875,0.0,1.3854166666666667
4,2015-01-24 23:25:32,2015-01-25 00:01:41,ff2cc3b8c7caeaa068f2abbc234583f5,breakfast,2,3.0,4600.0,2.0,350.0,3600.0,17.0,31.0,12.0,36.15,23,5,1,-0.25881904510252157,0.9659258262890681,3250.0,1533.3333333333333,1.5,1.7222222222222223,0.0,0.6666666666666666
1,2015-01-25 05:27:56,2015-01-25 06:00:56,8d8818c8e140c64c743113f563cf750f,fast,4,3.0,1741.0,2.0,313.0,938.0,9.0,5.0,24.0,33.0,5,6,1,0.9659258262890683,0.25881904510252074,625.0,580.3333333333334,1.5,0.5,4.0,2.4
1,2015-01-23 03:10:47,2015-01-23 03:44:14,7ea25c95b0792ca4ce01ea18bbda2d44,salad,5,2.0,2845.0,2.0,1395.0,1450.0,17.0,16.0,16.0,33.45,3,4,0,0.7071067811865475,0.7071067811865476,55.0,1422.5,1.0,0.8888888888888888,1.0,0.8888888888888888
4,2015-02-06 00:04:53,2015-02-06 00:32:54,1f7c4386bf2c9ff0400445c9e27a1594,pizza,2,1.0,795.0,1.0,795.0,795.0,27.0,15.0,15.0,28.016666666666666,0,4,0,0.0,1.0,0.0,795.0,1.0,0.5357142857142857,12.0,0.5357142857142857
5,2015-01-23 20:38:05,2015-01-23 21:12:34,372f8774202fcaef20fb3917607999a8,japanese,1,2.0,1790.0,2.0,795.0,995.0,23.0,16.0,20.0,34.483333333333334,20,4,0,-0.8660254037844386,0.5000000000000001,200.0,895.0,1.0,0.6666666666666666,7.0,0.8333333333333334
4,2015-02-14 01:58:30,2015-02-14 03:24:01,c9f0f895fb98ab9159f51fd0297e236d,salad,2,3.0,2140.0,2.0,550.0,695.0,113.0,107.0,190.0,85.51666666666667,1,5,1,0.25881904510252074,0.9659258262890683,145.0,713.3333333333334,1.5,0.9385964912280702,6.0,1.6666666666666667
1,2015-02-18 00:59:07,2015-02-18 01:33:05,6be5336db2c119736cf48f475e051bfe,italian,5,4.0,4725.0,4.0,400.0,1700.0,20.0,20.0,22.0,33.96666666666667,0,2,0,0.0,1.0,1300.0,1181.25,1.0,0.9523809523809523,0.0,1.0476190476190477
2,2015-01-23 00:52:35,2015-01-23 01:20:10,7f16109f1619fd7a733daf5a84c708c1,burger,5,2.0,2298.0,1.0,800.0,800.0,34.0,34.0,54.0,27.583333333333332,0,4,0,0.0,1.0,0.0,1149.0,2.0,0.9714285714285714,0.0,1.542857142857143
3,2015-02-02 00:09:58,2015-02-02 00:57:17,87ae6fb631f7c8a627e8e28785d9992d,american,1,3.0,5495.0,3.0,575.0,2495.0,37.0,34.0,41.0,47.31666666666667,0,0,0,0.0,1.0,1920.0,1831.6666666666667,1.0,0.8947368421052632,3.0,1.0789473684210527
3,2015-02-11 02:20:59,2015-02-11 02:56:06,b071cfa81605a94ad80cfa2bbc747448,chinese,4,2.0,1443.0,2.0,258.0,759.0,39.0,44.0,50.0,35.11666666666667,2,2,0,0.49999999999999994,0.8660254037844387,501.0,721.5,1.0,1.1,0.0,1.25
2,2015-02-15 00:43:06,2015-02-15 01:26:11,76c94d390851dfa82a33d943abb0b8b6,barbecue,3,1.0,2995.0,1.0,1595.0,1595.0,31.0,29.0,40.0,43.083333333333336,0,6,1,0.0,1.0,0.0,2995.0,1.0,0.90625,2.0,1.25
4,2015-02-04 00:39:27,2015-02-04 02:09:20,a97da629b098b75c294dffdc3e463904,dessert,1,11.0,10879.344999999885,9.0,495.0,1695.0,42.0,35.0,38.0,89.88333333333334,0,2,0,0.0,1.0,1200.0,989.0313636363531,1.2222222222222223,0.813953488372093,7.0,0.8837209302325582
3,2015-02-14 16:36:45,2015-02-14 17:11:23,a32d7eeaae19821fd9ce317f3ce952a7,sandwich,1,3.0,2267.0,2.0,669.0,799.0,5.0,5.0,5.0,34.63333333333333,16,5,1,-0.8660254037844384,-0.5000000000000004,130.0,755.6666666666666,1.5,0.8333333333333334,0.0,0.8333333333333334
4,2015-01-24 02:42:26,2015-01-24 03:57:41,3416a75f4cea9109507cacd8e2f2aefc,indian,3,2.0,2245.0,2.0,350.0,1895.0,126.0,121.0,193.0,75.25,2,5,1,0.49999999999999994,0.8660254037844387,1545.0,1122.5,1.0,0.952755905511811,5.0,1.5196850393700787
1,2015-02-01 02:30:32,2015-02-01 02:58:07,29921001f2f04bd3baee84a12e98098f,thai,5,7.0,4835.0,5.0,175.0,995.0,63.0,61.0,75.0,27.583333333333332,2,6,1,0.49999999999999994,0.8660254037844387,820.0,690.7142857142857,1.4,0.953125,2.0,1.171875
2,2015-02-17 03:02:27,2015-02-17 03:45:32,fe73f687e5bc5280214e0486b273a5f9,vietnamese,5,2.0,1400.0,2.0,475.0,925.0,107.0,79.0,93.0,43.083333333333336,3,1,0,0.7071067811865475,0.7071067811865476,450.0,700.0,1.0,0.7314814814814815,28.0,0.8611111111111112
1,2015-02-13 01:17:43,2015-02-13 02:02:42,c21002f464c5fc5bee3b98ced83963b8,thai,4,2.0,1845.0,2.0,895.0,950.0,10.0,7.0,9.0,44.983333333333334,1,4,0,0.25881904510252074,0.9659258262890683,55.0,922.5,1.0,0.6363636363636364,3.0,0.8181818181818182
1,2015-01-29 21:16:08,2015-01-29 21:54:29,20337d9ceb6b6438f1195b399ed0a0e2,sandwich,3,2.0,3340.0,2.0,1595.0,1745.0,22.0,24.0,31.0,38.35,21,3,0,-0.7071067811865477,0.7071067811865474,150.0,1670.0,1.0,1.0434782608695652,0.0,1.3478260869565217
2,2015-01-31 01:27:32,2015-01-31 02:03:27,5067ed417ec5779207a81178c50017b4,other,3,3.0,4700.0,3.0,1200.0,1800.0,20.0,15.0,16.0,35.916666666666664,1,5,1,0.25881904510252074,0.9659258262890683,600.0,1566.6666666666667,1.0,0.7142857142857143,5.0,0.7619047619047619
3,2015-01-25 21:03:09,2015-01-25 21:56:00,1fc8c3d03b0021478a8c9ebdcd457c67,fast,4,4.0,1059.0,4.0,128.0,511.0,19.0,16.0,15.0,52.85,21,6,1,-0.7071067811865477,0.7071067811865474,383.0,264.75,1.0,0.8,3.0,0.75
2,2015-01-24 02:44:49,2015-01-24 03:48:09,aa2a77371374094fe9e0bc1de3f94ed9,sandwich,2,3.0,2290.0,3.0,700.0,795.0,130.0,129.0,208.0,63.333333333333336,2,5,1,0.49999999999999994,0.8660254037844387,95.0,763.3333333333334,1.0,0.9847328244274809,1.0,1.5877862595419847
5,2015-02-07 03:24:44,2015-02-07 04:38:03,0e16366727185813f59d4a9467878901,thai,5,2.0,1650.0,2.0,700.0,950.0,56.0,56.0,100.0,73.31666666666666,3,5,1,0.7071067811865475,0.7071067811865476,250.0,825.0,1.0,0.9824561403508771,0.0,1.7543859649122806
4,2015-02-10 04:07:25,2015-02-10 04:56:11,e165421110ba03099a1c0393373c5b43,burger,5,4.0,2346.0,4.0,249.0,989.0,57.0,58.0,87.0,48.766666666666666,4,1,0,0.8660254037844386,0.5000000000000001,740.0,586.5,1.0,1.0,0.0,1.5
1,2015-01-21 19:27:09,2015-01-21 20:35:52,dc7b367cfb9b38b3558bd127ad5c6696,other,1,3.0,2516.0,3.0,574.0,905.0,17.0,12.0,13.0,68.71666666666667,19,2,0,-0.9659258262890684,0.2588190451025203,331.0,838.6666666666666,1.0,0.6666666666666666,5.0,0.7222222222222222
3,2015-02-18 03:24:17,2015-02-18 04:40:04,e9257036daf20f062a498aab563d7712,burger,2,2.0,1223.0,2.0,324.0,799.0,36.0,30.0,32.0,75.78333333333333,3,2,0,0.7071067811865475,0.7071067811865476,475.0,611.5,1.0,0.8108108108108109,6.0,0.8648648648648649
2,2015-02-10 01:51:51,2015-02-10 02:42:29,82debd8a12b498e765a11a8e51159440,other,1,1.0,2399.0,1.0,2399.0,2399.0,89.0,83.0,112.0,50.63333333333333,1,1,0,0.25881904510252074,0.9659258262890683,0.0,2399.0,1.0,0.9222222222222223,6.0,1.2444444444444445
2,2015-01-31 02:01:54,2015-01-31 03:33:01,140f6969d5213fd0ece03148e62e461e,japanese,2,3.0,4890.0,3.0,690.0,2800.0,119.0,83.0,180.0,91.11666666666666,2,5,1,0.49999999999999994,0.8660254037844387,2110.0,1630.0,1.0,0.6916666666666667,36.0,1.5
1,2015-01-25 02:53:38,2015-01-25 04:08:32,b7c0c7d6ce233d0fe18625ea3cd5bdb1,pizza,3,4.0,5356.0,4.0,1079.0,1389.0,12.0,13.0,24.0,74.9,2,6,1,0.49999999999999994,0.8660254037844387,310.0,1339.0,1.0,1.0,0.0,1.8461538461538463
3,2015-02-18 03:00:43,2015-02-18 03:58:50,3cf56c93d83be246a1e28f0abb588345,pizza,1,2.0,2248.0,2.0,899.0,1199.0,11.0,10.0,12.0,58.11666666666667,3,2,0,0.7071067811865475,0.7071067811865476,300.0,1124.0,1.0,0.8333333333333334,1.0,1.0
6,2015-02-17 05:41:15,2015-02-17 06:14:22,48dd34fa4a5fc8e0045aba1952e1818e,unknown,3,2.0,2170.0,2.0,995.0,995.0,37.0,34.0,41.0,33.11666666666667,5,1,0,0.9659258262890683,0.25881904510252074,0.0,1085.0,1.0,0.8947368421052632,3.0,1.0789473684210527
5,2015-01-23 21:17:32,2015-01-23 22:06:27,2eace51d8f796d04991c831a07059758,pizza,1,6.0,2439.0,6.0,117.0,870.0,54.0,52.0,57.0,48.916666666666664,21,4,0,-0.7071067811865477,0.7071067811865474,753.0,406.5,1.0,0.9454545454545454,2.0,1.0363636363636364
3,2015-01-24 21:00:57,2015-01-24 21:47:52,d01eeca8b24321cd2fe89dd85b9beb51,other,1,9.0,4025.0,7.0,0.0,800.0,17.0,16.0,15.0,46.916666666666664,21,5,1,-0.7071067811865477,0.7071067811865474,800.0,447.22222222222223,1.2857142857142858,0.8888888888888888,1.0,0.8333333333333334
2,2015-02-10 03:02:17,2015-02-10 03:59:14,d03a857a23b5285736c4d55e0bb067c8,pizza,3,2.0,1690.0,1.0,845.0,845.0,92.0,93.0,150.0,56.95,3,1,0,0.7071067811865475,0.7071067811865476,0.0,845.0,2.0,1.0,0.0,1.6129032258064515
4,2015-02-10 01:55:26,2015-02-10 03:00:54,1f0e3dad99908345f7439f8ffabdffc4,other,1,6.0,4660.0,5.0,380.0,1500.0,78.0,73.0,117.0,65.46666666666667,1,1,0,0.25881904510252074,0.9659258262890683,1120.0,776.6666666666666,1.2,0.9240506329113924,5.0,1.481012658227848
5,2015-02-01 02:48:19,2015-02-01 03:44:04,0c0cfd9478c6551fbfe74a7acb6fc037,american,1,4.0,5196.0,4.0,1049.0,1799.0,23.0,13.0,24.0,55.75,2,6,1,0.49999999999999994,0.8660254037844387,750.0,1299.0,1.0,0.5416666666666666,10.0,1.0
1,2015-01-22 04:26:30,2015-01-22 05:24:31,c7b90b0fc23725f299b47c5224e6ec0d,sandwich,3,2.0,1455.0,2.0,260.0,895.0,26.0,26.0,25.0,58.016666666666666,4,3,0,0.8660254037844386,0.5000000000000001,635.0,727.5,1.0,0.9629629629629629,0.0,0.9259259259259259
2,2015-02-05 19:32:18,2015-02-05 20:09:25,d43ab110ab2489d6b9b2caa394bf920f,mexican,5,2.0,1848.0,2.0,699.0,999.0,45.0,42.0,65.0,37.11666666666667,19,3,0,-0.9659258262890684,0.2588190451025203,300.0,924.0,1.0,0.9130434782608695,3.0,1.4130434782608696
5,2015-02-09 02:42:32,2015-02-09 03:35:48,b2531e7bb29bf22e1daae486fae3417a,american,2,2.0,1148.0,2.0,549.0,599.0,23.0,21.0,32.0,53.266666666666666,2,0,0,0.49999999999999994,0.8660254037844387,50.0,574.0,1.0,0.875,2.0,1.3333333333333333
6,2015-02-07 20:04:06,2015-02-07 20:25:38,82836ca597a373e6c3cd5ae2d466161e,mexican,2,2.0,1200.0,2.0,395.0,650.0,37.0,34.0,41.0,21.533333333333335,20,5,1,-0.8660254037844386,0.5000000000000001,255.0,600.0,1.0,0.8947368421052632,3.0,1.0789473684210527
4,2015-01-22 22:30:19,2015-01-22 23:00:16,cc298d5bc587e1b650f80e10449ee9d5,other,5,1.0,1050.0,1.0,850.0,850.0,27.0,16.0,16.0,29.95,22,3,0,-0.5000000000000004,0.8660254037844384,0.0,1050.0,1.0,0.5714285714285714,11.0,0.5714285714285714
4,2015-01-23 23:58:56,2015-01-24 00:29:28,d757719ed7c2b66dd17dcee2a3cb29f4,japanese,3,5.0,3630.0,5.0,150.0,1295.0,43.0,15.0,15.0,30.533333333333335,23,4,0,-0.25881904510252157,0.9659258262890681,1145.0,726.0,1.0,0.3409090909090909,28.0,0.3409090909090909
1,2015-01-31 18:21:27,2015-01-31 19:07:06,82b311985747d95c7164ae295f539c95,american,3,4.0,4445.0,4.0,650.0,1495.0,4.0,3.0,4.0,45.65,18,5,1,-1.0,-1.8369701987210297e-16,845.0,1111.25,1.0,0.6,1.0,0.8
3,2015-01-29 01:20:23,2015-01-29 02:16:16,bd3ef5c19067fe179f71c8b86ea4b39b,unknown,1,6.0,2550.0,6.0,350.0,500.0,22.0,22.0,22.0,55.88333333333333,1,3,0,0.25881904510252074,0.9659258262890683,150.0,425.0,1.0,0.9565217391304348,0.0,0.9565217391304348
1,2015-02-07 15:49:42,2015-02-07 16:31:55,15fd459bc66aa8401543d8f4d1d80d97,fast,4,5.0,1226.0,2.0,128.0,421.0,1.0,0.0,0.0,42.21666666666667,15,5,1,-0.7071067811865471,-0.7071067811865479,293.0,245.2,2.5,0.0,1.0,0.0
1,2015-02-05 23:46:31,2015-02-06 01:11:13,d47bf0af618a3523a226ed7cada85ce3,other,1,2.0,1518.0,2.0,649.0,649.0,10.0,12.0,15.0,84.7,23,3,0,-0.25881904510252157,0.9659258262890681,0.0,759.0,1.0,1.0909090909090908,0.0,1.3636363636363635
2,2015-01-28 23:13:55,2015-01-28 23:40:21,be3e9d3f7d70537357c67bb3f4086846,sandwich,5,2.0,1897.0,2.0,898.0,999.0,16.0,10.0,10.0,26.433333333333334,23,2,0,-0.25881904510252157,0.9659258262890681,101.0,948.5,1.0,0.5882352941176471,6.0,0.5882352941176471
5,2015-01-31 03:43:49,2015-01-31 04:23:55,0f0e13216262f4a201bec128044dd30f,mexican,1,4.0,1945.0,4.0,250.0,550.0,54.0,39.0,62.0,40.1,3,5,1,0.7071067811865475,0.7071067811865476,300.0,486.25,1.0,0.7090909090909091,15.0,1.1272727272727272
2,2015-01-24 01:18:10,2015-01-24 02:37:20,485843481a7edacbfce101ecb1e4d2a8,barbecue,1,4.0,5370.0,4.0,395.0,1895.0,67.0,67.0,94.0,79.16666666666667,1,5,1,0.25881904510252074,0.9659258262890683,1500.0,1342.5,1.0,0.9852941176470589,0.0,1.3823529411764706
1,2015-01-24 00:54:26,2015-01-24 01:37:45,184260348236f9554fe9375772ff966e,pizza,5,6.0,5300.0,4.0,350.0,1050.0,26.0,19.0,18.0,43.31666666666667,0,5,1,0.0,1.0,700.0,883.3333333333334,1.5,0.7037037037037037,7.0,0.6666666666666666
5,2015-02-14 01:32:00,2015-02-14 02:12:09,841b60e20ff680b0d59aa9d6902fe289,vietnamese,2,2.0,1900.0,1.0,950.0,950.0,24.0,10.0,10.0,40.15,1,5,1,0.25881904510252074,0.9659258262890683,0.0,950.0,2.0,0.4,14.0,0.4
6,2015-02-08 00:57:07,2015-02-08 01:31:58,c7d0e7e2922845f3e1185d246d01365d,burger,4,2.0,1722.0,2.0,349.0,799.0,37.0,34.0,41.0,34.85,0,6,1,0.0,1.0,450.0,861.0,1.0,0.8947368421052632,3.0,1.0789473684210527
2,2015-02-18 03:24:14,2015-02-18 03:52:32,96de2547f44254c97f5f4f1f402711c1,other,5,2.0,1575.0,2.0,750.0,825.0,81.0,59.0,63.0,28.3,3,2,0,0.7071067811865475,0.7071067811865476,75.0,787.5,1.0,0.7195121951219512,22.0,0.7682926829268293
4,2015-01-22 01:43:06,2015-01-22 02:16:34,335d3d1cd7ef05ec77714a215134914c,mexican,3,4.0,2840.0,3.0,325.0,1195.0,87.0,90.0,112.0,33.46666666666667,1,3,0,0.25881904510252074,0.9659258262890683,870.0,710.0,1.3333333333333333,1.0227272727272727,0.0,1.2727272727272727
3,2015-01-23 03:56:35,2015-01-23 04:24:15,621c090c3a61c6809130675a63897a0f,other,1,2.0,2395.0,2.0,1100.0,1295.0,28.0,28.0,32.0,27.666666666666668,3,4,0,0.7071067811865475,0.7071067811865476,195.0,1197.5,1.0,0.9655172413793104,0.0,1.103448275862069
2,2015-02-16 20:30:24,2015-02-16 21:15:25,d9b1655c134b831076d6c45620a78c33,burger,4,3.0,1247.0,3.0,269.0,669.0,40.0,39.0,59.0,45.016666666666666,20,0,0,-0.8660254037844386,0.5000000000000001,400.0,415.6666666666667,1.0,0.9512195121951219,1.0,1.4390243902439024
5,2015-02-03 05:05:53,2015-02-03 05:45:39,be26abe76fb5c8a4921cf9d3e865b454,dessert,5,2.0,1700.0,1.0,850.0,850.0,21.0,18.0,17.0,39.766666666666666,5,1,0,0.9659258262890683,0.25881904510252074,0.0,850.0,2.0,0.8181818181818182,3.0,0.7727272727272727
4,2015-02-03 01:48:55,2015-02-03 02:53:47,c203d8a151612acf12457e4d67635a95,thai,5,5.0,3190.0,4.0,175.0,1095.0,59.0,59.0,116.0,64.86666666666666,1,1,0,0.25881904510252074,0.9659258262890683,920.0,638.0,1.25,0.9833333333333333,0.0,1.9333333333333333
4,2015-02-09 01:51:56,2015-02-09 02:31:18,fdb72cbd0be58617706a18144e4edd05,american,5,4.0,4100.0,4.0,500.0,1600.0,91.0,60.0,134.0,39.36666666666667,1,0,0,0.25881904510252074,0.9659258262890683,1100.0,1025.0,1.0,0.6521739130434783,31.0,1.4565217391304348
1,2015-02-10 03:54:01,2015-02-10 04:37:54,83f344600d15cbf1ed5cb005db32f994,vietnamese,1,3.0,1925.0,3.0,300.0,1125.0,40.0,41.0,42.0,43.88333333333333,3,1,0,0.7071067811865475,0.7071067811865476,825.0,641.6666666666666,1.0,1.0,0.0,1.024390243902439
1,2015-02-05 02:10:32,2015-02-05 03:18:35,68fc266c3090819707d3c4c6cdcc1ed5,mexican,1,3.0,1025.0,2.0,275.0,375.0,45.0,48.0,71.0,68.05,2,3,0,0.49999999999999994,0.8660254037844387,100.0,341.6666666666667,1.5,1.0434782608695652,0.0,1.5434782608695652
3,2015-01-24 02:21:08,2015-01-24 03:20:43,38181d991caac98be8fb2ecb8bd0f166,american,5,1.0,3036.0,1.0,2986.0,3087.0,61.0,55.0,69.0,59.583333333333336,2,5,1,0.49999999999999994,0.8660254037844387,101.0,3036.0,1.0,0.8870967741935484,6.0,1.1129032258064515
2,2015-01-25 02:26:50,2015-01-25 03:16:14,c6dd60a67f164c8a38cf909467b7415a,fast,4,2.0,1160.0,2.0,535.0,611.0,109.0,120.0,177.0,49.4,2,6,1,0.49999999999999994,0.8660254037844387,76.0,580.0,1.0,1.0909090909090908,0.0,1.6090909090909091
1,2015-01-31 20:23:48,2015-01-31 21:30:52,ec24a54d62ce57ba93a531b460fa8d18,sandwich,1,6.0,5365.0,6.0,375.0,1350.0,5.0,5.0,5.0,67.06666666666666,20,5,1,-0.8660254037844386,0.5000000000000001,975.0,894.1666666666666,1.0,0.8333333333333334,0.0,0.8333333333333334
3,2015-02-15 19:11:49,2015-02-15 19:56:46,78cabbe97c1c97a042724b779fcd5e14,mexican,3,3.0,3015.0,1.0,1005.0,1005.0,3.0,1.0,1.0,44.95,19,6,1,-0.9659258262890684,0.2588190451025203,0.0,1005.0,3.0,0.25,2.0,0.25
4,2015-01-30 04:37:40,2015-01-30 05:01:34,71f78523376fc3eb23be9316f6f6126e,unknown,1,1.0,1299.0,1.0,1299.0,1299.0,63.0,51.0,57.0,23.9,4,4,0,0.8660254037844386,0.5000000000000001,0.0,1299.0,1.0,0.796875,12.0,0.890625
5,2015-02-05 19:41:00,2015-02-05 20:34:40,8e241a00e2905962b86a2e25a7945c70,other,3,3.0,2047.0,3.0,349.0,899.0,14.0,14.0,23.0,53.666666666666664,19,3,0,-0.9659258262890684,0.2588190451025203,550.0,682.3333333333334,1.0,0.9333333333333333,0.0,1.5333333333333334
5,2015-02-02 01:57:16,2015-02-02 04:03:36,8922176f5043c3196357e6e8d2d50852,japanese,4,10.0,6660.0,9.0,450.0,1295.0,37.0,28.0,40.0,126.33333333333333,1,0,0,0.25881904510252074,0.9659258262890683,845.0,666.0,1.1111111111111112,0.7368421052631579,9.0,1.0526315789473684
1,2015-01-27 16:10:07,2015-01-27 17:07:15,21f08cc6cfc56fdbeade7c9d8bd78aa1,other,4,2.0,1138.0,2.0,449.0,529.0,1.0,0.0,0.0,57.13333333333333,16,1,0,-0.8660254037844384,-0.5000000000000004,80.0,569.0,1.0,0.0,1.0,0.0
6,2015-02-17 04:10:36,2015-02-17 04:33:51,f0b76267fbe12b936bd65e203dc675c1,burger,1,2.0,720.0,2.0,175.0,445.0,37.0,34.0,41.0,23.25,4,1,0,0.8660254037844386,0.5000000000000001,270.0,360.0,1.0,0.8947368421052632,3.0,1.0789473684210527
4,2015-01-25 03:09:17,2015-01-25 04:05:49,a74c3bae3e13616104c1b25f9da1f11f,burger,4,8.0,3602.0,3.0,309.0,729.0,104.0,129.39499999998952,122.0,56.53333333333333,3,6,1,0.7071067811865475,0.7071067811865476,420.0,450.25,2.6666666666666665,1.2323333333332336,0.0,1.161904761904762
2,2015-02-08 01:22:28,2015-02-08 01:45:09,81d36e0c6ae485f2a087864badfdc202,mexican,5,4.0,1816.0,3.0,279.0,799.0,100.0,85.0,98.0,22.683333333333334,1,6,1,0.25881904510252074,0.9659258262890683,520.0,454.0,1.3333333333333333,0.8415841584158416,15.0,0.9702970297029703
1,2015-02-08 02:56:30,2015-02-08 04:06:33,7c9966afcc510cf5a40621d1d92bdaf1,japanese,2,7.0,3880.0,7.0,150.0,995.0,11.0,12.0,25.0,70.05,2,6,1,0.49999999999999994,0.8660254037844387,845.0,554.2857142857143,1.0,1.0,0.0,2.0833333333333335
4,2015-01-24 02:22:20,2015-01-24 02:54:13,a86c450b76fb8c371afead6410d55534,mexican,5,3.0,2545.0,2.0,375.0,1085.0,126.0,106.0,178.0,31.883333333333333,2,5,1,0.49999999999999994,0.8660254037844387,710.0,848.3333333333334,1.5,0.8346456692913385,20.0,1.4015748031496063
1,2015-02-14 19:38:58,2015-02-14 19:59:09,eddb904a6db773755d2857aacadb1cb0,mexican,3,4.0,4250.0,4.0,600.0,1500.0,12.0,12.0,17.0,20.183333333333334,19,5,1,-0.9659258262890684,0.2588190451025203,900.0,1062.5,1.0,0.9230769230769231,0.0,1.3076923076923077
1,2015-01-26 01:45:16,2015-01-26 02:32:12,c22abfa379f38b5b0411bc11fa9bf92f,mexican,3,2.0,2475.0,2.0,1200.0,1200.0,28.0,29.0,50.0,46.93333333333333,1,0,0,0.25881904510252074,0.9659258262890683,0.0,1237.5,1.0,1.0,0.0,1.7241379310344827
2,2015-02-15 04:25:12,2015-02-15 05:36:53,9fe97fff97f089661135d0487843108e,pizza,3,2.0,4598.0,2.0,1499.0,1499.0,44.0,42.0,83.0,71.68333333333334,4,6,1,0.8660254037844386,0.5000000000000001,0.0,2299.0,1.0,0.9333333333333333,2.0,1.8444444444444446
2,2015-01-28 02:25:15,2015-01-28 03:11:55,caf1a3dfb505ffed0d024130f58c5cfa,mexican,5,3.0,1505.0,3.0,255.0,900.0,83.0,61.0,95.0,46.666666666666664,2,2,0,0.49999999999999994,0.8660254037844387,645.0,501.6666666666667,1.0,0.7261904761904762,22.0,1.130952380952381
4,2015-02-08 23:14:40,2015-02-08 23:56:50,6f4922f45568161a8cdf4ad2299f6d23,other,3,1.0,1175.0,1.0,1025.0,1025.0,36.0,29.0,32.0,42.166666666666664,23,6,1,-0.25881904510252157,0.9659258262890681,0.0,1175.0,1.0,0.7837837837837838,7.0,0.8648648648648649
4,2015-02-09 22:38:16,2015-02-09 23:09:13,bf5cd8b2509011b9502a72296edc14a0,other,3,2.0,1340.0,2.0,245.0,1095.0,19.0,10.0,10.0,30.95,22,0,0,-0.5000000000000004,0.8660254037844384,850.0,670.0,1.0,0.5,9.0,0.5
1,2015-02-09 02:25:04,2015-02-09 03:45:55,fd4c2dc64ccb8496e6f1f94c85f30d06,american,5,5.0,4245.0,5.0,375.0,1065.0,17.0,17.0,31.0,80.85,2,0,0,0.49999999999999994,0.8660254037844387,690.0,849.0,1.0,0.9444444444444444,0.0,1.7222222222222223
2,2015-02-10 03:09:06,2015-02-10 03:42:29,46a558d97954d0692411c861cf78ef79,dessert,5,1.0,540.0,1.0,385.0,385.0,83.0,89.0,140.0,33.38333333333333,3,1,0,0.7071067811865475,0.7071067811865476,0.0,540.0,1.0,1.0595238095238095,0.0,1.6666666666666667
2,2015-02-15 18:43:05,2015-02-15 19:06:18,f15d337c70078947cfe1b5d6f0ed3f13,dessert,5,3.0,3880.0,3.0,1195.0,1195.0,36.0,35.0,43.0,23.216666666666665,18,6,1,-1.0,-1.8369701987210297e-16,0.0,1293.3333333333333,1.0,0.9459459459459459,1.0,1.162162162162162
2,2015-02-01 03:17:25,2015-02-01 04:01:26,3a1dd98341fafc1dfe9bcf36360e6b84,thai,4,4.0,3000.0,4.0,100.0,1775.0,93.0,92.0,157.0,44.016666666666666,3,6,1,0.7071067811865475,0.7071067811865476,1675.0,750.0,1.0,0.9787234042553191,1.0,1.6702127659574468
4,2015-02-04 01:10:59,2015-02-04 01:45:05,eeb74a8ddfbb606f20020fd92e80aa0f,fast,4,7.0,3813.0,7.0,0.0,2975.0,73.0,64.0,76.0,34.1,1,2,0,0.25881904510252074,0.9659258262890683,2975.0,544.7142857142857,1.0,0.8648648648648649,9.0,1.027027027027027
4,2015-01-31 20:47:27,2015-01-31 21:12:51,f2d887e01a80e813d9080038decbbabb,mexican,3,15.0,9120.0,6.0,275.0,1125.0,52.0,50.0,56.0,25.4,20,5,1,-0.8660254037844386,0.5000000000000001,850.0,608.0,2.5,0.9433962264150944,2.0,1.0566037735849056
3,2015-02-05 02:48:47,2015-02-05 03:32:46,ab9989d9b7160b800aaa1251b561c14d,italian,3,4.0,5896.0,3.0,799.0,1799.0,45.0,44.0,44.0,43.983333333333334,2,3,0,0.49999999999999994,0.8660254037844387,1000.0,1474.0,1.3333333333333333,0.9565217391304348,1.0,0.9565217391304348
4,2015-01-21 21:57:11,2015-01-21 22:32:03,dc5689792e08eb2e219dce49e64c885b,mediterranean,2,1.0,1450.0,1.0,1450.0,1450.0,32.0,21.0,21.0,34.86666666666667,21,2,0,-0.7071067811865477,0.7071067811865474,0.0,1450.0,1.0,0.6363636363636364,11.0,0.6363636363636364
2,2015-01-31 02:33:30,2015-01-31 03:20:17,712a3c9878efeae8ff06d57432016ceb,vietnamese,1,4.0,2150.0,3.0,325.0,775.0,49.0,41.0,95.0,46.78333333333333,2,5,1,0.49999999999999994,0.8660254037844387,450.0,537.5,1.3333333333333333,0.82,8.0,1.9
2,2015-02-09 01:23:41,2015-02-09 02:02:23,caf1a3dfb505ffed0d024130f58c5cfa,mexican,5,3.0,2240.0,3.0,450.0,795.0,95.0,73.0,104.0,38.7,1,0,0,0.25881904510252074,0.9659258262890683,345.0,746.6666666666666,1.0,0.7604166666666666,22.0,1.0833333333333333
2,2015-01-31 04:29:16,2015-01-31 05:10:26,c52f1bd66cc19d05628bd8bf27af3ad6,pizza,5,1.0,2900.0,1.0,2700.0,2700.0,112.0,110.0,164.0,41.166666666666664,4,5,1,0.8660254037844386,0.5000000000000001,0.0,2900.0,1.0,0.9734513274336283,2.0,1.4513274336283186
4,2015-02-12 02:50:18,2015-02-12 03:52:31,d0cbf1a1aa1726784df15a81ead214f7,greek,5,2.0,1898.0,2.0,799.0,1099.0,111.0,110.0,198.0,62.21666666666667,2,3,0,0.49999999999999994,0.8660254037844387,300.0,949.0,1.0,0.9821428571428571,1.0,1.7678571428571428
2,2015-01-21 22:12:51,2015-01-21 22:34:34,d81f9c1be2e08964bf9f24b15f0e4900,unknown,3,2.0,1990.0,1.0,995.0,995.0,20.0,23.0,37.0,21.716666666666665,22,2,0,-0.5000000000000004,0.8660254037844384,0.0,995.0,2.0,1.0952380952380953,0.0,1.7619047619047619
2,2015-02-10 04:46:39,2015-02-10 05:17:18,dd363b260a3b26e9ebdc93193730e961,dessert,3,2.0,1208.0,2.0,529.0,679.0,43.0,50.0,65.0,30.65,4,1,0,0.8660254037844386,0.5000000000000001,150.0,604.0,1.0,1.1363636363636365,0.0,1.4772727272727273
5,2015-01-31 03:20:11,2015-01-31 05:00:33,34dd3675a36242216e981ddc1c3064b0,burger,4,4.0,2126.0,4.0,279.0,829.0,21.0,19.0,33.0,100.36666666666666,3,5,1,0.7071067811865475,0.7071067811865476,550.0,531.5,1.0,0.8636363636363636,2.0,1.5
5,2015-02-10 21:27:07,2015-02-10 21:56:03,596e14c90f7e665cef811c43fd8f2b87,other,1,1.0,949.0,1.0,949.0,949.0,21.0,18.0,11.0,28.933333333333334,21,1,0,-0.7071067811865477,0.7071067811865474,0.0,949.0,1.0,0.8181818181818182,3.0,0.5
6,2015-01-23 20:00:33,2015-01-23 20:30:44,ff42b03a06a1bed4e936f0e04958e168,other,5,1.0,1000.0,1.0,700.0,700.0,37.0,34.0,41.0,30.183333333333334,20,4,0,-0.8660254037844386,0.5000000000000001,0.0,1000.0,1.0,0.8947368421052632,3.0,1.0789473684210527
1,2015-02-04 02:36:08,2015-02-04 03:25:02,ca0daec69b5adc880fb464895726dbdf,american,5,5.0,3510.0,4.0,375.0,965.0,47.0,48.0,58.0,48.9,2,2,0,0.49999999999999994,0.8660254037844387,590.0,702.0,1.25,1.0,0.0,1.2083333333333333
4,2015-01-23 01:27:49,2015-01-23 02:06:16,51ef186e18dc00c2d31982567235c559,mexican,3,2.0,1475.0,1.0,700.0,700.0,55.0,49.0,63.0,38.45,1,4,0,0.25881904510252074,0.9659258262890683,0.0,737.5,2.0,0.875,6.0,1.125
1,2015-02-10 20:52:53,2015-02-10 21:46:19,31bd51a7403b980bf1039518120712e0,mexican,1,4.0,2880.0,3.0,190.0,915.0,24.0,24.0,28.0,53.43333333333333,20,1,0,-0.8660254037844386,0.5000000000000001,725.0,720.0,1.3333333333333333,0.96,0.0,1.12
2,2015-02-17 04:04:03,2015-02-17 04:41:34,95e62984b87e90645a5cf77037395959,american,1,3.0,5100.0,3.0,1000.0,2450.0,63.0,40.0,46.0,37.516666666666666,4,1,0,0.8660254037844386,0.5000000000000001,1450.0,1700.0,1.0,0.625,23.0,0.71875
6,2015-02-12 00:07:43,2015-02-12 00:40:44,a08b088d8a1818286c3641bb88a36ca9,burger,2,4.0,1740.0,3.0,150.0,695.0,37.0,34.0,41.0,33.016666666666666,0,3,0,0.0,1.0,545.0,435.0,1.3333333333333333,0.8947368421052632,3.0,1.0789473684210527
4,2015-02-06 02:38:55,2015-02-06 03:26:20,8a1276c25f5efe85f0fc4020fbf5b4f8,pizza,5,4.0,5200.0,4.0,700.0,2100.0,133.0,108.0,171.0,47.416666666666664,2,4,0,0.49999999999999994,0.8660254037844387,1400.0,1300.0,1.0,0.8059701492537313,25.0,1.2761194029850746
1,2015-02-12 03:48:00,2015-02-12 04:31:27,60b2149f6bafd1cc9d505496f09160ba,burger,1,1.0,1278.0,1.0,629.0,629.0,58.0,59.0,64.0,43.45,3,3,0,0.7071067811865475,0.7071067811865476,0.0,1278.0,1.0,1.0,0.0,1.0847457627118644
4,2015-02-05 20:41:09,2015-02-05 22:11:26,d6baf65e0b240ce177cf70da146c8dc8,vietnamese,2,3.0,2520.0,3.0,550.0,995.0,56.0,53.0,58.0,90.28333333333333,20,3,0,-0.8660254037844386,0.5000000000000001,445.0,840.0,1.0,0.9298245614035088,3.0,1.0175438596491229
4,2015-02-10 19:30:40,2015-02-10 20:24:07,d1d5923fc822531bbfd9d87d4760914b,salad,3,2.0,1477.0,2.0,370.0,691.0,64.0,55.0,95.0,53.45,19,1,0,-0.9659258262890684,0.2588190451025203,321.0,738.5,1.0,0.8461538461538461,9.0,1.4615384615384615
3,2015-01-29 22:40:53,2015-01-30 00:16:43,26310c700ffd1b5095454f336ae96648,other,4,4.0,1916.0,3.0,449.0,489.0,11.0,8.0,6.0,95.83333333333333,22,3,0,-0.5000000000000004,0.8660254037844384,40.0,479.0,1.3333333333333333,0.6666666666666666,3.0,0.5
6,2015-02-16 21:42:07,2015-02-16 22:25:48,d04863f100d59b3eb688a11f95b0ae60,pizza,2,2.0,3815.0,2.0,700.0,1800.0,37.0,34.0,41.0,43.68333333333333,21,0,0,-0.7071067811865477,0.7071067811865474,1100.0,1907.5,1.0,0.8947368421052632,3.0,1.0789473684210527
2,2015-01-25 03:13:19,2015-01-25 04:09:59,723dadb8c699bf14f74503dbcb6e09c1,pizza,1,1.0,1695.0,1.0,1695.0,1695.0,109.0,122.0,183.0,56.666666666666664,3,6,1,0.7071067811865475,0.7071067811865476,0.0,1695.0,1.0,1.1090909090909091,0.0,1.6636363636363636
1,2015-02-07 04:17:25,2015-02-07 05:12:44,18de4beb01f6a17b6e1dfb9813ba6045,american,5,1.0,1065.0,1.0,1065.0,1065.0,42.0,45.0,64.0,55.31666666666667,4,5,1,0.8660254037844386,0.5000000000000001,0.0,1065.0,1.0,1.0465116279069768,0.0,1.4883720930232558
2,2015-02-15 02:43:41,2015-02-15 03:25:36,d43ab110ab2489d6b9b2caa394bf920f,mexican,5,3.0,1863.0,3.0,275.0,799.0,124.0,116.0,198.0,41.916666666666664,2,6,1,0.49999999999999994,0.8660254037844387,524.0,621.0,1.0,0.928,8.0,1.584
2,2015-02-15 16:55:33,2015-02-15 17:36:56,0df5627695c1aaf2a2be5c738a80f0c3,breakfast,2,3.0,1973.0,2.0,599.0,775.0,23.0,22.0,24.0,41.38333333333333,16,6,1,-0.8660254037844384,-0.5000000000000004,176.0,657.6666666666666,1.5,0.9166666666666666,1.0,1.0
5,2015-02-11 20:29:16,2015-02-11 21:03:52,8612c55d2969d1f587bf1c5aaaa32964,chinese,5,2.0,1520.0,2.0,725.0,795.0,23.0,21.0,36.0,34.6,20,2,0,-0.8660254037844386,0.5000000000000001,70.0,760.0,1.0,0.875,2.0,1.5
2,2015-02-02 19:19:59,2015-02-02 20:36:19,b2ea5e977c5fc1ccfa74171a9723dd61,american,3,5.0,4095.0,5.0,95.0,1650.0,21.0,17.0,20.0,76.33333333333333,19,0,0,-0.9659258262890684,0.2588190451025203,1555.0,819.0,1.0,0.7727272727272727,4.0,0.9090909090909091
1,2015-01-29 23:34:45,2015-01-30 00:01:53,a4939072217b46203c4f5764cb4dac40,salad,2,2.0,760.0,2.0,65.0,695.0,11.0,10.0,9.0,27.133333333333333,23,3,0,-0.25881904510252157,0.9659258262890681,630.0,380.0,1.0,0.8333333333333334,1.0,0.75
2,2015-02-02 20:29:50,2015-02-02 21:15:45,dc6e224a8d74ce03bf301152d6e33e97,burger,4,3.0,1387.0,3.0,229.0,669.0,48.0,40.0,74.0,45.916666666666664,20,0,0,-0.8660254037844386,0.5000000000000001,440.0,462.3333333333333,1.0,0.8163265306122449,8.0,1.510204081632653
3,2015-01-24 03:06:25,2015-01-24 03:52:54,09b69adcd7cbae914c6204984097d2da,italian,4,4.0,5080.0,4.0,595.0,2095.0,60.0,58.0,58.0,46.483333333333334,3,5,1,0.7071067811865475,0.7071067811865476,1500.0,1270.0,1.0,0.9508196721311475,2.0,0.9508196721311475
2,2015-02-16 05:06:07,2015-02-16 05:27:50,d43ab110ab2489d6b9b2caa394bf920f,mexican,5,3.0,1547.0,3.0,349.0,799.0,74.0,56.0,54.0,21.716666666666665,5,0,0,0.9659258262890683,0.25881904510252074,450.0,515.6666666666666,1.0,0.7466666666666667,18.0,0.72
2,2015-02-03 23:27:56,2015-02-03 23:49:46,70fc5f043205720a49d973d280eb83e7,pizza,3,1.0,800.0,1.0,800.0,800.0,13.0,13.0,13.0,21.833333333333332,23,1,0,-0.25881904510252157,0.9659258262890681,0.0,800.0,1.0,0.9285714285714286,0.0,0.9285714285714286
3,2015-01-27 02:17:37,2015-01-27 03:03:45,59587bffec1c7846f3e34230141556ae,italian,1,1.0,1800.0,1.0,1800.0,1800.0,37.0,34.0,41.0,46.13333333333333,2,1,0,0.49999999999999994,0.8660254037844387,0.0,1800.0,1.0,0.8947368421052632,3.0,1.0789473684210527
4,2015-01-27 01:41:38,2015-01-27 02:22:16,6e2eec9ca19c076736d19ac5426473af,pizza,3,2.0,2998.0,2.0,1199.0,1499.0,76.0,106.0,113.0,40.63333333333333,1,1,0,0.25881904510252074,0.9659258262890683,300.0,1499.0,1.0,1.3766233766233766,0.0,1.4675324675324675
1,2015-01-22 01:26:10,2015-01-22 02:45:23,7d787bb950167c81630d2f1256eec848,american,2,6.0,6800.0,5.0,500.0,1700.0,0.0,0.0,0.0,79.21666666666667,1,3,0,0.25881904510252074,0.9659258262890683,1200.0,1133.3333333333333,1.2,0.0,0.0,0.0
2,2015-02-02 05:41:55,2015-02-02 06:35:01,f5c3dd7514bf620a1b85450d2ae374b1,burger,2,2.0,1111.0,2.0,325.0,549.0,25.0,31.0,55.0,53.1,5,0,0,0.9659258262890683,0.25881904510252074,224.0,555.5,1.0,1.1923076923076923,0.0,2.1153846153846154
3,2015-02-09 01:39:59,2015-02-09 03:40:42,314482e1c52801ef18e49cfbc1d6b284,chinese,4,4.0,1866.0,4.0,349.0,539.0,0.0,0.0,0.0,120.71666666666667,1,0,0,0.25881904510252074,0.9659258262890683,190.0,466.5,1.0,0.0,0.0,0.0
6,2015-02-12 19:12:40,2015-02-12 20:17:53,761c7920f470038d4c8a619c79eddd62,sandwich,5,6.0,2790.0,3.0,125.0,999.0,37.0,34.0,41.0,65.21666666666667,19,3,0,-0.9659258262890684,0.2588190451025203,874.0,465.0,2.0,0.8947368421052632,3.0,1.0789473684210527
2,2015-01-28 03:58:20,2015-01-28 04:27:36,ec5decca5ed3d6b8079e2e7e7bacc9f2,pizza,3,2.0,2825.0,1.0,1150.0,1150.0,47.0,36.0,47.0,29.266666666666666,3,2,0,0.7071067811865475,0.7071067811865476,0.0,1412.5,2.0,0.75,11.0,0.9791666666666666
3,2015-01-23 19:45:13,2015-01-23 20:14:18,86317a3269e7927536b010c2615aeab5,other,4,1.0,1899.0,1.0,1899.0,1899.0,5.0,2.0,3.0,29.083333333333332,19,4,0,-0.9659258262890684,0.2588190451025203,0.0,1899.0,1.0,0.3333333333333333,3.0,0.5
6,2015-02-06 02:07:08,2015-02-06 03:05:57,228a0da874304dbc5274014bf3575244,other,3,4.0,4380.0,4.0,995.0,1095.0,37.0,34.0,41.0,58.81666666666667,2,4,0,0.49999999999999994,0.8660254037844387,100.0,1095.0,1.0,0.8947368421052632,3.0,1.0789473684210527
4,2015-01-26 18:24:18,2015-01-26 19:01:33,93db85ed909c13838ff95ccfa94cebd9,mexican,3,1.0,1035.0,1.0,1035.0,1035.0,10.0,39.0,14.0,37.25,18,0,0,-1.0,-1.8369701987210297e-16,0.0,1035.0,1.0,3.5454545454545454,0.0,1.2727272727272727
4,2015-01-25 19:45:08,2015-01-25 20:17:22,f7177163c833dff4b38fc8d2872f1ec6,dessert,5,2.0,2240.0,2.0,795.0,1150.0,47.0,92.0,38.0,32.233333333333334,19,6,1,-0.9659258262890684,0.2588190451025203,355.0,1120.0,1.0,1.9166666666666667,0.0,0.7916666666666666
1,2015-02-03 02:47:04,2015-02-03 03:27:39,ee7af88f5686a35a7943f5dd9ea727f6,mediterranean,2,2.0,2398.0,2.0,799.0,1599.0,44.0,44.0,81.0,40.583333333333336,2,1,0,0.49999999999999994,0.8660254037844387,800.0,1199.0,1.0,0.9777777777777777,0.0,1.8
2,2015-01-24 01:31:03,2015-01-24 02:26:24,2f55707d4193dc27118a0f19a1985716,indian,3,9.0,4570.0,9.0,200.0,795.0,43.0,29.0,42.0,55.35,1,5,1,0.25881904510252074,0.9659258262890683,595.0,507.77777777777777,1.0,0.6590909090909091,14.0,0.9545454545454546
4,2015-01-28 03:09:10,2015-01-28 03:59:19,d0cbf1a1aa1726784df15a81ead214f7,greek,5,3.0,2997.0,2.0,499.0,1599.0,110.0,105.0,155.0,50.15,3,2,0,0.7071067811865475,0.7071067811865476,1100.0,999.0,1.5,0.9459459459459459,5.0,1.3963963963963963
4,2015-02-13 02:00:25,2015-02-13 03:30:02,c9f0f895fb98ab9159f51fd0297e236d,salad,2,5.0,4410.0,5.0,100.0,1425.0,105.0,101.0,170.0,89.61666666666666,2,4,0,0.49999999999999994,0.8660254037844387,1325.0,882.0,1.0,0.9528301886792453,4.0,1.6037735849056605
4,2015-02-13 01:31:22,2015-02-13 02:23:53,7647966b7343c29048673252e490f736,other,3,10.0,10191.0,8.0,299.0,1599.0,76.0,63.0,103.0,52.516666666666666,1,4,0,0.25881904510252074,0.9659258262890683,1300.0,1019.1,1.25,0.8181818181818182,13.0,1.3376623376623376
2,2015-02-02 02:54:12,2015-02-02 05:13:57,446ac7480f6cd015d176f8b3d28a03b5,pizza,3,1.0,1400.0,1.0,1400.0,1400.0,73.0,76.0,193.0,139.75,2,0,0,0.49999999999999994,0.8660254037844387,0.0,1400.0,1.0,1.027027027027027,0.0,2.608108108108108
2,2015-02-15 02:03:48,2015-02-15 03:11:21,00430c0c1fae276c9713ab5f21167882,american,1,1.0,250.0,1.0,250.0,250.0,52.0,50.0,64.0,67.55,2,6,1,0.49999999999999994,0.8660254037844387,0.0,250.0,1.0,0.9433962264150944,2.0,1.2075471698113207
6,2015-02-10 04:02:00,2015-02-10 04:34:44,df5511886da327a5e2877c3cd733d9d7,japanese,2,2.0,2446.0,2.0,908.0,1009.0,37.0,34.0,41.0,32.733333333333334,4,1,0,0.8660254037844386,0.5000000000000001,101.0,1223.0,1.0,0.8947368421052632,3.0,1.0789473684210527
1,2015-01-24 04:16:00,2015-01-24 04:55:39,aebf7782a3d445f43cf30ee2c0d84dee,pizza,3,3.0,1777.0,3.0,479.0,599.0,25.0,22.0,23.0,39.65,4,5,1,0.8660254037844386,0.5000000000000001,120.0,592.3333333333334,1.0,0.8461538461538461,3.0,0.8846153846153846
6,2015-01-22 20:06:36,2015-01-22 20:34:02,144b603f0ae6f2209ae92712e11c5a78,japanese,1,1.0,1090.0,1.0,895.0,895.0,37.0,34.0,41.0,27.433333333333334,20,3,0,-0.8660254037844386,0.5000000000000001,0.0,1090.0,1.0,0.8947368421052632,3.0,1.0789473684210527
4,2015-02-08 06:07:19,2015-02-08 06:49:10,0609154fa35b3194026346c9cac2a248,american,1,1.0,2118.0,1.0,1699.0,1699.0,13.0,10.0,10.0,41.85,6,6,1,1.0,6.123233995736766e-17,0.0,2118.0,1.0,0.7142857142857143,3.0,0.7142857142857143
4,2015-02-02 21:31:29,2015-02-02 22:12:52,f47d0ad31c4c49061b9e505593e3db98,burger,5,1.0,1550.0,1.0,1225.0,1225.0,15.0,16.0,27.0,41.38333333333333,21,0,0,-0.7071067811865477,0.7071067811865474,0.0,1550.0,1.0,1.0,0.0,1.6875
1,2015-01-30 01:50:04,2015-01-30 02:59:54,8d34201a5b85900908db6cae92723617,american,5,2.0,2250.0,2.0,950.0,1300.0,42.0,42.0,47.0,69.83333333333333,1,4,0,0.25881904510252074,0.9659258262890683,350.0,1125.0,1.0,0.9767441860465116,0.0,1.0930232558139534
4,2015-01-29 23:40:43,2015-01-30 01:09:54,98f13708210194c475687be6106a3b84,mediterranean,2,7.0,6085.0,6.0,200.0,1395.0,29.0,27.0,31.0,89.18333333333334,23,3,0,-0.25881904510252157,0.9659258262890681,1195.0,869.2857142857143,1.1666666666666667,0.9,2.0,1.0333333333333334
1,2015-02-10 02:51:20,2015-02-10 03:16:12,d1dc3a8270a6f9394f88847d7f0050cf,japanese,2,6.0,5639.0,6.0,345.0,1761.0,55.0,51.0,57.0,24.866666666666667,2,1,0,0.49999999999999994,0.8660254037844387,1416.0,939.8333333333334,1.0,0.9107142857142857,4.0,1.0178571428571428
6,2015-02-15 01:01:12,2015-02-15 01:33:58,6e3197aae95c2ff8fcab35cb730f6a86,indian,3,3.0,2285.0,3.0,595.0,1095.0,37.0,34.0,41.0,32.766666666666666,1,6,1,0.25881904510252074,0.9659258262890683,500.0,761.6666666666666,1.0,0.8947368421052632,3.0,1.0789473684210527
2,2015-02-13 03:02:42,2015-02-13 03:52:49,4b4edc2630fe75800ddc29a7b4070add,greek,3,6.0,3896.0,6.0,100.0,1199.0,68.0,66.0,88.0,50.11666666666667,3,4,0,0.7071067811865475,0.7071067811865476,1099.0,649.3333333333334,1.0,0.9565217391304348,2.0,1.2753623188405796
4,2015-01-29 01:14:29,2015-01-29 01:52:07,d1d5923fc822531bbfd9d87d4760914b,salad,3,2.0,1368.0,2.0,479.0,639.0,62.0,46.0,50.0,37.63333333333333,1,3,0,0.25881904510252074,0.9659258262890683,160.0,684.0,1.0,0.7301587301587301,16.0,0.7936507936507936
4,2015-02-04 02:20:22,2015-02-04 02:55:45,c8f1cc280396d04dd0da7a20529a0315,other,3,3.0,4400.0,3.0,1100.0,2100.0,59.0,59.0,73.0,35.38333333333333,2,2,0,0.49999999999999994,0.8660254037844387,1000.0,1466.6666666666667,1.0,0.9833333333333333,0.0,1.2166666666666666
6,2015-02-15 20:18:09,2015-02-15 20:49:51,e0d04159c4304a1f2a5e191f551f3a94,other,1,1.0,1686.0,1.0,1096.0,1204.0,37.0,34.0,41.0,31.7,20,6,1,-0.8660254037844386,0.5000000000000001,108.0,1686.0,1.0,0.8947368421052632,3.0,1.0789473684210527
2,2015-02-02 17:52:05,2015-02-02 18:22:34,5e80048377635f2a67e0e5be24012f09,american,3,3.0,2626.0,2.0,603.0,1003.0,7.0,2.0,19.0,30.483333333333334,17,0,0,-0.9659258262890683,-0.25881904510252063,400.0,875.3333333333334,1.5,0.25,5.0,2.375
1,2015-01-22 22:51:19,2015-01-22 23:31:02,b2ead76dfdc4ae56a2abd1896ec46291,pizza,5,1.0,1135.0,1.0,735.0,735.0,9.0,0.0,0.0,39.71666666666667,22,3,0,-0.5000000000000004,0.8660254037844384,0.0,1135.0,1.0,0.0,9.0,0.0
4,2015-02-14 03:55:14,2015-02-14 04:45:11,28dd2c7955ce926456240b2ff0100bde,japanese,2,8.0,2870.0,3.0,295.0,550.0,98.0,93.0,173.0,49.95,3,5,1,0.7071067811865475,0.7071067811865476,255.0,358.75,2.6666666666666665,0.9393939393939394,5.0,1.7474747474747474
4,2015-02-04 04:30:28,2015-02-04 04:56:59,a86c450b76fb8c371afead6410d55534,mexican,5,2.0,1050.0,2.0,175.0,825.0,57.0,42.0,40.0,26.516666666666666,4,2,0,0.8660254037844386,0.5000000000000001,650.0,525.0,1.0,0.7241379310344828,15.0,0.6896551724137931
2,2015-02-11 02:59:15,2015-02-11 03:40:03,78cb7fa4cd7b891a867134cf4885e1f5,indian,1,2.0,1590.0,2.0,695.0,895.0,74.0,70.0,124.0,40.8,2,2,0,0.49999999999999994,0.8660254037844387,200.0,795.0,1.0,0.9333333333333333,4.0,1.6533333333333333
3,2015-02-16 19:03:38,2015-02-16 19:52:40,6775a0635c302542da2c32aa19d86be0,thai,4,1.0,995.0,1.0,495.0,495.0,13.0,12.0,18.0,49.03333333333333,19,0,0,-0.9659258262890684,0.2588190451025203,0.0,995.0,1.0,0.8571428571428571,1.0,1.2857142857142858
2,2015-01-30 19:35:53,2015-01-30 20:11:38,a529ea43c249fcbee9685c74d8baa9eb,sandwich,3,4.0,940.0,2.0,65.0,485.0,67.0,62.0,88.0,35.75,19,4,0,-0.9659258262890684,0.2588190451025203,420.0,235.0,2.0,0.9117647058823529,5.0,1.2941176470588236
2,2015-02-18 01:00:21,2015-02-18 01:44:26,34ed066df378efacc9b924ec161e7639,mexican,1,4.0,3400.0,4.0,150.0,1295.0,30.0,30.0,44.0,44.083333333333336,1,2,0,0.25881904510252074,0.9659258262890683,1145.0,850.0,1.0,0.967741935483871,0.0,1.4193548387096775
1,2015-01-29 02:15:11,2015-01-29 03:11:42,452e91de642a8e9c43121664d5d3c05c,fast,4,14.0,945.0,4.0,0.0,249.0,25.0,25.0,20.0,56.516666666666666,2,3,0,0.49999999999999994,0.8660254037844387,249.0,67.5,3.5,0.9615384615384616,0.0,0.7692307692307693
4,2015-01-22 00:36:07,2015-01-22 01:14:12,405e28906322882c5be9b4b27f4c35fd,breakfast,2,4.0,3280.0,3.0,695.0,1195.0,45.0,23.0,23.0,38.083333333333336,0,3,0,0.0,1.0,500.0,820.0,1.3333333333333333,0.5,22.0,0.5
4,2015-02-03 02:23:10,2015-02-03 03:29:55,542907b161d7afd16500fb0b7dac5329,chinese,2,4.0,4390.0,4.0,950.0,1195.0,41.0,41.0,81.0,66.75,2,1,0,0.49999999999999994,0.8660254037844387,245.0,1097.5,1.0,0.9761904761904762,0.0,1.9285714285714286
3,2015-01-25 02:49:38,2015-01-25 03:38:48,4fea1a6421a72296a12cd7898b93858e,unknown,1,1.0,1895.0,1.0,1895.0,1895.0,0.0,0.0,0.0,49.166666666666664,2,6,1,0.49999999999999994,0.8660254037844387,0.0,1895.0,1.0,0.0,0.0,0.0
3,2015-02-03 03:58:32,2015-02-03 04:47:16,f7ff233e4ed3e6b13c5d5c7a9201e4ec,thai,1,2.0,1690.0,2.0,695.0,995.0,8.0,8.0,7.0,48.733333333333334,3,1,0,0.7071067811865475,0.7071067811865476,300.0,845.0,1.0,0.8888888888888888,0.0,0.7777777777777778
4,2015-02-05 02:50:02,2015-02-05 04:07:54,934815ad542a4a7c5e8a2dfa04fea9f5,italian,3,1.0,1695.0,1.0,1695.0,1695.0,54.0,53.0,103.0,77.86666666666666,2,3,0,0.49999999999999994,0.8660254037844387,0.0,1695.0,1.0,0.9636363636363636,1.0,1.8727272727272728
2,2015-02-14 04:45:15,2015-02-14 05:44:34,c51a02c186f00636e81c8af4845b8b64,mediterranean,2,7.0,4140.0,5.0,195.0,950.0,33.0,33.0,81.0,59.31666666666667,4,5,1,0.8660254037844386,0.5000000000000001,755.0,591.4285714285714,1.4,0.9705882352941176,0.0,2.3823529411764706
2,2015-02-04 21:36:03,2015-02-04 22:05:29,d3f06eef2ffac7faadbe3055a70682ac,mexican,5,3.0,2336.0,3.0,269.0,1229.0,34.0,39.0,53.0,29.433333333333334,21,2,0,-0.7071067811865477,0.7071067811865474,960.0,778.6666666666666,1.0,1.1142857142857143,0.0,1.5142857142857142
1,2015-02-07 23:55:15,2015-02-08 00:42:43,08b255a5d42b89b0585260b6f2360bdd,breakfast,2,1.0,1199.0,1.0,1199.0,1199.0,19.0,21.0,21.0,47.46666666666667,23,5,1,-0.25881904510252157,0.9659258262890681,0.0,1199.0,1.0,1.05,0.0,1.05
3,2015-01-31 21:45:17,2015-01-31 22:20:33,1e50a717c4febd75e03b348b0be851fa,italian,1,2.0,2228.0,2.0,729.0,1499.0,15.0,14.0,12.0,35.266666666666666,21,5,1,-0.7071067811865477,0.7071067811865474,770.0,1114.0,1.0,0.875,1.0,0.75
3,2015-02-07 03:33:38,2015-02-07 04:37:44,af1b5754061ebbd4412adfb34c8d3534,american,1,4.0,5190.0,3.0,395.0,2965.0,43.0,42.0,63.0,64.1,3,5,1,0.7071067811865475,0.7071067811865476,2570.0,1297.5,1.3333333333333333,0.9545454545454546,1.0,1.4318181818181819
3,2015-01-22 02:33:55,2015-01-22 03:18:56,49030e99dc6676fa7a0ae152ce0c68c7,mediterranean,5,2.0,2498.0,2.0,1149.0,1349.0,19.0,19.0,25.0,45.016666666666666,2,3,0,0.49999999999999994,0.8660254037844387,200.0,1249.0,1.0,0.95,0.0,1.25
4,2015-02-12 00:43:46,2015-02-12 01:32:30,4e62e752ae53fb6a6eebd0f6146aa702,other,3,3.0,4780.0,3.0,795.0,3190.0,50.0,41.0,51.0,48.733333333333334,0,3,0,0.0,1.0,2395.0,1593.3333333333333,1.0,0.803921568627451,9.0,1.0
3,2015-02-09 18:53:10,2015-02-09 19:37:00,567431a7bb9273da729db5650a995590,other,1,4.0,2050.0,4.0,225.0,595.0,37.0,34.0,41.0,43.833333333333336,18,0,0,-1.0,-1.8369701987210297e-16,370.0,512.5,1.0,0.8947368421052632,3.0,1.0789473684210527
1,2015-01-28 05:41:31,2015-01-28 06:16:03,9e3cfc48eccf81a0d57663e129aef3cb,dessert,4,2.0,1560.0,2.0,695.0,865.0,14.0,13.0,13.0,34.53333333333333,5,2,0,0.9659258262890683,0.25881904510252074,170.0,780.0,1.0,0.8666666666666667,1.0,0.8666666666666667
2,2015-01-29 04:06:13,2015-01-29 04:45:09,509421719867b607d48a0a1b0ae35c89,sandwich,2,7.0,3914.0,5.0,69.0,1199.0,73.0,60.0,86.0,38.93333333333333,4,3,0,0.8660254037844386,0.5000000000000001,1130.0,559.1428571428571,1.4,0.8108108108108109,13.0,1.162162162162162
3,2015-02-07 01:34:31,2015-02-07 02:17:14,f0ade77b43923b38237db569b016ba25,unknown,1,1.0,1900.0,1.0,1900.0,1900.0,6.0,3.0,3.0,42.71666666666667,1,5,1,0.25881904510252074,0.9659258262890683,0.0,1900.0,1.0,0.42857142857142855,3.0,0.42857142857142855
2,2015-02-01 02:38:29,2015-02-01 03:35:55,9854d7afce413aa13cd0a1d39d0bcec5,american,1,7.0,2897.0,7.0,89.0,891.0,117.0,118.0,200.0,57.43333333333333,2,6,1,0.49999999999999994,0.8660254037844387,802.0,413.85714285714283,1.0,1.0,0.0,1.694915254237288
3,2015-02-06 02:51:35,2015-02-06 03:35:38,c12d1f7cc7c4b41a125b5752d1238b03,italian,3,2.0,3100.0,2.0,1275.0,1825.0,13.0,7.0,7.0,44.05,2,4,0,0.49999999999999994,0.8660254037844387,550.0,1550.0,1.0,0.5,6.0,0.5
3,2015-02-05 00:53:58,2015-02-05 01:22:07,e6acf4b0f69f6f6e60e9a815938aa1ff,pizza,3,1.0,1499.0,1.0,1499.0,1499.0,18.0,16.0,18.0,28.15,0,3,0,0.0,1.0,0.0,1499.0,1.0,0.8421052631578947,2.0,0.9473684210526315
3,2015-02-02 04:53:51,2015-02-02 06:28:31,b54a39e62236c79ee0536b932f6e76b3,american,1,3.0,2487.0,3.0,339.0,1279.0,3.0,6.0,16.0,94.66666666666667,4,0,0,0.8660254037844386,0.5000000000000001,940.0,829.0,1.0,1.5,0.0,4.0
4,2015-01-22 02:04:31,2015-01-22 02:36:49,5a7f963e5e0504740c3a6b10bb6d4fa5,chinese,3,2.0,1530.0,2.0,765.0,765.0,96.0,100.0,158.0,32.3,2,3,0,0.49999999999999994,0.8660254037844387,0.0,765.0,1.0,1.0309278350515463,0.0,1.6288659793814433
4,2015-01-30 02:32:04,2015-01-30 03:10:22,fbd7939d674997cdb4692d34de8633c4,chinese,3,3.0,1645.0,2.0,175.0,1295.0,100.0,89.0,136.0,38.3,2,4,0,0.49999999999999994,0.8660254037844387,1120.0,548.3333333333334,1.5,0.8811881188118812,11.0,1.3465346534653466
4,2015-02-17 23:42:58,2015-02-18 00:10:34,6c340f25839e6acdc73414517203f5f0,japanese,5,3.0,1150.0,3.0,25.0,775.0,10.0,8.0,8.0,27.6,23,1,0,-0.25881904510252157,0.9659258262890681,750.0,383.3333333333333,1.0,0.7272727272727273,2.0,0.7272727272727273
4,2015-02-03 21:21:39,2015-02-03 21:53:32,deb54ffb41e085fd7f69a75b6359c989,american,3,2.0,2175.0,2.0,1025.0,1150.0,21.0,21.0,22.0,31.883333333333333,21,1,0,-0.7071067811865477,0.7071067811865474,125.0,1087.5,1.0,0.9545454545454546,0.0,1.0
1,2015-01-28 01:46:11,2015-01-28 02:48:40,6e2c22ab08479b1da4206a0c5d7da31e,other,5,7.0,2065.0,7.0,295.0,295.0,0.0,0.0,0.0,62.483333333333334,1,2,0,0.25881904510252074,0.9659258262890683,0.0,295.0,1.0,0.0,0.0,0.0
2,2015-02-12 03:03:17,2015-02-12 04:01:03,61b4a64be663682e8cb037d9719ad8cd,other,3,8.0,9535.0,4.0,550.0,2495.0,64.0,62.0,102.0,57.766666666666666,3,3,0,0.7071067811865475,0.7071067811865476,1945.0,1191.875,2.0,0.9538461538461539,2.0,1.5692307692307692
5,2015-01-23 04:11:00,2015-01-23 04:47:10,10fe8dc69a0964edc16fed1a1bd55716,american,1,2.0,1465.0,1.0,695.0,695.0,16.0,12.0,14.0,36.166666666666664,4,4,0,0.8660254037844386,0.5000000000000001,0.0,732.5,2.0,0.7058823529411765,4.0,0.8235294117647058
6,2015-01-24 03:04:16,2015-01-24 04:12:19,0e46c9990c6daf3876b5166b2bc79fdc,italian,1,3.0,3900.0,3.0,898.0,1658.0,37.0,34.0,41.0,68.05,3,5,1,0.7071067811865475,0.7071067811865476,760.0,1300.0,1.0,0.8947368421052632,3.0,1.0789473684210527
2,2015-02-14 00:44:00,2015-02-14 01:11:27,05a5cf06982ba7892ed2a6d38fe832d6,italian,5,3.0,3600.0,3.0,600.0,1650.0,47.0,45.0,52.0,27.45,0,5,1,0.0,1.0,1050.0,1200.0,1.0,0.9375,2.0,1.0833333333333333
4,2015-01-30 03:39:09,2015-01-30 04:21:16,34173cb38f07f89ddbebc2ac9128303f,thai,3,2.0,1199.0,2.0,200.0,999.0,88.0,85.0,129.0,42.11666666666667,3,4,0,0.7071067811865475,0.7071067811865476,799.0,599.5,1.0,0.9550561797752809,3.0,1.449438202247191
2,2015-01-24 01:51:27,2015-01-24 02:34:56,c31e46a74fb556fd7b53f8f6b186d5e9,mediterranean,3,1.0,675.0,1.0,575.0,575.0,50.0,46.0,66.0,43.483333333333334,1,5,1,0.25881904510252074,0.9659258262890683,0.0,675.0,1.0,0.9019607843137255,4.0,1.2941176470588236
3,2015-01-26 00:34:22,2015-01-26 01:55:28,65d21a7a6d0b2a830a6984823f17d4ce,pizza,5,5.0,10223.0,3.0,1099.0,1899.0,24.0,26.0,32.0,81.1,0,0,0,0.0,1.0,800.0,2044.6,1.6666666666666667,1.04,0.0,1.28
1,2015-02-02 02:47:23,2015-02-02 04:57:06,a8ecbabae151abacba7dbde04f761c37,pizza,3,3.0,4592.0,3.0,1099.0,1589.0,0.0,0.0,0.0,129.71666666666667,2,0,0,0.49999999999999994,0.8660254037844387,490.0,1530.6666666666667,1.0,0.0,0.0,0.0
3,2015-02-07 23:02:46,2015-02-07 23:28:17,5e7b46caa9a02a3e3af097af5d27fab5,salad,1,2.0,1835.0,2.0,910.0,925.0,3.0,2.0,1.0,25.516666666666666,23,5,1,-0.25881904510252157,0.9659258262890681,15.0,917.5,1.0,0.5,1.0,0.25
4,2015-02-07 22:03:08,2015-02-07 22:26:33,2b0aa0d9e30ea3a55fc271ced8364536,unknown,3,2.0,1998.0,2.0,599.0,1399.0,28.0,19.0,20.0,23.416666666666668,22,5,1,-0.5000000000000004,0.8660254037844384,800.0,999.0,1.0,0.6551724137931034,9.0,0.6896551724137931
3,2015-02-02 01:17:30,2015-02-02 02:20:29,544ff8e864cd5c862e831d8ec121b5b8,indian,3,2.0,1398.0,2.0,199.0,1199.0,0.0,0.0,0.0,62.983333333333334,1,0,0,0.25881904510252074,0.9659258262890683,1000.0,699.0,1.0,0.0,0.0,0.0
5,2015-02-18 03:48:11,2015-02-18 04:56:18,612b7f0d62f21fab8f0cbff2986fa81f,other,5,4.0,5500.0,4.0,800.0,1900.0,17.0,17.0,24.0,68.11666666666666,3,2,0,0.7071067811865475,0.7071067811865476,1100.0,1375.0,1.0,0.9444444444444444,0.0,1.3333333333333333
2,2015-02-02 00:36:19,2015-02-02 01:31:08,aec851e565646f6835e915293381e20a,burger,1,1.0,1029.0,1.0,929.0,929.0,24.0,25.0,37.0,54.81666666666667,0,0,0,0.0,1.0,0.0,1029.0,1.0,1.0,0.0,1.48
4,2015-02-04 01:49:51,2015-02-04 02:28:20,dc6a6489640ca02b0d42dabeb8e46bb7,japanese,3,2.0,3240.0,1.0,1595.0,1595.0,70.0,69.0,80.0,38.483333333333334,1,2,0,0.25881904510252074,0.9659258262890683,0.0,1620.0,2.0,0.971830985915493,1.0,1.1267605633802817
2,2015-02-13 20:04:53,2015-02-13 20:26:33,c5866e93cab1776890fe343c9e7063fb,sandwich,3,3.0,1336.0,3.0,189.0,799.0,61.0,52.0,72.0,21.666666666666668,20,4,0,-0.8660254037844386,0.5000000000000001,610.0,445.3333333333333,1.0,0.8387096774193549,9.0,1.1612903225806452
4,2015-02-04 00:49:45,2015-02-04 01:08:49,49ad23d1ec9fa4bd8d77d02681df5cfa,sandwich,2,3.0,1935.0,3.0,420.0,840.0,19.0,19.0,20.0,19.066666666666666,0,2,0,0.0,1.0,420.0,645.0,1.0,0.95,0.0,1.0
3,2015-02-14 22:11:21,2015-02-14 22:56:47,af0a991f666ca273ed1d7e56e2f9e415,american,1,2.0,1498.0,2.0,599.0,899.0,2.0,0.0,0.0,45.43333333333333,22,5,1,-0.5000000000000004,0.8660254037844384,300.0,749.0,1.0,0.0,2.0,0.0
4,2015-01-31 19:16:43,2015-01-31 19:44:12,c45008212f7bdf6eab6050c2a564435a,other,1,3.0,3100.0,3.0,400.0,1500.0,24.0,22.0,18.0,27.483333333333334,19,5,1,-0.9659258262890684,0.2588190451025203,1100.0,1033.3333333333333,1.0,0.88,2.0,0.72
2,2015-02-10 18:28:52,2015-02-10 19:02:22,7f1de29e6da19d22b51c68001e7e0e54,mexican,3,3.0,985.0,2.0,195.0,255.0,20.0,13.0,15.0,33.5,18,1,0,-1.0,-1.8369701987210297e-16,60.0,328.3333333333333,1.5,0.6190476190476191,7.0,0.7142857142857143
2,2015-01-23 19:18:03,2015-01-23 19:40:28,efe937780e95574250dabe07151bdc23,other,1,2.0,3098.0,1.0,1549.0,1549.0,65.0,64.0,98.0,22.416666666666668,19,4,0,-0.9659258262890684,0.2588190451025203,0.0,1549.0,2.0,0.9696969696969697,1.0,1.4848484848484849
4,2015-01-24 03:48:37,2015-01-24 04:38:59,d709f38ef758b5066ef31b18039b8ce5,other,5,6.0,3546.0,5.0,125.0,1299.0,126.0,129.0,151.0,50.36666666666667,3,5,1,0.7071067811865475,0.7071067811865476,1174.0,591.0,1.2,1.015748031496063,0.0,1.188976377952756
4,2015-02-06 19:26:15,2015-02-06 20:14:42,e34376937c784505d9b4fcd980c2f1ce,pizza,3,1.0,2100.0,1.0,2100.0,2100.0,73.0,70.0,142.0,48.45,19,4,0,-0.9659258262890684,0.2588190451025203,0.0,2100.0,1.0,0.9459459459459459,3.0,1.9189189189189189
3,2015-02-09 05:17:48,2015-02-09 05:53:39,9381fc93ad66f9ec4b2eef71147a6665,burger,5,3.0,2900.0,3.0,425.0,1300.0,2.0,1.0,1.0,35.85,5,0,0,0.9659258262890683,0.25881904510252074,875.0,966.6666666666666,1.0,0.3333333333333333,1.0,0.3333333333333333
4,2015-01-24 02:57:51,2015-01-24 04:05:51,d709f38ef758b5066ef31b18039b8ce5,other,5,7.0,4991.0,6.0,125.0,1345.0,126.0,122.0,193.0,68.0,2,5,1,0.49999999999999994,0.8660254037844387,1220.0,713.0,1.1666666666666667,0.9606299212598425,4.0,1.5196850393700787
4,2015-02-17 02:29:10,2015-02-17 03:08:36,d43ab110ab2489d6b9b2caa394bf920f,other,3,6.0,2576.0,3.0,50.0,449.0,109.0,77.0,105.0,39.43333333333333,2,1,0,0.49999999999999994,0.8660254037844387,399.0,429.3333333333333,2.0,0.7,32.0,0.9545454545454546
2,2015-02-02 20:19:32,2015-02-02 21:03:55,422f010441436ae9511d3e04a6d0d186,thai,2,2.0,1900.0,2.0,900.0,1000.0,46.0,42.0,69.0,44.38333333333333,20,0,0,-0.8660254037844386,0.5000000000000001,100.0,950.0,1.0,0.8936170212765957,4.0,1.4680851063829787
3,2015-02-08 22:43:27,2015-02-08 23:11:51,fe9fc289c3ff0af142b6d3bead98a923,sandwich,5,3.0,2425.0,2.0,650.0,1000.0,40.0,28.0,32.0,28.4,22,6,1,-0.5000000000000004,0.8660254037844384,350.0,808.3333333333334,1.5,0.6829268292682927,12.0,0.7804878048780488
1,2015-02-08 00:54:14,2015-02-08 01:22:25,85934679f30131d812a8c7475a7d0f74,mexican,2,2.0,1490.0,2.0,695.0,795.0,7.0,6.0,5.0,28.183333333333334,0,6,1,0.0,1.0,100.0,745.0,1.0,0.75,1.0,0.625
2,2015-02-14 20:15:19,2015-02-14 20:41:49,a64a034c3cb8eac64eb46ea474902797,american,1,3.0,2678.0,3.0,799.0,979.0,70.0,66.0,71.0,26.5,20,5,1,-0.8660254037844386,0.5000000000000001,180.0,892.6666666666666,1.0,0.9295774647887324,4.0,1.0
3,2015-02-17 01:53:55,2015-02-17 02:37:36,60d2f1e9a5d618bdc95426f85848c724,pizza,1,2.0,1999.0,2.0,600.0,899.0,4.0,4.0,5.0,43.68333333333333,1,1,0,0.25881904510252074,0.9659258262890683,299.0,999.5,1.0,0.8,0.0,1.0
3,2015-02-15 03:52:33,2015-02-15 04:33:01,6fbd841e2e4b2938351a4f9b68f12e6b,burger,4,5.0,2750.0,3.0,250.0,950.0,66.0,64.0,122.0,40.46666666666667,3,6,1,0.7071067811865475,0.7071067811865476,700.0,550.0,1.6666666666666667,0.9552238805970149,2.0,1.8208955223880596
2,2015-02-11 20:49:41,2015-02-11 21:41:18,edc27f139c3b4e4bb29d1cdbc45663f9,salad,3,2.0,1757.0,2.0,748.0,839.0,52.0,55.0,78.0,51.61666666666667,20,2,0,-0.8660254037844386,0.5000000000000001,91.0,878.5,1.0,1.0377358490566038,0.0,1.471698113207547
2,2015-02-05 03:19:09,2015-02-05 04:48:04,aec851e565646f6835e915293381e20a,burger,1,4.0,3877.0,4.0,329.0,1429.0,60.0,59.0,90.0,88.91666666666667,3,3,0,0.7071067811865475,0.7071067811865476,1100.0,969.25,1.0,0.9672131147540983,1.0,1.4754098360655739
4,2015-01-24 02:38:35,2015-01-24 03:19:43,dc5689792e08eb2e219dce49e64c885b,mediterranean,2,2.0,2900.0,2.0,1450.0,1450.0,127.0,122.0,195.0,41.13333333333333,2,5,1,0.49999999999999994,0.8660254037844387,0.0,1450.0,1.0,0.953125,5.0,1.5234375
4,2015-02-14 01:43:02,2015-02-14 02:53:13,ff7d0f525b3be596a51fb919492c099c,mexican,1,2.0,1130.0,2.0,400.0,730.0,69.0,65.0,109.0,70.18333333333334,1,5,1,0.25881904510252074,0.9659258262890683,330.0,565.0,1.0,0.9285714285714286,4.0,1.5571428571428572
1,2015-02-13 04:53:57,2015-02-13 05:37:59,c7b90b0fc23725f299b47c5224e6ec0d,sandwich,3,2.0,2250.0,2.0,725.0,1525.0,26.0,23.0,25.0,44.03333333333333,4,4,0,0.8660254037844386,0.5000000000000001,800.0,1125.0,1.0,0.8518518518518519,3.0,0.9259259259259259
2,2015-01-30 02:54:52,2015-01-30 03:29:52,060ad92489947d410d897474079c1477,other,2,4.0,2880.0,4.0,295.0,995.0,98.0,92.0,147.0,35.0,2,4,0,0.49999999999999994,0.8660254037844387,700.0,720.0,1.0,0.9292929292929293,6.0,1.4848484848484849
1,2015-01-30 19:47:41,2015-01-30 20:51:04,efb76cff97aaf057654ef2f38cd77d73,other,1,4.0,1396.0,1.0,349.0,349.0,28.0,28.0,35.0,63.38333333333333,19,4,0,-0.9659258262890684,0.2588190451025203,0.0,349.0,4.0,0.9655172413793104,0.0,1.206896551724138
1,2015-02-12 23:58:37,2015-02-13 01:23:43,0c48ff739d86fc927eeb6b53379cb782,fast,4,3.0,807.0,3.0,149.0,209.0,14.0,13.0,14.0,85.1,23,3,0,-0.25881904510252157,0.9659258262890681,60.0,269.0,1.0,0.8666666666666667,1.0,0.9333333333333333
2,2015-02-16 01:32:24,2015-02-16 02:17:38,98b297950041a42470269d56260243a1,indian,3,5.0,2098.0,5.0,100.0,899.0,42.0,40.0,56.0,45.233333333333334,1,0,0,0.25881904510252074,0.9659258262890683,799.0,419.6,1.0,0.9302325581395349,2.0,1.302325581395349
2,2015-02-16 00:10:01,2015-02-16 00:43:43,48db71587df6c7c442e5b76cc723169a,other,3,3.0,2435.0,2.0,245.0,1095.0,64.0,62.0,67.0,33.7,0,0,0,0.0,1.0,850.0,811.6666666666666,1.5,0.9538461538461539,2.0,1.0307692307692307
4,2015-02-12 05:35:27,2015-02-12 06:09:21,fc49306d97602c8ed1be1dfbf0835ead,american,4,1.0,1629.0,1.0,1629.0,1629.0,8.0,8.0,8.0,33.9,5,3,0,0.9659258262890683,0.25881904510252074,0.0,1629.0,1.0,0.8888888888888888,0.0,0.8888888888888888
6,2015-01-26 02:07:25,2015-01-26 03:04:31,8e5e15c4e6d09c8333a17843461041a9,other,5,3.0,3800.0,3.0,900.0,1600.0,37.0,34.0,41.0,57.1,2,0,0,0.49999999999999994,0.8660254037844387,700.0,1266.6666666666667,1.0,0.8947368421052632,3.0,1.0789473684210527
1,2015-02-14 01:12:05,2015-02-14 01:57:15,c31e46a74fb556fd7b53f8f6b186d5e9,mexican,3,2.0,1658.0,2.0,799.0,799.0,39.0,35.0,37.0,45.166666666666664,1,5,1,0.25881904510252074,0.9659258262890683,0.0,829.0,1.0,0.875,4.0,0.925
3,2015-02-16 03:03:42,2015-02-16 04:01:55,cfd66e741860718ddecf1f6eabd05fc6,vietnamese,2,2.0,2100.0,1.0,950.0,950.0,34.0,34.0,52.0,58.21666666666667,3,0,0,0.7071067811865475,0.7071067811865476,0.0,1050.0,2.0,0.9714285714285714,0.0,1.4857142857142858
1,2015-01-28 00:52:43,2015-01-28 02:40:07,ddba48fbf653b9fb30d6992ccc821c9d,pizza,5,1.0,899.0,1.0,899.0,899.0,6.0,6.0,7.0,107.4,0,2,0,0.0,1.0,0.0,899.0,1.0,0.8571428571428571,0.0,1.0
4,2015-02-13 01:24:06,2015-02-13 02:16:05,4e62e752ae53fb6a6eebd0f6146aa702,other,3,4.0,3830.0,3.0,695.0,995.0,91.0,86.0,124.0,51.983333333333334,1,4,0,0.25881904510252074,0.9659258262890683,300.0,957.5,1.3333333333333333,0.9347826086956522,5.0,1.3478260869565217
4,2015-02-16 00:44:23,2015-02-16 01:14:25,23d23cfad64cc753b8c3d43b2042a0d6,other,3,2.0,4900.0,2.0,700.0,3699.0,42.0,42.0,51.0,30.033333333333335,0,0,0,0.0,1.0,2999.0,2450.0,1.0,0.9767441860465116,0.0,1.186046511627907
1,2015-02-07 17:22:59,2015-02-07 18:09:50,5872043836c3d79e59d2ad6886918bfd,breakfast,1,3.0,3060.0,3.0,710.0,1365.0,3.0,4.0,8.0,46.85,17,5,1,-0.9659258262890683,-0.25881904510252063,655.0,1020.0,1.0,1.0,0.0,2.0
2,2015-02-05 18:56:23,2015-02-05 19:27:48,3ad7c2ebb96fcba7cda0cf54a2e802f5,other,5,1.0,1350.0,1.0,1350.0,1350.0,18.0,13.0,17.0,31.416666666666668,18,3,0,-1.0,-1.8369701987210297e-16,0.0,1350.0,1.0,0.6842105263157895,5.0,0.8947368421052632
4,2015-02-04 02:14:23,2015-02-04 03:24:03,6e2eec9ca19c076736d19ac5426473af,pizza,3,3.0,3667.0,3.0,1029.0,1149.0,103.0,100.0,135.0,69.66666666666667,2,2,0,0.49999999999999994,0.8660254037844387,120.0,1222.3333333333333,1.0,0.9615384615384616,3.0,1.2980769230769231
5,2015-02-18 03:25:08,2015-02-18 04:33:01,0d6d4bd865309c75246109d2d83a5fb6,pizza,5,3.0,2706.0,3.0,549.0,1159.0,19.0,19.0,27.0,67.88333333333334,3,2,0,0.7071067811865475,0.7071067811865476,610.0,902.0,1.0,0.95,0.0,1.35
2,2015-02-14 03:16:17,2015-02-14 04:20:30,7776e88b0c189539098176589250bcba,greek,1,3.0,3145.0,3.0,695.0,1300.0,59.0,59.0,122.0,64.21666666666667,3,5,1,0.7071067811865475,0.7071067811865476,605.0,1048.3333333333333,1.0,0.9833333333333333,0.0,2.033333333333333
5,2015-02-14 03:21:05,2015-02-14 04:50:35,90cc440b1b8caa520c562ac4e4bbcb51,unknown,1,2.0,2598.0,2.0,1199.0,1399.0,29.0,28.0,43.0,89.5,3,5,1,0.7071067811865475,0.7071067811865476,200.0,1299.0,1.0,0.9333333333333333,1.0,1.4333333333333333
2,2015-02-13 03:20:03,2015-02-13 04:00:10,a0f1a0686c4ecffbf795ea2d2a42817e,sandwich,3,3.0,1325.0,3.0,125.0,900.0,72.0,58.0,88.0,40.11666666666667,3,4,0,0.7071067811865475,0.7071067811865476,775.0,441.6666666666667,1.0,0.7945205479452054,14.0,1.2054794520547945
1,2015-01-24 20:47:33,2015-01-24 21:20:14,6a639c52538fd7bb3e1186724afbe9b2,dessert,4,12.0,1478.0,8.0,99.0,329.0,25.0,28.0,32.0,32.68333333333333,20,5,1,-0.8660254037844386,0.5000000000000001,230.0,123.16666666666667,1.5,1.0769230769230769,0.0,1.2307692307692308
5,2015-02-06 01:36:13,2015-02-06 02:10:39,d9ab9cc1bf456f1db82299d1226553e4,pizza,3,3.0,1497.0,3.0,399.0,499.0,39.0,31.0,38.0,34.43333333333333,1,4,0,0.25881904510252074,0.9659258262890683,100.0,499.0,1.0,0.775,8.0,0.95
5,2015-02-07 00:56:09,2015-02-07 01:43:33,c0f5bb23392d44cd7d25e62198a7cb7b,greek,2,8.0,4792.0,3.0,599.0,599.0,17.0,14.0,14.0,47.4,0,5,1,0.0,1.0,0.0,599.0,2.6666666666666665,0.7777777777777778,3.0,0.7777777777777778
1,2015-01-28 04:16:32,2015-01-28 04:54:48,0decd736e9cee73e63418003b47d7d56,pizza,1,3.0,4097.0,2.0,599.0,1399.0,26.0,19.0,20.0,38.266666666666666,4,2,0,0.8660254037844386,0.5000000000000001,800.0,1365.6666666666667,1.5,0.7037037037037037,7.0,0.7407407407407407
4,2015-01-24 00:19:11,2015-01-24 01:11:20,49ad23d1ec9fa4bd8d77d02681df5cfa,sandwich,2,3.0,1785.0,3.0,420.0,840.0,13.0,13.0,21.0,52.15,0,5,1,0.0,1.0,420.0,595.0,1.0,0.9285714285714286,0.0,1.5
3,2015-02-01 18:01:11,2015-02-01 18:59:14,36452e720502e4da486d2f9f6b48a7bb,breakfast,5,2.0,1700.0,1.0,650.0,650.0,6.0,3.0,3.0,58.05,18,6,1,-1.0,-1.8369701987210297e-16,0.0,850.0,2.0,0.42857142857142855,3.0,0.42857142857142855
5,2015-02-15 19:19:21,2015-02-15 20:01:33,c6a7290879535718fb7f85797028d9fe,mexican,1,3.0,2727.0,3.0,699.0,1029.0,16.0,14.0,17.0,42.2,19,6,1,-0.9659258262890684,0.2588190451025203,330.0,909.0,1.0,0.8235294117647058,2.0,1.0
3,2015-02-14 01:20:25,2015-02-14 02:07:55,b6cce1d2ea012409f22932d7e11c396e,american,1,2.0,1545.0,2.0,750.0,795.0,5.0,4.0,10.0,47.5,1,5,1,0.25881904510252074,0.9659258262890683,45.0,772.5,1.0,0.6666666666666666,1.0,1.6666666666666667
4,2015-01-21 20:58:00,2015-01-21 21:45:51,4915f20d2c36611cb101e95e5c34b4e7,other,5,8.0,2225.0,6.0,160.0,295.0,0.0,0.0,0.0,47.85,20,2,0,-0.8660254037844386,0.5000000000000001,135.0,278.125,1.3333333333333333,0.0,0.0,0.0
1,2015-01-31 00:59:15,2015-01-31 01:39:27,f3067d687ee39c3cbfa75573457e479d,other,1,1.0,1247.0,1.0,1172.0,1172.0,9.0,7.0,6.0,40.2,0,5,1,0.0,1.0,0.0,1247.0,1.0,0.7,2.0,0.6
3,2015-02-06 03:14:21,2015-02-06 04:05:31,cbf22ab286e2ad4900bdf5d6a2e47009,mexican,1,5.0,5005.0,5.0,480.0,1480.0,15.0,10.0,10.0,51.166666666666664,3,4,0,0.7071067811865475,0.7071067811865476,1000.0,1001.0,1.0,0.625,5.0,0.625
1,2015-01-25 02:44:27,2015-01-25 03:49:58,feab05aa91085b7a8012516bc3533958,american,1,2.0,2500.0,2.0,1250.0,1250.0,18.0,19.0,22.0,65.51666666666667,2,6,1,0.49999999999999994,0.8660254037844387,0.0,1250.0,1.0,1.0,0.0,1.1578947368421053
1,2015-02-11 02:32:45,2015-02-11 03:32:19,6e82873a32b95af115de1c414a1849cb,other,2,3.0,1677.0,3.0,239.0,879.0,40.0,41.0,52.0,59.56666666666667,2,2,0,0.49999999999999994,0.8660254037844387,640.0,559.0,1.0,1.0,0.0,1.2682926829268293
1,2015-02-01 21:49:36,2015-02-01 22:17:44,90aef91f0d9e7c3be322bd7bae41617d,japanese,1,3.0,1897.0,2.0,499.0,899.0,24.0,24.0,23.0,28.133333333333333,21,6,1,-0.7071067811865477,0.7071067811865474,400.0,632.3333333333334,1.5,0.96,0.0,0.92
5,2015-01-23 02:15:13,2015-01-23 03:21:40,934a966c733eda15d17c38e6456b4571,chinese,4,1.0,710.0,1.0,710.0,710.0,25.0,7.0,15.0,66.45,2,4,0,0.49999999999999994,0.8660254037844387,0.0,710.0,1.0,0.2692307692307692,18.0,0.5769230769230769
5,2015-02-05 21:32:30,2015-02-05 22:11:21,963859b79a359c0a74ef4210cfceb5d6,vietnamese,2,2.0,1900.0,2.0,700.0,1200.0,26.0,20.0,18.0,38.85,21,3,0,-0.7071067811865477,0.7071067811865474,500.0,950.0,1.0,0.7407407407407407,6.0,0.6666666666666666
6,2015-02-12 19:44:07,2015-02-12 20:29:34,b5845b28131e33e1ece69f1a335c807e,fast,4,2.0,502.0,2.0,119.0,383.0,37.0,34.0,41.0,45.45,19,3,0,-0.9659258262890684,0.2588190451025203,264.0,251.0,1.0,0.8947368421052632,3.0,1.0789473684210527
2,2015-01-23 18:41:30,2015-01-23 19:07:48,34ed066df378efacc9b924ec161e7639,mexican,1,1.0,695.0,1.0,695.0,695.0,16.0,7.0,9.0,26.3,18,4,0,-1.0,-1.8369701987210297e-16,0.0,695.0,1.0,0.4117647058823529,9.0,0.5294117647058824
3,2015-01-25 02:12:09,2015-01-25 03:14:51,3ba9af181751761d3b387f74ded2d783,mexican,5,1.0,1900.0,1.0,1900.0,1900.0,47.0,46.0,59.0,62.7,2,6,1,0.49999999999999994,0.8660254037844387,0.0,1900.0,1.0,0.9583333333333334,1.0,1.2291666666666667
6,2015-01-24 19:39:33,2015-01-24 20:22:30,b91f5a1e50d6a0fff36dda5a1bb08d76,other,1,3.0,4185.0,3.0,1095.0,1795.0,37.0,34.0,41.0,42.95,19,5,1,-0.9659258262890684,0.2588190451025203,700.0,1395.0,1.0,0.8947368421052632,3.0,1.0789473684210527
5,2015-02-15 00:26:58,2015-02-15 00:53:48,a77fee56f3b23fc8cb33e04f4d05132a,mediterranean,2,2.0,1024.0,2.0,125.0,899.0,16.0,16.0,19.0,26.833333333333332,0,6,1,0.0,1.0,774.0,512.0,1.0,0.9411764705882353,0.0,1.1176470588235294
4,2015-01-28 04:24:35,2015-01-28 04:58:12,e34376937c784505d9b4fcd980c2f1ce,pizza,3,2.0,2100.0,2.0,500.0,1600.0,69.0,44.0,61.0,33.61666666666667,4,2,0,0.8660254037844386,0.5000000000000001,1100.0,1050.0,1.0,0.6285714285714286,25.0,0.8714285714285714
2,2015-02-11 20:14:40,2015-02-11 21:18:10,61b4a64be663682e8cb037d9719ad8cd,mexican,1,5.0,7130.0,3.0,695.0,1795.0,49.0,44.0,66.0,63.5,20,2,0,-0.8660254037844386,0.5000000000000001,1100.0,1426.0,1.6666666666666667,0.88,5.0,1.32
1,2015-01-28 04:45:33,2015-01-28 05:15:02,f0dd4a99fba6075a9494772b58f95280,other,1,2.0,1819.0,2.0,894.0,925.0,20.0,18.0,14.0,29.483333333333334,4,2,0,0.8660254037844386,0.5000000000000001,31.0,909.5,1.0,0.8571428571428571,2.0,0.6666666666666666
2,2015-02-04 01:57:43,2015-02-04 02:18:19,d46f5c776b38ad4b746e99346b98f232,fast,4,1.0,1199.0,1.0,1199.0,1199.0,88.0,78.0,87.0,20.6,1,2,0,0.25881904510252074,0.9659258262890683,0.0,1199.0,1.0,0.8764044943820225,10.0,0.9775280898876404
4,2015-01-31 18:01:11,2015-01-31 18:35:30,66f041e16a60928b05a7e228a89c3799,other,2,2.0,1700.0,2.0,650.0,1050.0,12.0,12.0,17.0,34.31666666666667,18,5,1,-1.0,-1.8369701987210297e-16,400.0,850.0,1.0,0.9230769230769231,0.0,1.3076923076923077
1,2015-01-24 22:55:57,2015-01-24 23:35:33,a4939072217b46203c4f5764cb4dac40,salad,2,2.0,1590.0,2.0,795.0,795.0,15.0,16.0,18.0,39.6,22,5,1,-0.5000000000000004,0.8660254037844384,0.0,795.0,1.0,1.0,0.0,1.125
1,2015-02-13 02:38:24,2015-02-13 03:42:20,4cf33e18ede11b79827bc78b7f2075ae,greek,5,2.0,2100.0,2.0,500.0,700.0,29.0,28.0,28.0,63.93333333333333,2,4,0,0.49999999999999994,0.8660254037844387,200.0,1050.0,1.0,0.9333333333333333,1.0,0.9333333333333333
3,2015-02-14 05:13:19,2015-02-14 05:54:57,218a6beba67ce30416235c45f0357c20,fast,3,3.0,3270.0,3.0,700.0,925.0,0.0,0.0,0.0,41.63333333333333,5,5,1,0.9659258262890683,0.25881904510252074,225.0,1090.0,1.0,0.0,0.0,0.0
2,2015-02-16 00:40:20,2015-02-16 01:26:25,577bcc914f9e55d5e4e4f82f9f00e7d4,chinese,3,5.0,4400.0,5.0,350.0,1225.0,53.0,50.0,81.0,46.083333333333336,0,0,0,0.0,1.0,875.0,880.0,1.0,0.9259259259259259,3.0,1.5
1,2015-02-11 20:42:13,2015-02-11 21:37:39,cd2b3387c4709f14cd79ed5995aba48e,sandwich,3,3.0,3650.0,3.0,925.0,1250.0,26.0,27.0,38.0,55.43333333333333,20,2,0,-0.8660254037844386,0.5000000000000001,325.0,1216.6666666666667,1.0,1.0,0.0,1.4074074074074074
1,2015-01-23 00:59:57,2015-01-23 01:35:05,68e4593563e1b425a7717504bca103d6,mediterranean,5,1.0,1795.0,1.0,1795.0,1795.0,34.0,23.0,23.0,35.13333333333333,0,4,0,0.0,1.0,0.0,1795.0,1.0,0.6571428571428571,11.0,0.6571428571428571
1,2015-02-10 02:01:14,2015-02-10 02:55:00,c5f5c23be1b71adb51ea9dc8e9d444a8,american,1,1.0,969.0,1.0,969.0,969.0,17.0,17.0,23.0,53.766666666666666,2,1,0,0.49999999999999994,0.8660254037844387,0.0,969.0,1.0,0.9444444444444444,0.0,1.2777777777777777
5,2015-02-03 19:18:35,2015-02-03 19:48:26,d2804bda02d05ee5868227fb24f13c98,chinese,4,1.0,1067.0,1.0,942.0,942.0,17.0,15.0,13.0,29.85,19,1,0,-0.9659258262890684,0.2588190451025203,0.0,1067.0,1.0,0.8333333333333334,2.0,0.7222222222222222
4,2015-02-16 01:04:48,2015-02-16 01:51:06,ccc0aa1b81bf81e16c676ddb977c5881,other,5,4.0,4800.0,3.0,750.0,1650.0,58.0,42.0,57.0,46.3,1,0,0,0.25881904510252074,0.9659258262890683,900.0,1200.0,1.3333333333333333,0.711864406779661,16.0,0.9661016949152542
4,2015-02-14 04:53:29,2015-02-14 05:35:48,f7177163c833dff4b38fc8d2872f1ec6,dessert,5,1.0,1250.0,1.0,1250.0,1250.0,77.0,76.0,97.0,42.31666666666667,4,5,1,0.8660254037844386,0.5000000000000001,0.0,1250.0,1.0,0.9743589743589743,1.0,1.2435897435897436
3,2015-01-29 04:02:28,2015-01-29 04:36:50,b4572f47b7c69e27b8e46646d9579e67,burger,1,2.0,1067.0,2.0,419.0,499.0,17.0,12.0,10.0,34.36666666666667,4,3,0,0.8660254037844386,0.5000000000000001,80.0,533.5,1.0,0.6666666666666666,5.0,0.5555555555555556
6,2015-02-14 19:19:17,2015-02-14 20:22:11,be7485be5b6eb3690efcbc9e95e8f15a,mexican,5,7.0,4230.0,5.0,175.0,875.0,37.0,34.0,41.0,62.9,19,5,1,-0.9659258262890684,0.2588190451025203,700.0,604.2857142857143,1.4,0.8947368421052632,3.0,1.0789473684210527
6,2015-02-18 04:13:33,2015-02-18 04:44:46,a70dc40477bc2adceef4d2c90f47eb82,mexican,3,10.0,1475.0,6.0,0.0,850.0,37.0,34.0,41.0,31.216666666666665,4,2,0,0.8660254037844386,0.5000000000000001,850.0,147.5,1.6666666666666667,0.8947368421052632,3.0,1.0789473684210527
1,2015-02-17 01:59:18,2015-02-17 02:34:39,a8abb4bb284b5b27aa7cb790dc20f80b,mediterranean,3,2.0,2649.0,2.0,1050.0,1599.0,67.0,65.0,82.0,35.35,1,1,0,0.25881904510252074,0.9659258262890683,549.0,1324.5,1.0,0.9558823529411765,2.0,1.2058823529411764
6,2015-02-08 00:21:00,2015-02-08 00:51:24,27a1e0e31bf1a18797d26f7796f1ae4e,other,3,4.0,3435.0,4.0,695.0,1195.0,37.0,34.0,41.0,30.4,0,6,1,0.0,1.0,500.0,858.75,1.0,0.8947368421052632,3.0,1.0789473684210527
4,2015-02-01 01:54:39,2015-02-01 02:28:11,0d0fd7c6e093f7b804fa0150b875b868,american,5,4.0,3115.0,3.0,475.0,995.0,77.0,55.0,91.0,33.53333333333333,1,6,1,0.25881904510252074,0.9659258262890683,520.0,778.75,1.3333333333333333,0.7051282051282052,22.0,1.1666666666666667
4,2015-01-28 19:21:07,2015-01-28 19:59:33,ed3d2c21991e3bef5e069713af9fa6ca,other,3,3.0,3783.0,3.0,1080.0,1111.0,56.0,48.0,69.0,38.43333333333333,19,2,0,-0.9659258262890684,0.2588190451025203,31.0,1261.0,1.0,0.8421052631578947,8.0,1.2105263157894737
1,2015-02-12 03:35:02,2015-02-12 04:22:08,3fe78a8acf5fda99de95303940a2420c,greek,1,4.0,2920.0,4.0,185.0,945.0,22.0,23.0,27.0,47.1,3,3,0,0.7071067811865475,0.7071067811865476,760.0,730.0,1.0,1.0,0.0,1.173913043478261
4,2015-01-24 00:57:44,2015-01-24 01:55:53,6c8349cc7260ae62e3b1396831a8398f,pizza,1,1.0,1365.0,1.0,1365.0,1365.0,83.0,41.0,41.0,58.15,0,5,1,0.0,1.0,0.0,1365.0,1.0,0.4880952380952381,42.0,0.4880952380952381
2,2015-02-14 03:33:46,2015-02-14 04:34:33,2a34abd6ebbd7fcf5a4421229c946c0a,barbecue,3,2.0,1990.0,2.0,995.0,995.0,141.0,129.39499999998952,228.0,60.78333333333333,3,5,1,0.7071067811865475,0.7071067811865476,0.0,995.0,1.0,0.9112323943661234,11.605000000010477,1.6056338028169015
3,2015-01-27 19:26:22,2015-01-27 20:41:17,31f0a067ca77d80b3704aee9141bc2ea,fast,4,15.0,6095.0,9.0,0.0,2699.0,17.0,17.0,25.0,74.91666666666667,19,1,0,-0.9659258262890684,0.2588190451025203,2699.0,406.3333333333333,1.6666666666666667,0.9444444444444444,0.0,1.3888888888888888
4,2015-01-28 03:11:34,2015-01-28 04:09:05,98f13708210194c475687be6106a3b84,mediterranean,2,12.0,10879.344999999885,9.0,425.0,1450.0,108.0,96.0,143.0,57.516666666666666,3,2,0,0.7071067811865475,0.7071067811865476,1025.0,906.6120833333238,1.3333333333333333,0.8807339449541285,12.0,1.311926605504587
4,2015-02-10 19:22:41,2015-02-10 20:19:17,64e6098144c759b0eaba7129a71067e9,fast,4,6.0,1438.0,2.0,0.0,719.0,50.0,48.0,77.0,56.6,19,1,0,-0.9659258262890684,0.2588190451025203,719.0,239.66666666666666,3.0,0.9411764705882353,2.0,1.5098039215686274
2,2015-02-15 22:47:56,2015-02-15 23:24:18,dd363b260a3b26e9ebdc93193730e961,dessert,3,2.0,1167.0,2.0,529.0,559.0,64.0,64.0,78.0,36.36666666666667,22,6,1,-0.5000000000000004,0.8660254037844384,30.0,583.5,1.0,0.9846153846153847,0.0,1.2
2,2015-01-25 04:39:06,2015-01-25 05:26:40,b2ea5e977c5fc1ccfa74171a9723dd61,american,3,2.0,2520.0,2.0,995.0,1525.0,37.0,71.0,64.0,47.56666666666667,4,6,1,0.8660254037844386,0.5000000000000001,530.0,1260.0,1.0,1.868421052631579,0.0,1.6842105263157894
2,2015-02-04 01:04:39,2015-02-04 01:49:08,c1502ae5a4d514baec129f72948c266e,burger,4,4.0,2308.0,4.0,409.0,695.0,53.0,48.0,61.0,44.483333333333334,1,2,0,0.25881904510252074,0.9659258262890683,286.0,577.0,1.0,0.8888888888888888,5.0,1.1296296296296295
2,2015-01-23 04:28:58,2015-01-23 05:10:59,f1c1592588411002af340cbaedd6fc33,american,3,4.0,1857.0,4.0,129.0,1220.0,42.0,45.0,65.0,42.016666666666666,4,4,0,0.8660254037844386,0.5000000000000001,1091.0,464.25,1.0,1.0465116279069768,0.0,1.5116279069767442
2,2015-02-09 02:47:10,2015-02-09 04:00:47,757b505cfd34c64c85ca5b5690ee5293,american,3,2.0,1148.0,2.0,129.0,1019.0,133.0,111.0,190.0,73.61666666666666,2,0,0,0.49999999999999994,0.8660254037844387,890.0,574.0,1.0,0.8283582089552238,22.0,1.4179104477611941
6,2015-01-28 05:37:55,2015-01-28 06:06:19,8e5e15c4e6d09c8333a17843461041a9,other,5,3.0,3200.0,3.0,300.0,1600.0,37.0,34.0,41.0,28.4,5,2,0,0.9659258262890683,0.25881904510252074,1300.0,1066.6666666666667,1.0,0.8947368421052632,3.0,1.0789473684210527
5,2015-02-01 01:07:48,2015-02-01 01:30:59,ad1f8bb9b51f023cdc80cf94bb615aa9,other,1,4.0,2935.0,4.0,650.0,795.0,16.0,11.0,11.0,23.183333333333334,1,6,1,0.25881904510252074,0.9659258262890683,145.0,733.75,1.0,0.6470588235294118,5.0,0.6470588235294118
4,2015-02-05 01:19:07,2015-02-05 01:49:50,20b5e1cf8694af7a3c1ba4a87f073021,vietnamese,2,4.0,2415.0,4.0,375.0,870.0,68.0,45.0,65.0,30.716666666666665,1,3,0,0.25881904510252074,0.9659258262890683,495.0,603.75,1.0,0.6521739130434783,23.0,0.9420289855072463
4,2015-02-15 02:35:03,2015-02-15 03:29:52,fc8001f834f6a5f0561080d134d53d29,other,3,3.0,2140.0,3.0,250.0,895.0,99.0,92.0,169.0,54.81666666666667,2,6,1,0.49999999999999994,0.8660254037844387,645.0,713.3333333333334,1.0,0.92,7.0,1.69
5,2015-02-15 02:37:19,2015-02-15 03:43:24,5460f9517da5575f9b99baca6b56628e,italian,1,2.0,1700.0,2.0,800.0,900.0,22.0,22.0,41.0,66.08333333333333,2,6,1,0.49999999999999994,0.8660254037844387,100.0,850.0,1.0,0.9565217391304348,0.0,1.7826086956521738
2,2015-01-31 03:59:38,2015-01-31 05:24:16,149e9677a5989fd342ae44213df68868,dessert,1,2.0,3045.0,2.0,1350.0,1695.0,45.0,45.0,94.0,84.63333333333334,3,5,1,0.7071067811865475,0.7071067811865476,345.0,1522.5,1.0,0.9782608695652174,0.0,2.0434782608695654
5,2015-02-01 22:40:05,2015-02-01 23:26:10,8612c55d2969d1f587bf1c5aaaa32964,chinese,5,5.0,5375.0,5.0,895.0,1395.0,21.0,20.0,19.0,46.083333333333336,22,6,1,-0.5000000000000004,0.8660254037844384,500.0,1075.0,1.0,0.9090909090909091,1.0,0.8636363636363636
4,2015-02-06 20:05:21,2015-02-06 20:37:36,64e6098144c759b0eaba7129a71067e9,fast,4,8.0,2190.0,4.0,189.0,479.0,65.0,65.0,88.0,32.25,20,4,0,-0.8660254037844386,0.5000000000000001,290.0,273.75,2.0,0.9848484848484849,0.0,1.3333333333333333
3,2015-02-05 03:35:42,2015-02-05 04:29:56,141661fa46b11782745bb974d5140004,barbecue,1,2.0,2648.0,2.0,1199.0,1449.0,13.0,17.0,25.0,54.233333333333334,3,3,0,0.7071067811865475,0.7071067811865476,250.0,1324.0,1.0,1.2142857142857142,0.0,1.7857142857142858
4,2015-01-28 01:58:59,2015-01-28 02:56:43,98f13708210194c475687be6106a3b84,mediterranean,2,1.0,1045.0,1.0,895.0,895.0,104.0,102.0,150.0,57.733333333333334,1,2,0,0.25881904510252074,0.9659258262890683,0.0,1045.0,1.0,0.9714285714285714,2.0,1.4285714285714286
4,2015-01-22 02:16:36,2015-01-22 03:24:22,4ca82782c5372a547c104929f03fe7a9,burger,5,6.0,4253.0,6.0,399.0,999.0,70.0,80.0,83.0,67.76666666666667,2,3,0,0.49999999999999994,0.8660254037844387,600.0,708.8333333333334,1.0,1.1267605633802817,0.0,1.1690140845070423
2,2015-02-07 01:34:18,2015-02-07 02:18:52,7d12b66d3df6af8d429c1a357d8b9e1a,mexican,5,3.0,2706.0,2.0,369.0,799.0,53.0,36.0,56.0,44.56666666666667,1,5,1,0.25881904510252074,0.9659258262890683,430.0,902.0,1.5,0.6666666666666666,17.0,1.037037037037037
4,2015-01-28 02:53:51,2015-01-28 03:36:46,43ec517d68b6edd3015b3edc9a11367b,japanese,5,5.0,3100.0,5.0,200.0,1300.0,116.0,110.0,162.0,42.916666666666664,2,2,0,0.49999999999999994,0.8660254037844387,1100.0,620.0,1.0,0.9401709401709402,6.0,1.3846153846153846
1,2015-02-10 04:17:22,2015-02-10 04:46:21,297fa7777981f402dbba17e9f29e292d,pizza,1,2.0,1798.0,1.0,899.0,899.0,29.0,30.0,28.0,28.983333333333334,4,1,0,0.8660254037844386,0.5000000000000001,0.0,899.0,2.0,1.0,0.0,0.9333333333333333
1,2015-02-15 04:14:14,2015-02-15 05:41:18,9e3cfc48eccf81a0d57663e129aef3cb,dessert,4,7.0,6230.0,7.0,495.0,1295.0,51.0,49.0,79.0,87.06666666666666,4,6,1,0.8660254037844386,0.5000000000000001,800.0,890.0,1.0,0.9423076923076923,2.0,1.5192307692307692
2,2015-01-28 23:17:59,2015-01-28 23:50:06,1afa34a7f984eeabdbb0a7d494132ee5,indian,3,6.0,1075.0,3.0,125.0,300.0,27.0,24.0,26.0,32.11666666666667,23,2,0,-0.25881904510252157,0.9659258262890681,175.0,179.16666666666666,2.0,0.8571428571428571,3.0,0.9285714285714286
1,2015-02-01 03:11:07,2015-02-01 03:45:28,3c88c1db16b9523b4dcdcd572aa1e16a,barbecue,1,4.0,3564.0,3.0,109.0,1399.0,59.0,58.0,83.0,34.35,3,6,1,0.7071067811865475,0.7071067811865476,1290.0,891.0,1.3333333333333333,0.9666666666666667,1.0,1.3833333333333333
5,2015-02-14 21:44:23,2015-02-14 22:22:04,1368ba1ab6ed38bb1f26f36673739d54,other,1,2.0,1800.0,2.0,300.0,1100.0,21.0,21.0,21.0,37.68333333333333,21,5,1,-0.7071067811865477,0.7071067811865474,800.0,900.0,1.0,0.9545454545454546,0.0,0.9545454545454546
4,2015-02-11 01:54:40,2015-02-11 03:02:44,57db7d68d5335b52d5153a4e01adaa6b,other,1,4.0,3385.0,4.0,745.0,925.0,10.0,11.0,14.0,68.06666666666666,1,2,0,0.25881904510252074,0.9659258262890683,180.0,846.25,1.0,1.0,0.0,1.2727272727272727
5,2015-02-17 03:17:38,2015-02-17 04:04:59,a77fee56f3b23fc8cb33e04f4d05132a,mediterranean,2,3.0,1950.0,2.0,250.0,699.0,20.0,20.0,34.0,47.35,3,1,0,0.7071067811865475,0.7071067811865476,449.0,650.0,1.5,0.9523809523809523,0.0,1.619047619047619
2,2015-01-24 03:09:20,2015-01-24 04:29:03,d860edd1dd83b36f02ce52bde626c653,thai,1,2.0,2529.0,2.0,1055.0,1286.0,135.0,129.39499999998952,228.0,79.71666666666667,3,5,1,0.7071067811865475,0.7071067811865476,231.0,1264.5,1.0,0.9514338235293347,5.605000000010477,1.6764705882352942
2,2015-02-03 02:18:11,2015-02-03 03:12:25,50de294b9d4987a3c89b4a5cc4bdea62,indian,2,2.0,1445.0,2.0,595.0,850.0,69.0,69.0,113.0,54.233333333333334,2,1,0,0.49999999999999994,0.8660254037844387,255.0,722.5,1.0,0.9857142857142858,0.0,1.6142857142857143
2,2015-01-24 02:01:40,2015-01-24 02:47:06,db5f9f42a7157abe65bb145000b5871a,vietnamese,5,1.0,630.0,1.0,630.0,630.0,115.0,107.0,166.0,45.43333333333333,2,5,1,0.49999999999999994,0.8660254037844387,0.0,630.0,1.0,0.9224137931034483,8.0,1.4310344827586208
4,2015-02-12 19:47:09,2015-02-12 20:33:41,51ef186e18dc00c2d31982567235c559,mexican,3,3.0,1645.0,3.0,200.0,995.0,40.0,38.0,61.0,46.53333333333333,19,3,0,-0.9659258262890684,0.2588190451025203,795.0,548.3333333333334,1.0,0.926829268292683,2.0,1.4878048780487805
5,2015-02-11 19:16:55,2015-02-11 20:11:14,ba67e777107290283dcc9adaed9459e1,italian,2,1.0,825.0,1.0,825.0,825.0,14.0,16.0,21.0,54.31666666666667,19,2,0,-0.9659258262890684,0.2588190451025203,0.0,825.0,1.0,1.0666666666666667,0.0,1.4
5,2015-01-29 17:34:37,2015-01-29 17:58:52,59990206aa06fc1de0b921c4320f332c,other,4,3.0,1005.0,3.0,245.0,345.0,4.0,0.0,0.0,24.25,17,3,0,-0.9659258262890683,-0.25881904510252063,100.0,335.0,1.0,0.0,4.0,0.0
2,2015-02-06 18:51:17,2015-02-06 19:24:42,973a5f0ccbc4ee3524ccf035d35b284b,mediterranean,3,1.0,699.0,1.0,699.0,699.0,22.0,18.0,23.0,33.416666666666664,18,4,0,-1.0,-1.8369701987210297e-16,0.0,699.0,1.0,0.782608695652174,4.0,1.0
3,2015-02-01 05:06:02,2015-02-01 05:42:46,04fcc65450efcccdc9869442c3e36310,american,5,3.0,1665.0,3.0,275.0,995.0,12.0,12.0,11.0,36.733333333333334,5,6,1,0.9659258262890683,0.25881904510252074,720.0,555.0,1.0,0.9230769230769231,0.0,0.8461538461538461
4,2015-02-12 20:21:14,2015-02-12 20:52:09,582967e09f1b30ca2539968da0a174fa,sandwich,1,1.0,1050.0,1.0,1050.0,1050.0,88.0,88.0,127.0,30.916666666666668,20,3,0,-0.8660254037844386,0.5000000000000001,0.0,1050.0,1.0,0.9887640449438202,0.0,1.4269662921348314
1,2015-01-28 21:42:34,2015-01-28 22:32:19,c55d22f5c88cc6f04c0bb2e0025dd70b,thai,1,2.0,1270.0,2.0,275.0,895.0,3.0,1.0,1.0,49.75,21,2,0,-0.7071067811865477,0.7071067811865474,620.0,635.0,1.0,0.25,2.0,0.25
1,2015-01-27 21:53:48,2015-01-27 22:39:04,972a8c3bc82fbee8f38bdb3edd3a3ff5,chinese,2,2.0,1420.0,1.0,710.0,710.0,2.0,3.0,7.0,45.266666666666666,21,1,0,-0.7071067811865477,0.7071067811865474,0.0,710.0,2.0,1.0,0.0,2.3333333333333335
6,2015-02-01 19:09:54,2015-02-01 19:47:21,f94778df58fec780ff952344ac5a2442,breakfast,1,4.0,3878.0,4.0,726.0,1124.0,37.0,34.0,41.0,37.45,19,6,1,-0.9659258262890684,0.2588190451025203,398.0,969.5,1.0,0.8947368421052632,3.0,1.0789473684210527
4,2015-02-14 02:19:06,2015-02-14 02:57:37,12ced2db6f0193dda91ba86224ea1cd8,american,3,5.0,4020.0,4.0,250.0,1045.0,98.0,84.0,181.0,38.516666666666666,2,5,1,0.49999999999999994,0.8660254037844387,795.0,804.0,1.25,0.8484848484848485,14.0,1.8282828282828283
2,2015-02-18 03:02:01,2015-02-18 03:54:25,1cc3633c579a90cfdd895e64021e2163,thai,3,2.0,1195.0,2.0,200.0,995.0,57.0,53.0,75.0,52.4,3,2,0,0.7071067811865475,0.7071067811865476,795.0,597.5,1.0,0.9137931034482759,4.0,1.293103448275862
3,2015-02-14 03:32:11,2015-02-14 04:05:03,bf9ce4f69ab045fb497f79b7b5d7622e,italian,3,4.0,2560.0,4.0,275.0,1395.0,32.0,30.0,36.0,32.86666666666667,3,5,1,0.7071067811865475,0.7071067811865476,1120.0,640.0,1.0,0.9090909090909091,2.0,1.0909090909090908
2,2015-02-14 23:45:26,2015-02-15 00:18:20,1c9ac0159c94d8d0cbedc973445af2da,other,5,3.0,2340.0,3.0,150.0,1295.0,48.0,48.0,64.0,32.9,23,5,1,-0.25881904510252157,0.9659258262890681,1145.0,780.0,1.0,0.9795918367346939,0.0,1.3061224489795917
1,2015-02-08 19:54:25,2015-02-08 20:20:17,1819fb9034f796275e6f64950a134e2a,fast,1,6.0,2590.0,4.0,245.0,695.0,4.0,5.0,5.0,25.866666666666667,19,6,1,-0.9659258262890684,0.2588190451025203,450.0,431.6666666666667,1.5,1.0,0.0,1.0
2,2015-01-26 01:30:48,2015-01-26 02:10:58,faacbcd5bf1d018912c116bf2783e9a1,mexican,5,3.0,2498.0,3.0,700.0,999.0,82.0,95.0,80.0,40.166666666666664,1,0,0,0.25881904510252074,0.9659258262890683,299.0,832.6666666666666,1.0,1.144578313253012,0.0,0.963855421686747
1,2015-02-10 23:10:11,2015-02-11 00:08:11,35d58f24d7a7701719c983a1ef1979b1,other,2,1.0,825.0,1.0,825.0,825.0,5.0,3.0,3.0,58.0,23,1,0,-0.25881904510252157,0.9659258262890681,0.0,825.0,1.0,0.5,2.0,0.5
4,2015-02-08 20:28:09,2015-02-08 21:06:59,04df4d434d481c5bb723be1b6df1ee65,sandwich,3,6.0,3421.0,4.0,175.0,999.0,37.0,19.0,21.0,38.833333333333336,20,6,1,-0.8660254037844386,0.5000000000000001,824.0,570.1666666666666,1.5,0.5,18.0,0.5526315789473685
2,2015-02-14 05:19:00,2015-02-14 06:08:09,8deb8d1dd92840f975b6931ab3a3c61e,breakfast,1,2.0,2058.0,2.0,999.0,1059.0,39.0,39.0,66.0,49.15,5,5,1,0.9659258262890683,0.25881904510252074,60.0,1029.0,1.0,0.975,0.0,1.65
5,2015-01-26 02:26:25,2015-01-26 04:13:41,0f0e13216262f4a201bec128044dd30f,mexican,1,4.0,1365.0,3.0,150.0,495.0,33.0,49.0,32.0,107.26666666666667,2,0,0,0.49999999999999994,0.8660254037844387,345.0,341.25,1.3333333333333333,1.4411764705882353,0.0,0.9411764705882353
2,2015-02-08 00:27:58,2015-02-08 01:00:14,70fc5f043205720a49d973d280eb83e7,pizza,3,4.0,3600.0,4.0,350.0,1700.0,29.0,24.0,25.0,32.266666666666666,0,6,1,0.0,1.0,1350.0,900.0,1.0,0.8,5.0,0.8333333333333334
3,2015-02-16 00:12:36,2015-02-16 01:05:52,8e1ba2fadecb9dc939750d1104c8a7f2,thai,3,3.0,2440.0,3.0,0.0,1095.0,30.0,23.0,24.0,53.266666666666666,0,0,0,0.0,1.0,1095.0,813.3333333333334,1.0,0.7419354838709677,7.0,0.7741935483870968
4,2015-01-25 20:52:08,2015-01-25 21:37:43,1f02ab6d5abf20738d8789ca8741f185,indian,5,3.0,2097.0,3.0,199.0,999.0,58.0,100.0,51.0,45.583333333333336,20,6,1,-0.8660254037844386,0.5000000000000001,800.0,699.0,1.0,1.694915254237288,0.0,0.864406779661017
4,2015-02-18 03:29:43,2015-02-18 04:02:34,f0fcf351df4eb6786e9bb6fc4e2dee02,other,3,2.0,2400.0,2.0,1100.0,1300.0,54.0,36.0,59.0,32.85,3,2,0,0.7071067811865475,0.7071067811865476,200.0,1200.0,1.0,0.6545454545454545,18.0,1.0727272727272728
4,2015-02-16 04:45:07,2015-02-16 05:16:19,c203d8a151612acf12457e4d67635a95,thai,5,3.0,2220.0,3.0,175.0,1050.0,71.0,68.0,68.0,31.2,4,0,0,0.8660254037844386,0.5000000000000001,875.0,740.0,1.0,0.9444444444444444,3.0,0.9444444444444444
2,2015-02-14 02:48:51,2015-02-14 03:36:43,a8c88a0055f636e4a163a5e3d16adab7,pizza,5,1.0,1539.0,1.0,1209.0,1209.0,127.0,119.0,223.0,47.86666666666667,2,5,1,0.49999999999999994,0.8660254037844387,0.0,1539.0,1.0,0.9296875,8.0,1.7421875
4,2015-02-05 02:25:12,2015-02-05 03:42:46,4b0250793549726d5c1ea3906726ebfe,other,1,3.0,3800.0,3.0,1050.0,1650.0,51.0,50.0,102.0,77.56666666666666,2,3,0,0.49999999999999994,0.8660254037844387,600.0,1266.6666666666667,1.0,0.9615384615384616,1.0,1.9615384615384615
6,2015-02-06 21:32:27,2015-02-06 22:03:27,839ab46820b524afda05122893c2fe8e,italian,3,3.0,3215.0,3.0,825.0,1295.0,35.0,31.0,31.0,31.0,21,4,0,-0.7071067811865477,0.7071067811865474,470.0,1071.6666666666667,1.0,0.8611111111111112,4.0,0.8611111111111112
1,2015-02-09 05:32:31,2015-02-09 05:56:03,6e2c22ab08479b1da4206a0c5d7da31e,other,5,4.0,1180.0,2.0,295.0,295.0,0.0,0.0,0.0,23.533333333333335,5,0,0,0.9659258262890683,0.25881904510252074,0.0,295.0,2.0,0.0,0.0,0.0
4,2015-01-29 19:24:07,2015-01-29 20:10:15,31857b449c407203749ae32dd0e7d64a,other,3,3.0,2100.0,3.0,550.0,950.0,34.0,34.0,51.0,46.13333333333333,19,3,0,-0.9659258262890684,0.2588190451025203,400.0,700.0,1.0,0.9714285714285714,0.0,1.457142857142857
2,2015-02-08 01:45:46,2015-02-08 02:21:59,46a558d97954d0692411c861cf78ef79,dessert,5,5.0,2385.0,2.0,385.0,395.0,125.0,78.0,124.0,36.21666666666667,1,6,1,0.25881904510252074,0.9659258262890683,10.0,477.0,2.5,0.6190476190476191,47.0,0.9841269841269841
5,2015-02-10 03:01:53,2015-02-10 03:49:49,48237d9f2dea8c74c2a72126cf63d933,japanese,1,7.0,7500.0,7.0,550.0,1400.0,27.0,23.0,26.0,47.93333333333333,3,1,0,0.7071067811865475,0.7071067811865476,850.0,1071.4285714285713,1.0,0.8214285714285714,4.0,0.9285714285714286
2,2015-01-31 03:18:36,2015-01-31 04:30:56,ccb0989662211f61edae2e26d58ea92f,other,2,3.0,5295.0,2.0,200.0,3699.0,48.0,49.0,91.0,72.33333333333333,3,5,1,0.7071067811865475,0.7071067811865476,3499.0,1765.0,1.5,1.0,0.0,1.8571428571428572
2,2015-02-08 22:10:27,2015-02-08 22:50:55,50de294b9d4987a3c89b4a5cc4bdea62,indian,2,3.0,2185.0,2.0,595.0,795.0,39.0,38.0,43.0,40.46666666666667,22,6,1,-0.5000000000000004,0.8660254037844384,200.0,728.3333333333334,1.5,0.95,1.0,1.075
2,2015-02-09 01:09:16,2015-02-09 01:36:04,6a81681a7af700c6385d36577ebec359,barbecue,1,1.0,1495.0,1.0,1495.0,1495.0,86.0,59.0,72.0,26.8,1,0,0,0.25881904510252074,0.9659258262890683,0.0,1495.0,1.0,0.6781609195402298,27.0,0.8275862068965517
4,2015-02-02 22:19:10,2015-02-02 22:50:33,51ef186e18dc00c2d31982567235c559,mexican,3,5.0,2490.0,4.0,400.0,595.0,15.0,14.0,21.0,31.383333333333333,22,0,0,-0.5000000000000004,0.8660254037844384,195.0,498.0,1.25,0.875,1.0,1.3125
1,2015-02-09 02:42:01,2015-02-09 03:51:42,a9a1d5317a33ae8cef33961c34144f84,mexican,1,2.0,1766.0,2.0,733.0,733.0,56.0,57.0,95.0,69.68333333333334,2,0,0,0.49999999999999994,0.8660254037844387,0.0,883.0,1.0,1.0,0.0,1.6666666666666667
3,2015-01-25 03:23:17,2015-01-25 04:19:44,7171e95248ff768e1ebee3edde01ea7a,thai,1,2.0,1945.0,2.0,850.0,1095.0,37.0,38.0,44.0,56.45,3,6,1,0.7071067811865475,0.7071067811865476,245.0,972.5,1.0,1.0,0.0,1.1578947368421053
2,2015-02-06 01:35:57,2015-02-06 02:26:56,6a9aeddfc689c1d0e3b9ccc3ab651bc5,greek,3,1.0,1170.0,1.0,1050.0,1050.0,106.0,58.0,65.0,50.983333333333334,1,4,0,0.25881904510252074,0.9659258262890683,0.0,1170.0,1.0,0.5420560747663551,48.0,0.6074766355140186
2,2015-02-09 03:03:51,2015-02-09 03:46:30,faacbcd5bf1d018912c116bf2783e9a1,mexican,5,2.0,1448.0,2.0,649.0,799.0,131.0,119.0,193.0,42.65,3,0,0,0.7071067811865475,0.7071067811865476,150.0,724.0,1.0,0.9015151515151515,12.0,1.4621212121212122
2,2015-02-07 04:13:42,2015-02-07 05:16:58,b6e16e5df709e3386d7df8c34dccb1d2,italian,1,2.0,2125.0,2.0,975.0,1150.0,98.0,116.0,180.0,63.266666666666666,4,5,1,0.8660254037844386,0.5000000000000001,175.0,1062.5,1.0,1.1717171717171717,0.0,1.8181818181818181
1,2015-02-13 03:14:39,2015-02-13 03:54:41,b06cbb874ce37177f6dcdf690b5ac490,other,5,6.0,4050.0,6.0,500.0,1000.0,65.0,62.0,87.0,40.03333333333333,3,4,0,0.7071067811865475,0.7071067811865476,500.0,675.0,1.0,0.9393939393939394,3.0,1.3181818181818181
2,2015-01-31 20:25:18,2015-01-31 20:54:32,c8067ad1937f728f51288b3eb986afaa,breakfast,1,1.0,1399.0,1.0,1399.0,1399.0,66.0,64.0,76.0,29.233333333333334,20,5,1,-0.8660254037844386,0.5000000000000001,0.0,1399.0,1.0,0.9552238805970149,2.0,1.1343283582089552
4,2015-02-16 18:35:25,2015-02-16 19:00:20,cd4bb35c75ba84b4f39e547b1416fd35,dessert,5,3.0,1895.0,3.0,325.0,1195.0,10.0,8.0,8.0,24.916666666666668,18,0,0,-1.0,-1.8369701987210297e-16,870.0,631.6666666666666,1.0,0.7272727272727273,2.0,0.7272727272727273
4,2015-02-17 21:54:45,2015-02-17 22:26:30,6fbd841e2e4b2938351a4f9b68f12e6b,mediterranean,3,1.0,950.0,1.0,950.0,950.0,19.0,14.0,13.0,31.75,21,1,0,-0.7071067811865477,0.7071067811865474,0.0,950.0,1.0,0.7,5.0,0.65
1,2015-02-15 02:14:18,2015-02-15 03:18:58,f187a23c3ee681ef6913f31fd6d6446b,pizza,1,7.0,5560.0,5.0,600.0,1195.0,24.0,24.0,35.0,64.66666666666667,2,6,1,0.49999999999999994,0.8660254037844387,595.0,794.2857142857143,1.4,0.96,0.0,1.4
1,2015-02-18 03:25:09,2015-02-18 04:32:25,db2b4182156b2f1f817860ac9f409ad7,chinese,5,3.0,3500.0,3.0,1000.0,1250.0,0.0,0.0,0.0,67.26666666666667,3,2,0,0.7071067811865475,0.7071067811865476,250.0,1166.6666666666667,1.0,0.0,0.0,0.0
4,2015-01-24 20:52:46,2015-01-24 21:38:00,6fbd841e2e4b2938351a4f9b68f12e6b,mediterranean,3,2.0,2150.0,2.0,950.0,1200.0,33.0,48.0,40.0,45.233333333333334,20,5,1,-0.8660254037844386,0.5000000000000001,250.0,1075.0,1.0,1.411764705882353,0.0,1.1764705882352942
3,2015-02-13 01:41:41,2015-02-13 02:11:32,d29ac33c25a1fe0e50c3c105ab8675a6,fast,4,4.0,1336.0,2.0,189.0,479.0,20.0,18.0,17.0,29.85,1,4,0,0.25881904510252074,0.9659258262890683,290.0,334.0,2.0,0.8571428571428571,2.0,0.8095238095238095
2,2015-02-03 19:03:53,2015-02-03 19:43:12,f4beeba0dd6c190c6ac02f85e7b3691c,salad,4,6.0,4254.0,6.0,299.0,949.0,24.0,17.0,22.0,39.31666666666667,19,1,0,-0.9659258262890684,0.2588190451025203,650.0,709.0,1.0,0.68,7.0,0.88
1,2015-01-29 01:58:26,2015-01-29 02:19:08,032dd17b77fab7d51a476c5ff2b5659c,chinese,4,1.0,710.0,1.0,710.0,710.0,40.0,42.0,51.0,20.7,1,3,0,0.25881904510252074,0.9659258262890683,0.0,710.0,1.0,1.024390243902439,0.0,1.2439024390243902
2,2015-02-15 02:53:25,2015-02-15 04:02:46,757b505cfd34c64c85ca5b5690ee5293,american,3,1.0,1839.0,1.0,1619.0,1619.0,123.0,121.0,201.0,69.35,2,6,1,0.49999999999999994,0.8660254037844387,0.0,1839.0,1.0,0.9758064516129032,2.0,1.6209677419354838
4,2015-01-23 04:31:50,2015-01-23 05:01:49,46f76a4bda9a9579eab38a8f6eabcda1,american,3,3.0,3280.0,3.0,355.0,1475.0,34.0,37.0,41.0,29.983333333333334,4,4,0,0.8660254037844386,0.5000000000000001,1120.0,1093.3333333333333,1.0,1.0571428571428572,0.0,1.1714285714285715
2,2015-01-23 19:18:07,2015-01-23 19:59:30,9657c1fffd38824e5ab0472e022e577e,pizza,3,2.0,1250.0,1.0,625.0,625.0,19.0,19.0,20.0,41.38333333333333,19,4,0,-0.9659258262890684,0.2588190451025203,0.0,625.0,2.0,0.95,0.0,1.0
6,2015-01-30 03:26:44,2015-01-30 04:03:49,149815eb972b3c370dee3b89d645ae14,other,2,2.0,2200.0,2.0,900.0,1300.0,37.0,34.0,41.0,37.083333333333336,3,4,0,0.7071067811865475,0.7071067811865476,400.0,1100.0,1.0,0.8947368421052632,3.0,1.0789473684210527
5,2015-02-12 00:25:21,2015-02-12 01:22:44,9cea886b9f44a3c2df1163730ab64994,pizza,5,3.0,3850.0,3.0,350.0,2000.0,10.0,6.0,6.0,57.38333333333333,0,3,0,0.0,1.0,1650.0,1283.3333333333333,1.0,0.5454545454545454,4.0,0.5454545454545454
4,2015-02-17 02:54:26,2015-02-17 04:15:20,7985672db979303a6c765f40915b3d30,thai,2,3.0,2058.0,3.0,105.0,1279.0,24.0,24.0,29.0,80.9,2,1,0,0.49999999999999994,0.8660254037844387,1174.0,686.0,1.0,0.96,0.0,1.16
1,2015-01-31 19:40:38,2015-01-31 20:16:20,147ebe637038ca50a1265abac8dea181,american,1,2.0,1710.0,2.0,819.0,891.0,23.0,19.0,23.0,35.7,19,5,1,-0.9659258262890684,0.2588190451025203,72.0,855.0,1.0,0.7916666666666666,4.0,0.9583333333333334
4,2015-02-13 03:26:41,2015-02-13 04:17:26,9a96a2c73c0d477ff2a6da3bf538f4f4,burger,4,4.0,1706.0,4.0,279.0,609.0,111.0,87.0,132.0,50.75,3,4,0,0.7071067811865475,0.7071067811865476,330.0,426.5,1.0,0.7767857142857143,24.0,1.1785714285714286
2,2015-01-24 22:03:04,2015-01-24 22:37:54,14cfdb59b5bda1fc245aadae15b1984a,dessert,2,2.0,850.0,1.0,425.0,425.0,53.0,61.0,73.0,34.833333333333336,22,5,1,-0.5000000000000004,0.8660254037844384,0.0,425.0,2.0,1.1296296296296295,0.0,1.3518518518518519
5,2015-01-24 01:54:56,2015-01-24 02:41:24,9246eb8610d571d99a95f476a90a60b3,indian,3,7.0,3725.0,5.0,250.0,1100.0,33.0,26.0,41.0,46.46666666666667,1,5,1,0.25881904510252074,0.9659258262890683,850.0,532.1428571428571,1.4,0.7647058823529411,7.0,1.2058823529411764
5,2015-02-12 21:33:36,2015-02-12 22:02:37,8612c55d2969d1f587bf1c5aaaa32964,chinese,5,3.0,2135.0,3.0,545.0,795.0,26.0,20.0,20.0,29.016666666666666,21,3,0,-0.7071067811865477,0.7071067811865474,250.0,711.6666666666666,1.0,0.7407407407407407,6.0,0.7407407407407407
4,2015-02-16 19:50:19,2015-02-16 20:48:54,c9f0f895fb98ab9159f51fd0297e236d,salad,2,1.0,1090.0,1.0,695.0,695.0,61.0,58.0,115.0,58.583333333333336,19,0,0,-0.9659258262890684,0.2588190451025203,0.0,1090.0,1.0,0.9354838709677419,3.0,1.8548387096774193
1,2015-02-02 05:29:02,2015-02-02 06:11:04,3e30c0a4a1617a0deacf755804b59a12,chinese,2,3.0,1322.0,2.0,190.0,942.0,4.0,6.0,5.0,42.03333333333333,5,0,0,0.9659258262890683,0.25881904510252074,752.0,440.6666666666667,1.5,1.2,0.0,1.0
1,2015-01-27 01:35:27,2015-01-27 02:11:14,46072631582fc240dd2674a7d063b040,mexican,1,2.0,924.0,2.0,199.0,499.0,0.0,0.0,0.0,35.78333333333333,1,1,0,0.25881904510252074,0.9659258262890683,300.0,462.0,1.0,0.0,0.0,0.0
5,2015-02-09 00:55:21,2015-02-09 01:43:45,009a5510ad149a8e0c750cb62e255175,mediterranean,2,5.0,3176.0,5.0,382.0,846.0,21.0,12.0,24.0,48.4,0,0,0,0.0,1.0,464.0,635.2,1.0,0.5454545454545454,9.0,1.0909090909090908
3,2015-02-04 01:34:04,2015-02-04 02:07:13,030e65da2b1c944090548d36b244b28d,pizza,5,4.0,2750.0,3.0,150.0,1000.0,26.0,20.0,20.0,33.15,1,2,0,0.25881904510252074,0.9659258262890683,850.0,687.5,1.3333333333333333,0.7407407407407407,6.0,0.7407407407407407
1,2015-01-24 01:56:15,2015-01-24 02:37:53,5655cf23be4dda7082c8bb3a8d8f8016,american,1,2.0,2950.0,2.0,1350.0,1600.0,67.0,67.0,75.0,41.63333333333333,1,5,1,0.25881904510252074,0.9659258262890683,250.0,1475.0,1.0,0.9852941176470589,0.0,1.1029411764705883
2,2015-02-17 20:18:09,2015-02-17 20:53:53,f73b76ce8949fe29bf2a537cfa420e8f,burger,5,5.0,3416.0,5.0,249.0,949.0,46.0,33.0,37.0,35.733333333333334,20,1,0,-0.8660254037844386,0.5000000000000001,700.0,683.2,1.0,0.7021276595744681,13.0,0.7872340425531915
1,2015-01-22 02:03:35,2015-01-22 03:23:49,b43a6403c17870707ca3c44984a2da22,japanese,6,1.0,2500.0,1.0,2500.0,2500.0,28.0,28.0,29.0,80.23333333333333,2,3,0,0.49999999999999994,0.8660254037844387,0.0,2500.0,1.0,0.9655172413793104,0.0,1.0
2,2015-02-08 22:27:48,2015-02-08 23:29:28,3a66aff309d35319563fa0b81887d58b,indian,3,3.0,1948.0,3.0,150.0,999.0,62.0,57.0,64.0,61.666666666666664,22,6,1,-0.5000000000000004,0.8660254037844384,849.0,649.3333333333334,1.0,0.9047619047619048,5.0,1.0158730158730158
3,2015-01-29 01:29:34,2015-01-29 02:28:44,0415740eaa4d9decbc8da001d3fd805f,american,1,2.0,2350.0,2.0,1150.0,1200.0,21.0,20.0,17.0,59.166666666666664,1,3,0,0.25881904510252074,0.9659258262890683,50.0,1175.0,1.0,0.9090909090909091,1.0,0.7727272727272727
2,2015-02-15 03:18:40,2015-02-15 04:50:25,c31e46a74fb556fd7b53f8f6b186d5e9,mexican,5,2.0,1858.0,2.0,799.0,999.0,54.0,53.0,98.0,91.75,3,6,1,0.7071067811865475,0.7071067811865476,200.0,929.0,1.0,0.9636363636363636,1.0,1.7818181818181817
4,2015-02-01 21:32:56,2015-02-01 22:06:54,f7177163c833dff4b38fc8d2872f1ec6,dessert,5,1.0,795.0,1.0,795.0,795.0,49.0,35.0,51.0,33.96666666666667,21,6,1,-0.7071067811865477,0.7071067811865474,0.0,795.0,1.0,0.7,14.0,1.02
2,2015-02-03 01:14:27,2015-02-03 01:48:19,6baadc89159617043965f9e1889224e7,mexican,3,1.0,749.0,1.0,599.0,599.0,54.0,53.0,81.0,33.86666666666667,1,1,0,0.25881904510252074,0.9659258262890683,0.0,749.0,1.0,0.9636363636363636,1.0,1.4727272727272727
1,2015-02-07 05:58:59,2015-02-07 06:24:30,cc0991344c3d760ae42259064406bae1,pizza,3,1.0,874.0,1.0,699.0,699.0,10.0,12.0,12.0,25.516666666666666,5,5,1,0.9659258262890683,0.25881904510252074,0.0,874.0,1.0,1.0909090909090908,0.0,1.0909090909090908
4,2015-02-10 02:28:23,2015-02-10 03:39:05,8f1922a57790242d2297a922019048ec,pizza,3,2.0,5290.0,2.0,595.0,895.0,76.0,75.0,113.0,70.7,2,1,0,0.49999999999999994,0.8660254037844387,300.0,2645.0,1.0,0.974025974025974,1.0,1.4675324675324675
1,2015-02-14 04:23:15,2015-02-14 05:14:20,28b60a16b55fd531047c0c958ce14b95,pizza,5,1.0,1300.0,1.0,1150.0,1150.0,19.0,19.0,22.0,51.083333333333336,4,5,1,0.8660254037844386,0.5000000000000001,0.0,1300.0,1.0,0.95,0.0,1.1
4,2015-02-11 03:13:17,2015-02-11 04:04:15,421b3ac5c24ee992edd6087611c60dbb,pizza,5,4.0,2444.0,3.0,0.0,1449.0,86.0,87.0,122.0,50.96666666666667,3,2,0,0.7071067811865475,0.7071067811865476,1449.0,611.0,1.3333333333333333,1.0,0.0,1.4022988505747127
2,2015-01-28 04:49:55,2015-01-28 05:21:29,faacbcd5bf1d018912c116bf2783e9a1,mexican,5,1.0,799.0,1.0,799.0,799.0,53.0,52.0,57.0,31.566666666666666,4,2,0,0.8660254037844386,0.5000000000000001,0.0,799.0,1.0,0.9629629629629629,1.0,1.0555555555555556
5,2015-02-04 02:30:19,2015-02-04 03:55:22,10fe8dc69a0964edc16fed1a1bd55716,american,1,5.0,6685.0,5.0,475.0,1550.0,22.0,19.0,21.0,85.05,2,2,0,0.49999999999999994,0.8660254037844387,1075.0,1337.0,1.0,0.8260869565217391,3.0,0.9130434782608695
4,2015-02-17 00:29:55,2015-02-17 01:53:48,a3f390d88e4c41f2747bfa2f1b5f87db,other,3,1.0,1100.0,1.0,975.0,975.0,22.0,22.0,33.0,83.88333333333334,0,1,0,0.0,1.0,0.0,1100.0,1.0,0.9565217391304348,0.0,1.434782608695652
2,2015-02-17 03:09:46,2015-02-17 03:29:13,f4a4da9aa7eadfd23c7bdb7cf57b3112,other,3,2.0,994.0,2.0,197.0,797.0,110.0,82.0,98.0,19.45,3,1,0,0.7071067811865475,0.7071067811865476,600.0,497.0,1.0,0.7387387387387387,28.0,0.8828828828828829
1,2015-01-30 02:19:33,2015-01-30 03:10:33,a1140a3d0df1c81e24ae954d935e8926,thai,4,3.0,2070.0,3.0,250.0,1025.0,66.0,57.0,95.0,51.0,2,4,0,0.49999999999999994,0.8660254037844387,775.0,690.0,1.0,0.8507462686567164,9.0,1.4179104477611941
1,2015-02-08 20:50:31,2015-02-08 21:52:56,9246444d94f081e3549803b928260f56,burger,1,2.0,2800.0,1.0,1000.0,1000.0,24.0,23.0,37.0,62.416666666666664,20,6,1,-0.8660254037844386,0.5000000000000001,0.0,1400.0,2.0,0.92,1.0,1.48
4,2015-02-07 02:03:13,2015-02-07 03:16:32,be83ab3ecd0db773eb2dc1b0a17836a1,other,2,4.0,4600.0,4.0,500.0,1200.0,128.0,126.0,205.0,73.31666666666666,2,5,1,0.49999999999999994,0.8660254037844387,700.0,1150.0,1.0,0.9767441860465116,2.0,1.5891472868217054
4,2015-02-01 00:07:04,2015-02-01 01:12:39,ccc0aa1b81bf81e16c676ddb977c5881,other,5,2.0,2050.0,2.0,750.0,1300.0,32.0,20.0,22.0,65.58333333333333,0,6,1,0.0,1.0,550.0,1025.0,1.0,0.6060606060606061,12.0,0.6666666666666666
3,2015-01-24 23:27:06,2015-01-25 00:06:29,8c59fd6fbe0e9793ec2b27971221cace,american,3,2.0,3140.0,2.0,1265.0,1875.0,15.0,14.0,13.0,39.38333333333333,23,5,1,-0.25881904510252157,0.9659258262890681,610.0,1570.0,1.0,0.875,1.0,0.8125
2,2015-01-28 19:58:16,2015-01-28 20:47:04,7e7757b1e12abcb736ab9a754ffb617a,japanese,1,1.0,1099.0,1.0,1099.0,1099.0,53.0,54.0,75.0,48.8,19,2,0,-0.9659258262890684,0.2588190451025203,0.0,1099.0,1.0,1.0,0.0,1.3888888888888888
3,2015-02-17 03:08:17,2015-02-17 04:49:03,237168031d88451c78fd8d6d6378c0b2,pizza,1,3.0,3797.0,2.0,549.0,2699.0,34.0,32.0,32.0,100.76666666666667,3,1,0,0.7071067811865475,0.7071067811865476,2150.0,1265.6666666666667,1.5,0.9142857142857143,2.0,0.9142857142857143
3,2015-02-14 04:32:51,2015-02-14 04:58:25,e9257036daf20f062a498aab563d7712,burger,2,3.0,2077.0,3.0,245.0,799.0,41.0,29.0,27.0,25.566666666666666,4,5,1,0.8660254037844386,0.5000000000000001,554.0,692.3333333333334,1.0,0.6904761904761905,12.0,0.6428571428571429
4,2015-02-14 03:05:30,2015-02-14 04:33:37,23d23cfad64cc753b8c3d43b2042a0d6,other,3,11.0,10879.344999999885,7.0,300.0,2200.0,103.0,102.0,178.0,88.11666666666666,3,5,1,0.7071067811865475,0.7071067811865476,1900.0,989.0313636363531,1.5714285714285714,0.9807692307692307,1.0,1.7115384615384615
4,2015-02-04 02:08:44,2015-02-04 03:18:21,9c838d2e45b2ad1094d42f4ef36764f6,pizza,5,4.0,5600.0,4.0,600.0,1200.0,102.0,99.0,134.0,69.61666666666666,2,2,0,0.49999999999999994,0.8660254037844387,600.0,1400.0,1.0,0.9611650485436893,3.0,1.3009708737864079
3,2015-01-25 19:07:34,2015-01-25 19:50:14,8466a2b43729c29dcd7cc0fdfa1a9e7a,american,5,6.0,5625.0,6.0,600.0,1225.0,2.0,2.0,2.0,42.666666666666664,19,6,1,-0.9659258262890684,0.2588190451025203,625.0,937.5,1.0,0.6666666666666666,0.0,0.6666666666666666
4,2015-02-10 17:28:19,2015-02-10 17:59:28,5dae854cd11d11715c91b6ce80f46b7c,other,3,1.0,1575.0,1.0,1575.0,1575.0,8.0,6.0,5.0,31.15,17,1,0,-0.9659258262890683,-0.25881904510252063,0.0,1575.0,1.0,0.6666666666666666,2.0,0.5555555555555556
2,2015-01-26 00:19:23,2015-01-26 01:08:48,98fb202278940504d75b5a97b1476be4,salad,1,2.0,1059.0,2.0,449.0,460.0,60.0,78.0,84.0,49.416666666666664,0,0,0,0.0,1.0,11.0,529.5,1.0,1.278688524590164,0.0,1.3770491803278688
4,2015-02-07 02:45:02,2015-02-07 03:28:52,b2531e7bb29bf22e1daae486fae3417a,japanese,3,1.0,899.0,1.0,899.0,899.0,32.0,26.0,39.0,43.833333333333336,2,5,1,0.49999999999999994,0.8660254037844387,0.0,899.0,1.0,0.7878787878787878,6.0,1.1818181818181819
1,2015-02-18 02:33:44,2015-02-18 03:28:04,fccb3cdc9acc14a6e70a12f74560c026,japanese,1,3.0,3500.0,2.0,900.0,1300.0,43.0,43.0,60.0,54.333333333333336,2,2,0,0.49999999999999994,0.8660254037844387,400.0,1166.6666666666667,1.5,0.9772727272727273,0.0,1.3636363636363635
5,2015-02-13 05:33:21,2015-02-13 06:29:52,a2f94d8e28139ce8120147d24fe3b8f6,american,4,2.0,1998.0,1.0,999.0,999.0,19.0,8.0,8.0,56.516666666666666,5,4,0,0.9659258262890683,0.25881904510252074,0.0,999.0,2.0,0.4,11.0,0.4
3,2015-02-08 02:45:06,2015-02-08 03:43:18,74dbd1111727a31a2b825d615d80b2e7,mexican,1,4.0,3276.0,4.0,529.0,1199.0,29.0,29.0,36.0,58.2,2,6,1,0.49999999999999994,0.8660254037844387,670.0,819.0,1.0,0.9666666666666667,0.0,1.2
3,2015-01-31 04:00:19,2015-01-31 04:31:07,988ce67ad8c1f1fd4facb51a89229e09,other,2,3.0,1749.0,3.0,150.0,1099.0,7.0,8.0,10.0,30.8,4,5,1,0.8660254037844386,0.5000000000000001,949.0,583.0,1.0,1.0,0.0,1.25
1,2015-01-31 02:57:37,2015-01-31 03:53:31,9246444d94f081e3549803b928260f56,burger,1,1.0,1818.0,1.0,1094.0,1006.0,52.0,53.0,90.0,55.9,2,5,1,0.49999999999999994,0.8660254037844387,-88.0,1818.0,1.0,1.0,0.0,1.6981132075471699
1,2015-02-04 00:43:53,2015-02-04 01:20:25,b06cbb874ce37177f6dcdf690b5ac490,other,5,7.0,6300.0,4.0,600.0,1800.0,12.0,13.0,14.0,36.53333333333333,0,2,0,0.0,1.0,1200.0,900.0,1.75,1.0,0.0,1.0769230769230769
2,2015-01-23 03:37:33,2015-01-23 04:26:49,5737c6ec2e0716f3d8a7a5c4e0de0d9a,italian,3,2.0,4198.0,2.0,1899.0,2299.0,64.0,63.0,91.0,49.266666666666666,3,4,0,0.7071067811865475,0.7071067811865476,400.0,2099.0,1.0,0.9692307692307692,1.0,1.4
6,2015-02-06 02:27:40,2015-02-06 03:23:31,370666e2a8735a1893e32a4abc4c3ce2,fast,4,6.0,1060.0,3.0,0.0,831.0,37.0,34.0,41.0,55.85,2,4,0,0.49999999999999994,0.8660254037844387,831.0,176.66666666666666,2.0,0.8947368421052632,3.0,1.0789473684210527
4,2015-01-22 02:19:17,2015-01-22 03:06:23,c902b497eb972281fb5b4e206db38ee6,thai,2,4.0,2910.0,4.0,225.0,995.0,96.0,102.0,165.0,47.1,2,3,0,0.49999999999999994,0.8660254037844387,770.0,727.5,1.0,1.0515463917525774,0.0,1.7010309278350515
2,2015-02-16 05:13:57,2015-02-16 05:26:38,7ec2442aa04c157590b2fa1a7d093a33,sandwich,2,3.0,998.0,3.0,149.0,475.0,25.0,18.0,17.0,12.683333333333334,5,0,0,0.9659258262890683,0.25881904510252074,326.0,332.6666666666667,1.0,0.6923076923076923,7.0,0.6538461538461539
1,2015-01-30 20:29:38,2015-01-30 22:14:21,acf922154627f6788918f03c42b123cd,burger,1,2.0,1880.0,2.0,795.0,795.0,19.0,19.0,27.0,104.71666666666667,20,4,0,-0.8660254037844386,0.5000000000000001,0.0,940.0,1.0,0.95,0.0,1.35
1,2015-02-11 04:30:51,2015-02-11 05:19:07,f3bd5ad57c8389a8a1a541a76be463bf,thai,3,2.0,2590.0,2.0,1295.0,1295.0,16.0,16.0,17.0,48.266666666666666,4,2,0,0.8660254037844386,0.5000000000000001,0.0,1295.0,1.0,0.9411764705882353,0.0,1.0
3,2015-02-03 02:54:58,2015-02-03 03:44:50,876e1c59023b1a0e95808168e1a8ff89,mexican,1,3.0,2505.0,3.0,680.0,1025.0,6.0,6.0,6.0,49.86666666666667,2,1,0,0.49999999999999994,0.8660254037844387,345.0,835.0,1.0,0.8571428571428571,0.0,0.8571428571428571
1,2015-01-31 20:53:50,2015-01-31 21:27:24,677e09724f0e2df9b6c000b75b5da10d,italian,3,3.0,2770.0,3.0,250.0,1350.0,0.0,0.0,0.0,33.56666666666667,20,5,1,-0.8660254037844386,0.5000000000000001,1100.0,923.3333333333334,1.0,0.0,0.0,0.0
6,2015-02-11 21:42:51,2015-02-11 22:38:06,f3d205b3f8c2bb28c46e204c6f1b499d,other,4,6.0,3104.0,5.0,449.0,489.0,37.0,34.0,41.0,55.25,21,2,0,-0.7071067811865477,0.7071067811865474,40.0,517.3333333333334,1.2,0.8947368421052632,3.0,1.0789473684210527
3,2015-01-23 02:39:34,2015-01-23 02:55:48,8a66cd1b3045b820efd42dbf18eb28e1,american,5,1.0,915.0,1.0,865.0,865.0,6.0,5.0,4.0,16.233333333333334,2,4,0,0.49999999999999994,0.8660254037844387,0.0,915.0,1.0,0.7142857142857143,1.0,0.5714285714285714
2,2015-01-30 20:45:21,2015-01-30 21:20:53,f0eb6568ea114ba6e293f903c34d7488,fast,4,6.0,1204.0,4.0,169.0,299.0,48.0,36.0,42.0,35.53333333333333,20,4,0,-0.8660254037844386,0.5000000000000001,130.0,200.66666666666666,1.5,0.7346938775510204,12.0,0.8571428571428571
2,2015-02-05 02:10:51,2015-02-05 02:47:54,f4a4da9aa7eadfd23c7bdb7cf57b3112,other,3,4.0,1888.0,2.0,147.0,797.0,106.0,88.0,130.0,37.05,2,3,0,0.49999999999999994,0.8660254037844387,650.0,472.0,2.0,0.822429906542056,18.0,1.2149532710280373
3,2015-02-17 22:46:33,2015-02-17 23:02:54,9719a00ed0c5709d80dfef33795dcef3,other,2,2.0,1100.0,1.0,550.0,550.0,14.0,10.0,9.0,16.35,22,1,0,-0.5000000000000004,0.8660254037844384,0.0,550.0,2.0,0.6666666666666666,4.0,0.6
2,2015-01-27 05:09:23,2015-01-27 05:40:20,d81f9c1be2e08964bf9f24b15f0e4900,thai,3,3.0,2885.0,3.0,595.0,1395.0,34.0,60.0,28.0,30.95,5,1,0,0.9659258262890683,0.25881904510252074,800.0,961.6666666666666,1.0,1.7142857142857142,0.0,0.8
2,2015-02-03 03:46:05,2015-02-03 04:38:50,f4a4da9aa7eadfd23c7bdb7cf57b3112,other,3,4.0,2238.0,4.0,147.0,1097.0,89.0,87.0,134.0,52.75,3,1,0,0.7071067811865475,0.7071067811865476,950.0,559.5,1.0,0.9666666666666667,2.0,1.488888888888889
2,2015-01-31 01:14:32,2015-01-31 02:06:52,46a558d97954d0692411c861cf78ef79,dessert,5,2.0,930.0,1.0,465.0,465.0,83.0,76.0,94.0,52.333333333333336,1,5,1,0.25881904510252074,0.9659258262890683,0.0,465.0,2.0,0.9047619047619048,7.0,1.119047619047619
4,2015-02-15 01:21:22,2015-02-15 02:17:56,6eb6e75fddec0218351dc5c0c8464104,other,3,5.0,5775.0,5.0,375.0,1800.0,72.0,70.0,108.0,56.56666666666667,1,6,1,0.25881904510252074,0.9659258262890683,1425.0,1155.0,1.0,0.958904109589041,2.0,1.4794520547945205
3,2015-01-24 16:13:35,2015-01-24 17:43:51,b54a39e62236c79ee0536b932f6e76b3,american,1,4.0,2506.0,4.0,229.0,969.0,1.0,1.0,1.0,90.26666666666667,16,5,1,-0.8660254037844384,-0.5000000000000004,740.0,626.5,1.0,0.5,0.0,0.5
4,2015-02-07 00:07:18,2015-02-07 01:06:26,45c48cce2e2d7fbdea1afc51c7c6ad26,salad,5,5.0,4785.0,3.0,825.0,990.0,25.0,26.0,42.0,59.13333333333333,0,5,1,0.0,1.0,165.0,957.0,1.6666666666666667,1.0,0.0,1.6153846153846154
3,2015-01-30 01:39:01,2015-01-30 02:06:45,6e0e24295e8a86282cb559b860416812,other,5,4.0,4396.0,3.0,699.0,1399.0,50.0,26.0,23.0,27.733333333333334,1,4,0,0.25881904510252074,0.9659258262890683,700.0,1099.0,1.3333333333333333,0.5098039215686274,24.0,0.45098039215686275
2,2015-02-02 01:50:14,2015-02-02 02:50:50,85ef8e895264ae2dcab7bcd0f04d9bea,unknown,1,3.0,985.0,3.0,200.0,440.0,4.0,4.0,7.0,60.6,1,0,0,0.25881904510252074,0.9659258262890683,240.0,328.3333333333333,1.0,0.8,0.0,1.4
4,2015-01-29 03:56:37,2015-01-29 04:46:18,a74c3bae3e13616104c1b25f9da1f11f,burger,4,5.0,2535.0,3.0,269.0,729.0,81.0,67.0,91.0,49.68333333333333,3,3,0,0.7071067811865475,0.7071067811865476,460.0,507.0,1.6666666666666667,0.8170731707317073,14.0,1.1097560975609757
5,2015-02-03 02:16:19,2015-02-03 03:03:56,eb352bcf0192b4f307d42f4033208256,indian,3,5.0,2200.0,4.0,250.0,1100.0,47.0,46.0,67.0,47.61666666666667,2,1,0,0.49999999999999994,0.8660254037844387,850.0,440.0,1.25,0.9583333333333334,1.0,1.3958333333333333
2,2015-02-01 00:14:25,2015-02-01 00:40:38,be3e9d3f7d70537357c67bb3f4086846,sandwich,5,1.0,999.0,1.0,999.0,999.0,27.0,16.0,18.0,26.216666666666665,0,6,1,0.0,1.0,0.0,999.0,1.0,0.5714285714285714,11.0,0.6428571428571429
2,2015-02-05 03:08:51,2015-02-05 05:47:19,2418c4e3de622a573d9233ad9ab707a3,sandwich,3,5.0,1519.0,4.0,65.0,535.0,103.0,108.0,178.0,158.46666666666667,3,3,0,0.7071067811865475,0.7071067811865476,470.0,303.8,1.25,1.0384615384615385,0.0,1.7115384615384615
2,2015-02-05 02:36:08,2015-02-05 03:49:45,1c9ac0159c94d8d0cbedc973445af2da,other,5,14.0,10879.344999999885,8.0,395.0,1395.0,113.0,102.0,165.0,73.61666666666666,2,3,0,0.49999999999999994,0.8660254037844387,1000.0,777.0960714285632,1.75,0.8947368421052632,11.0,1.4473684210526316
4,2015-01-28 23:17:32,2015-01-29 00:26:24,4a308d84cdd04aa2015bbe13622d5d7c,fast,4,2.0,758.0,2.0,249.0,329.0,20.0,15.0,18.0,68.86666666666666,23,2,0,-0.25881904510252157,0.9659258262890681,80.0,379.0,1.0,0.7142857142857143,5.0,0.8571428571428571
4,2015-02-10 21:13:12,2015-02-10 21:38:43,dc05a22fa14faf0bd230a08b658b156d,fast,4,2.0,924.0,2.0,445.0,479.0,28.0,29.0,31.0,25.516666666666666,21,1,0,-0.7071067811865477,0.7071067811865474,34.0,462.0,1.0,1.0,0.0,1.0689655172413792
3,2015-02-02 23:33:47,2015-02-03 00:39:08,a0608743660c09feb35a28905143a085,barbecue,3,3.0,6196.0,3.0,1199.0,2499.0,5.0,7.0,15.0,65.35,23,0,0,-0.25881904510252157,0.9659258262890681,1300.0,2065.3333333333335,1.0,1.1666666666666667,0.0,2.5
2,2015-01-29 22:36:44,2015-01-29 23:26:54,379a7ba015d8bf1c70b8add2c287c6fa,american,3,6.0,6490.0,5.0,675.0,1595.0,31.0,30.0,30.0,50.166666666666664,22,3,0,-0.5000000000000004,0.8660254037844384,920.0,1081.6666666666667,1.2,0.9375,1.0,0.9375
5,2015-01-21 19:36:57,2015-01-21 20:26:47,e946209592563be0f01c844ab2170f0c,sandwich,4,6.0,2250.0,5.0,150.0,825.0,23.0,12.0,12.0,49.833333333333336,19,2,0,-0.9659258262890684,0.2588190451025203,675.0,375.0,1.2,0.5,11.0,0.5
2,2015-02-06 02:52:57,2015-02-06 03:29:16,dd363b260a3b26e9ebdc93193730e961,dessert,3,2.0,1038.0,1.0,519.0,519.0,141.0,88.0,133.0,36.31666666666667,2,4,0,0.49999999999999994,0.8660254037844387,0.0,519.0,2.0,0.6197183098591549,53.0,0.9366197183098591
1,2015-01-27 00:42:41,2015-01-27 01:10:37,8722c8f495dcee23f39d5519735e1f71,other,5,2.0,2190.0,1.0,845.0,845.0,12.0,11.0,11.0,27.933333333333334,0,1,0,0.0,1.0,0.0,1095.0,2.0,0.8461538461538461,1.0,0.8461538461538461
2,2015-01-25 21:50:24,2015-01-25 22:27:49,82cec96096d4281b7c95cd7e74623496,other,3,2.0,1798.0,2.0,399.0,1399.0,36.0,59.0,40.0,37.416666666666664,21,6,1,-0.7071067811865477,0.7071067811865474,1000.0,899.0,1.0,1.5945945945945945,0.0,1.0810810810810811
4,2015-01-21 18:56:27,2015-01-21 19:26:50,7eca143caaf49d9e3dc5c04961a314a0,breakfast,5,1.0,475.0,1.0,475.0,475.0,49.0,42.0,64.0,30.383333333333333,18,2,0,-1.0,-1.8369701987210297e-16,0.0,475.0,1.0,0.84,7.0,1.28
4,2015-01-24 20:22:17,2015-01-24 20:53:13,e165421110ba03099a1c0393373c5b43,burger,5,2.0,1788.0,2.0,789.0,999.0,47.0,72.0,65.0,30.933333333333334,20,5,1,-0.8660254037844386,0.5000000000000001,210.0,894.0,1.0,1.5,0.0,1.3541666666666667
2,2015-02-08 02:45:32,2015-02-08 03:45:29,3636638817772e42b59d74cff571fbb3,italian,3,3.0,3640.0,3.0,795.0,1550.0,57.0,55.0,89.0,59.95,2,6,1,0.49999999999999994,0.8660254037844387,755.0,1213.3333333333333,1.0,0.9482758620689655,2.0,1.5344827586206897
1,2015-02-05 20:45:47,2015-02-05 21:26:46,7f53f8c6c730af6aeb52e66eb74d8507,mexican,3,6.0,6124.0,5.0,449.0,1195.0,23.0,15.0,14.0,40.983333333333334,20,3,0,-0.8660254037844386,0.5000000000000001,746.0,1020.6666666666666,1.2,0.625,8.0,0.5833333333333334
1,2015-01-27 03:46:37,2015-01-27 04:48:14,b1f62fa99de9f27a048344d55c5ef7a6,mediterranean,3,1.0,1307.0,1.0,1307.0,1307.0,25.0,25.0,41.0,61.61666666666667,3,1,0,0.7071067811865475,0.7071067811865476,0.0,1307.0,1.0,0.9615384615384616,0.0,1.5769230769230769
3,2015-02-18 01:23:11,2015-02-18 02:19:31,ae9ed3423e5d1c1fe8769d705207f040,burger,1,3.0,987.0,2.0,179.0,389.0,5.0,3.0,2.0,56.333333333333336,1,2,0,0.25881904510252074,0.9659258262890683,210.0,329.0,1.5,0.5,2.0,0.3333333333333333
1,2015-02-14 19:35:22,2015-02-14 20:32:09,4cb2c784110fa31d56c0d67b36d19cab,american,5,2.0,2185.0,2.0,655.0,1530.0,12.0,12.0,17.0,56.78333333333333,19,5,1,-0.9659258262890684,0.2588190451025203,875.0,1092.5,1.0,0.9230769230769231,0.0,1.3076923076923077
4,2015-01-23 01:51:59,2015-01-23 02:40:07,65b9eea6e1cc6bb9f0cd2a47751a186f,indian,3,1.0,1595.0,1.0,1595.0,1595.0,105.0,98.0,133.0,48.13333333333333,1,4,0,0.25881904510252074,0.9659258262890683,0.0,1595.0,1.0,0.9245283018867925,7.0,1.2547169811320755
3,2015-02-13 02:36:44,2015-02-13 03:18:16,5dc8c5a8868c77ddf8a8e1aa840c8884,thai,2,3.0,2375.0,2.0,725.0,825.0,0.0,0.0,0.0,41.53333333333333,2,4,0,0.49999999999999994,0.8660254037844387,100.0,791.6666666666666,1.5,0.0,0.0,0.0
6,2015-02-08 18:33:16,2015-02-08 19:03:04,fd69dbe29f156a7ef876a40a94f65599,dessert,5,1.0,1250.0,1.0,1250.0,1250.0,37.0,34.0,41.0,29.8,18,6,1,-1.0,-1.8369701987210297e-16,0.0,1250.0,1.0,0.8947368421052632,3.0,1.0789473684210527
4,2015-02-17 21:16:28,2015-02-17 21:34:59,d045c59a90d7587d8d671b5f5aec4e7c,sandwich,5,2.0,1648.0,2.0,126.0,1018.0,38.0,32.0,26.0,18.516666666666666,21,1,0,-0.7071067811865477,0.7071067811865474,892.0,824.0,1.0,0.8205128205128205,6.0,0.6666666666666666
1,2015-02-05 01:28:26,2015-02-05 02:31:24,aeb7b30ef1d024a76f21a1d40e30c302,mexican,2,2.0,2240.0,2.0,795.0,1295.0,31.0,28.0,32.0,62.96666666666667,1,3,0,0.25881904510252074,0.9659258262890683,500.0,1120.0,1.0,0.875,3.0,1.0
2,2015-02-02 23:59:15,2015-02-03 00:54:20,6c524f9d5d7027454a783c841250ba71,chinese,3,3.0,3125.0,3.0,975.0,1075.0,34.0,34.0,50.0,55.083333333333336,23,0,0,-0.25881904510252157,0.9659258262890681,100.0,1041.6666666666667,1.0,0.9714285714285714,0.0,1.4285714285714286
6,2015-02-07 06:12:25,2015-02-07 06:37:30,5b5e6cc50cefa5e9f1f5ca272b136475,pizza,3,1.0,2040.0,1.0,810.0,810.0,37.0,34.0,41.0,25.083333333333332,6,5,1,1.0,6.123233995736766e-17,0.0,2040.0,1.0,0.8947368421052632,3.0,1.0789473684210527
3,2015-01-23 06:23:12,2015-01-23 07:28:31,b88e569b3666ccbc8e6dfcb5671c9cca,american,5,1.0,969.0,1.0,869.0,869.0,0.0,0.0,0.0,65.31666666666666,6,4,0,1.0,6.123233995736766e-17,0.0,969.0,1.0,0.0,0.0,0.0
1,2015-02-08 02:20:48,2015-02-08 03:04:56,86e78499eeb33fb9cac16b7555b50767,mexican,1,4.0,3210.0,4.0,225.0,1045.0,59.0,61.0,72.0,44.13333333333333,2,6,1,0.49999999999999994,0.8660254037844387,820.0,802.5,1.0,1.0166666666666666,0.0,1.2
4,2015-01-23 01:27:36,2015-01-23 02:05:37,71f78523376fc3eb23be9316f6f6126e,unknown,1,2.0,1998.0,1.0,999.0,999.0,98.0,61.0,88.0,38.016666666666666,1,4,0,0.25881904510252074,0.9659258262890683,0.0,999.0,2.0,0.6161616161616161,37.0,0.8888888888888888
4,2015-01-22 20:04:36,2015-01-22 20:50:05,b7892fb3c2f009c65f686f6355c895b5,thai,3,3.0,1670.0,3.0,275.0,1095.0,40.0,38.0,53.0,45.483333333333334,20,3,0,-0.8660254037844386,0.5000000000000001,820.0,556.6666666666666,1.0,0.926829268292683,2.0,1.2926829268292683
4,2015-02-07 01:18:56,2015-02-07 02:21:36,6c8349cc7260ae62e3b1396831a8398f,pizza,1,2.0,3170.0,2.0,695.0,2475.0,95.0,55.0,71.0,62.666666666666664,1,5,1,0.25881904510252074,0.9659258262890683,1780.0,1585.0,1.0,0.5729166666666666,40.0,0.7395833333333334
5,2015-02-03 00:36:07,2015-02-03 01:14:36,4b5b81483048c8942ed00caaa17b9535,mediterranean,2,3.0,2245.0,3.0,350.0,1195.0,11.0,9.0,8.0,38.483333333333334,0,1,0,0.0,1.0,845.0,748.3333333333334,1.0,0.75,2.0,0.6666666666666666
6,2015-02-07 03:06:38,2015-02-07 03:51:16,252a3dbaeb32e7690242ad3b556e626b,american,5,2.0,4020.0,1.0,1890.0,1890.0,37.0,34.0,41.0,44.63333333333333,3,5,1,0.7071067811865475,0.7071067811865476,0.0,2010.0,2.0,0.8947368421052632,3.0,1.0789473684210527
3,2015-01-22 22:36:19,2015-01-22 23:11:17,fef6f971605336724b5e6c0c12dc2534,american,1,2.0,1318.0,2.0,469.0,849.0,23.0,6.0,6.0,34.96666666666667,22,3,0,-0.5000000000000004,0.8660254037844384,380.0,659.0,1.0,0.25,17.0,0.25
3,2015-01-21 20:55:42,2015-01-21 21:40:05,19d19f93a4200dca6148155b8ccc0afd,pizza,5,2.0,2090.0,2.0,995.0,1095.0,5.0,0.0,0.0,44.38333333333333,20,2,0,-0.8660254037844386,0.5000000000000001,100.0,1045.0,1.0,0.0,5.0,0.0
3,2015-02-02 01:53:13,2015-02-02 03:25:29,42a6845a557bef704ad8ac9cb4461d43,unknown,1,3.0,2665.0,3.0,575.0,1095.0,33.0,34.0,64.0,92.26666666666667,1,0,0,0.25881904510252074,0.9659258262890683,520.0,888.3333333333334,1.0,1.0,0.0,1.8823529411764706
6,2015-01-31 02:58:25,2015-01-31 03:45:20,d80b7040b773199015de6d3b4293c8ff,chinese,3,4.0,3192.0,4.0,198.0,1398.0,37.0,34.0,41.0,46.916666666666664,2,5,1,0.49999999999999994,0.8660254037844387,1200.0,798.0,1.0,0.8947368421052632,3.0,1.0789473684210527
2,2015-02-06 04:21:53,2015-02-06 04:44:14,e5522f7ac7cd76f19b396595c9c25b40,unknown,1,2.0,2075.0,2.0,875.0,1200.0,43.0,46.0,56.0,22.35,4,4,0,0.8660254037844386,0.5000000000000001,325.0,1037.5,1.0,1.0454545454545454,0.0,1.2727272727272727
1,2015-02-15 23:38:25,2015-02-16 00:41:04,f3e52c300b822a8123e7ace55fe15c08,japanese,4,9.0,7046.0,7.0,200.0,1299.0,25.0,23.0,23.0,62.65,23,6,1,-0.25881904510252157,0.9659258262890681,1099.0,782.8888888888889,1.2857142857142858,0.8846153846153846,2.0,0.8846153846153846
3,2015-02-16 00:28:04,2015-02-16 01:25:32,5a29503a4909fcade36b1823e7cebcf5,other,4,2.0,5900.0,2.0,2900.0,3000.0,34.0,23.0,22.0,57.46666666666667,0,0,0,0.0,1.0,100.0,2950.0,1.0,0.6571428571428571,11.0,0.6285714285714286
2,2015-02-16 19:35:18,2015-02-16 20:22:16,8d9fd5db21fef20298b0a1b76ca29334,mediterranean,2,3.0,1461.0,3.0,428.0,648.0,40.0,31.0,68.0,46.96666666666667,19,0,0,-0.9659258262890684,0.2588190451025203,220.0,487.0,1.0,0.7560975609756098,9.0,1.6585365853658536
1,2015-02-04 19:47:28,2015-02-04 20:51:20,6e2c22ab08479b1da4206a0c5d7da31e,other,5,14.0,4130.0,6.0,295.0,295.0,0.0,0.0,0.0,63.86666666666667,19,2,0,-0.9659258262890684,0.2588190451025203,0.0,295.0,2.3333333333333335,0.0,0.0,0.0
1,2015-02-01 00:03:52,2015-02-01 00:46:51,0ebf197205c00fc6e0aac7261a8c1bdc,other,2,2.0,1225.0,2.0,300.0,925.0,19.0,18.0,22.0,42.983333333333334,0,6,1,0.0,1.0,625.0,612.5,1.0,0.9,1.0,1.1
4,2015-01-25 21:25:46,2015-01-25 21:55:22,b2eb7349035754953b57a32e2841bda5,chinese,3,5.0,5335.0,5.0,895.0,1295.0,51.0,92.0,42.0,29.6,21,6,1,-0.7071067811865477,0.7071067811865474,400.0,1067.0,1.0,1.7692307692307692,0.0,0.8076923076923077
4,2015-02-15 02:03:25,2015-02-15 03:14:46,7d2b92b6726c241134dae6cd3fb8c182,other,5,2.0,995.0,2.0,375.0,420.0,88.0,87.0,159.0,71.35,2,6,1,0.49999999999999994,0.8660254037844387,45.0,497.5,1.0,0.9775280898876404,1.0,1.7865168539325842
3,2015-02-11 19:09:35,2015-02-11 19:58:18,f9fd5ec4c141a95257aa99ef1b590672,sandwich,3,4.0,1810.0,4.0,240.0,790.0,14.0,13.0,14.0,48.71666666666667,19,2,0,-0.9659258262890684,0.2588190451025203,550.0,452.5,1.0,0.8666666666666667,1.0,0.9333333333333333
1,2015-01-31 02:58:52,2015-01-31 04:04:48,184260348236f9554fe9375772ff966e,pizza,5,3.0,3050.0,3.0,550.0,1150.0,50.0,52.0,83.0,65.93333333333334,2,5,1,0.49999999999999994,0.8660254037844387,600.0,1016.6666666666666,1.0,1.0196078431372548,0.0,1.6274509803921569
3,2015-02-07 02:12:07,2015-02-07 02:59:31,4e62ef3e34c3922e68f90b9358f8be0b,other,5,1.0,1850.0,1.0,1850.0,1850.0,0.0,0.0,0.0,47.4,2,5,1,0.49999999999999994,0.8660254037844387,0.0,1850.0,1.0,0.0,0.0,0.0
1,2015-02-06 00:30:49,2015-02-06 01:08:09,eddb904a6db773755d2857aacadb1cb0,mexican,3,2.0,2200.0,1.0,1000.0,1000.0,18.0,16.0,19.0,37.333333333333336,0,4,0,0.0,1.0,0.0,1100.0,2.0,0.8421052631578947,2.0,1.0
2,2015-02-04 19:11:51,2015-02-04 19:45:41,66368270ffd51418ec58bd793f2d9b1b,breakfast,5,1.0,1425.0,1.0,1425.0,1425.0,28.0,27.0,36.0,33.833333333333336,19,2,0,-0.9659258262890684,0.2588190451025203,0.0,1425.0,1.0,0.9310344827586207,1.0,1.2413793103448276
4,2015-01-25 02:45:49,2015-01-25 03:45:03,07e1cd7dca89a1678042477183b7ac3f,burger,5,1.0,1500.0,1.0,1300.0,1300.0,100.0,124.0,156.0,59.233333333333334,2,6,1,0.49999999999999994,0.8660254037844387,0.0,1500.0,1.0,1.2277227722772277,0.0,1.5445544554455446
3,2015-02-05 01:44:07,2015-02-05 02:44:53,10976997a55826d2efd10358e23511de,pizza,3,5.0,3632.0,5.0,431.0,1522.0,37.0,34.0,41.0,60.766666666666666,1,3,0,0.25881904510252074,0.9659258262890683,1091.0,726.4,1.0,0.8947368421052632,3.0,1.0789473684210527
2,2015-01-31 02:37:40,2015-01-31 03:28:32,edc27f139c3b4e4bb29d1cdbc45663f9,salad,3,2.0,1698.0,1.0,549.0,549.0,123.0,113.0,226.0,50.86666666666667,2,5,1,0.49999999999999994,0.8660254037844387,0.0,849.0,2.0,0.9112903225806451,10.0,1.8225806451612903
2,2015-01-24 01:51:50,2015-01-24 02:49:35,b9cfe8b6042cf759dc4c0cccb27a6737,indian,1,3.0,2400.0,3.0,400.0,1050.0,107.0,101.0,136.0,57.75,1,5,1,0.25881904510252074,0.9659258262890683,650.0,800.0,1.0,0.9351851851851852,6.0,1.2592592592592593
5,2015-01-29 20:16:06,2015-01-29 21:14:12,0d22da4bd124d386f5546323c45bc924,thai,5,5.0,5510.0,4.0,1030.0,1145.0,14.0,15.0,23.0,58.1,20,3,0,-0.8660254037844386,0.5000000000000001,115.0,1102.0,1.25,1.0,0.0,1.5333333333333334
1,2015-01-30 02:36:26,2015-01-30 03:23:41,471c75ee6643a10934502bdafee198fb,burger,5,3.0,3700.0,3.0,1050.0,1250.0,51.0,52.0,75.0,47.25,2,4,0,0.49999999999999994,0.8660254037844387,200.0,1233.3333333333333,1.0,1.0,0.0,1.4423076923076923
2,2015-01-29 20:16:54,2015-01-29 20:50:26,991de292e76f74f3c285b3f6d57958d5,breakfast,2,1.0,1300.0,1.0,1300.0,1300.0,75.0,63.0,79.0,33.53333333333333,20,3,0,-0.8660254037844386,0.5000000000000001,0.0,1300.0,1.0,0.8289473684210527,12.0,1.0394736842105263
3,2015-02-17 20:23:57,2015-02-17 20:46:02,8501739eacf3793e668d4b34bb8cffbe,fast,4,1.0,599.0,1.0,599.0,599.0,6.0,2.0,2.0,22.083333333333332,20,1,0,-0.8660254037844386,0.5000000000000001,0.0,599.0,1.0,0.2857142857142857,4.0,0.2857142857142857
6,2015-02-15 01:41:36,2015-02-15 02:42:26,1c596d6658b237e7a2aec3b1ed11dab3,vietnamese,1,4.0,3550.0,4.0,350.0,1400.0,37.0,34.0,41.0,60.833333333333336,1,6,1,0.25881904510252074,0.9659258262890683,1050.0,887.5,1.0,0.8947368421052632,3.0,1.0789473684210527
6,2015-02-06 22:45:28,2015-02-06 23:31:34,f3b7e5d3eb074cde5b76e26bc0fb5776,burger,2,2.0,1195.0,2.0,300.0,895.0,37.0,34.0,41.0,46.1,22,4,0,-0.5000000000000004,0.8660254037844384,595.0,597.5,1.0,0.8947368421052632,3.0,1.0789473684210527
2,2015-01-25 02:25:16,2015-01-25 03:12:46,df0b8fb21c53254b7afa62e020447c81,pizza,2,1.0,775.0,1.0,775.0,775.0,109.0,115.0,169.0,47.5,2,6,1,0.49999999999999994,0.8660254037844387,0.0,775.0,1.0,1.0454545454545454,0.0,1.5363636363636364
4,2015-02-16 02:13:11,2015-02-16 03:06:50,43ec517d68b6edd3015b3edc9a11367b,japanese,5,2.0,2400.0,2.0,1100.0,1300.0,110.0,107.0,197.0,53.65,2,0,0,0.49999999999999994,0.8660254037844387,200.0,1200.0,1.0,0.963963963963964,3.0,1.7747747747747749
1,2015-01-23 02:30:53,2015-01-23 03:19:49,e0ec453e28e061cc58ac43f91dc2f3f0,japanese,3,9.0,6650.0,7.0,525.0,1200.0,0.0,0.0,0.0,48.93333333333333,2,4,0,0.49999999999999994,0.8660254037844387,675.0,738.8888888888889,1.2857142857142858,0.0,0.0,0.0
3,2015-02-09 01:01:52,2015-02-09 01:43:22,353de26971b93af88da102641069b440,other,1,3.0,1750.0,3.0,400.0,600.0,39.0,23.0,21.0,41.5,1,0,0,0.25881904510252074,0.9659258262890683,200.0,583.3333333333334,1.0,0.575,16.0,0.525
3,2015-02-09 21:29:19,2015-02-09 22:05:22,d0bb8259d8fe3c7df4554dab9d7da3c9,salad,5,2.0,800.0,2.0,400.0,400.0,22.0,14.0,16.0,36.05,21,0,0,-0.7071067811865477,0.7071067811865474,0.0,400.0,1.0,0.6086956521739131,8.0,0.6956521739130435
5,2015-02-08 03:01:21,2015-02-08 03:58:34,29cb2d8a436d82bf5dbcca7ea09edc5c,chinese,2,4.0,3160.0,4.0,731.0,1325.0,47.0,53.0,74.0,57.21666666666667,3,6,1,0.7071067811865475,0.7071067811865476,594.0,790.0,1.0,1.1041666666666667,0.0,1.5416666666666667
1,2015-01-28 04:12:25,2015-01-28 05:04:52,e60e81c4cbe5171cd654662d9887aec2,mediterranean,1,2.0,3248.0,2.0,1449.0,1799.0,27.0,24.0,24.0,52.45,4,2,0,0.8660254037844386,0.5000000000000001,350.0,1624.0,1.0,0.8571428571428571,3.0,0.8571428571428571
2,2015-01-29 19:55:57,2015-01-29 20:40:41,da56910e9cfdd3202aca15bcd589f301,fast,4,10.0,589.0,5.0,0.0,189.0,66.0,62.0,87.0,44.733333333333334,19,3,0,-0.9659258262890684,0.2588190451025203,189.0,58.9,2.0,0.9253731343283582,4.0,1.2985074626865671
1,2015-02-12 01:56:02,2015-02-12 02:41:21,995e1fda4a2b5f55ef0df50868bf2a8f,sandwich,5,8.0,4051.0,5.0,165.0,1260.0,44.0,43.0,43.0,45.31666666666667,1,3,0,0.25881904510252074,0.9659258262890683,1095.0,506.375,1.6,0.9555555555555556,1.0,0.9555555555555556
4,2015-02-17 19:29:48,2015-02-17 20:30:54,8fb5f8be2aa9d6c64a04e3ab9f63feee,other,2,15.0,10879.344999999885,9.0,350.0,1295.0,48.0,46.0,73.0,61.1,19,1,0,-0.9659258262890684,0.2588190451025203,945.0,725.289666666659,1.6666666666666667,0.9387755102040817,2.0,1.489795918367347
6,2015-02-15 02:47:12,2015-02-15 04:07:03,275d7fb2fd45098ad5c3ece2ed4a2824,thai,3,6.0,7200.0,4.0,1200.0,1200.0,37.0,34.0,41.0,79.85,2,6,1,0.49999999999999994,0.8660254037844387,0.0,1200.0,1.5,0.8947368421052632,3.0,1.0789473684210527
2,2015-02-12 05:19:49,2015-02-12 05:39:23,faacbcd5bf1d018912c116bf2783e9a1,mexican,5,2.0,1798.0,2.0,799.0,999.0,36.0,40.0,43.0,19.566666666666666,5,3,0,0.9659258262890683,0.25881904510252074,200.0,899.0,1.0,1.0810810810810811,0.0,1.162162162162162
2,2015-01-21 16:34:06,2015-01-21 17:23:12,6b8e5c40385d83fc12c2c1aca1a697b8,american,5,3.0,2000.0,3.0,350.0,1150.0,4.0,4.0,4.0,49.1,16,2,0,-0.8660254037844384,-0.5000000000000004,800.0,666.6666666666666,1.0,0.8,0.0,0.8
3,2015-01-31 02:31:37,2015-01-31 03:16:05,ab22e28b58c1e3de6bcef48d3f5d8b4a,other,5,1.0,1695.0,1.0,1695.0,1695.0,27.0,27.0,28.0,44.46666666666667,2,5,1,0.49999999999999994,0.8660254037844387,0.0,1695.0,1.0,0.9642857142857143,0.0,1.0
2,2015-02-02 21:55:49,2015-02-02 22:38:28,882132e4d6bca5186438b69d496890d3,american,5,1.0,975.0,1.0,975.0,975.0,31.0,29.0,31.0,42.65,21,0,0,-0.7071067811865477,0.7071067811865474,0.0,975.0,1.0,0.90625,2.0,0.96875
2,2015-02-03 02:08:21,2015-02-03 02:44:55,25b2822c2f5a3230abfadd476e8b04c9,italian,5,3.0,4900.0,3.0,1400.0,1900.0,68.0,63.0,103.0,36.56666666666667,2,1,0,0.49999999999999994,0.8660254037844387,500.0,1633.3333333333333,1.0,0.9130434782608695,5.0,1.4927536231884058
4,2015-01-30 22:03:07,2015-01-30 22:48:50,ad4cc1fb9b068faecfb70914acc63395,sandwich,2,1.0,799.0,1.0,799.0,799.0,18.0,18.0,19.0,45.71666666666667,22,4,0,-0.5000000000000004,0.8660254037844384,0.0,799.0,1.0,0.9473684210526315,0.0,1.0
1,2015-01-25 14:57:47,2015-01-25 15:20:26,82f2b308c3b01637c607ce05f52a2fed,breakfast,1,1.0,1125.0,1.0,1125.0,1125.0,2.0,0.0,0.0,22.65,14,6,1,-0.4999999999999997,-0.8660254037844388,0.0,1125.0,1.0,0.0,2.0,0.0
5,2015-02-06 21:45:13,2015-02-06 22:25:34,b7ee0d0d4d5ef995aae0fc691e6d840d,other,1,1.0,875.0,1.0,875.0,875.0,25.0,20.0,19.0,40.35,21,4,0,-0.7071067811865477,0.7071067811865474,0.0,875.0,1.0,0.7692307692307693,5.0,0.7307692307692307
2,2015-02-10 20:16:02,2015-02-10 20:44:35,df1f1d20ee86704251795841e6a9405a,other,2,1.0,1299.0,1.0,1299.0,1299.0,41.0,34.0,45.0,28.55,20,1,0,-0.8660254037844386,0.5000000000000001,0.0,1299.0,1.0,0.8095238095238095,7.0,1.0714285714285714
3,2015-02-14 15:24:02,2015-02-14 15:49:45,b742027da6f65c2b92a85d76e41464e4,sandwich,1,1.0,788.0,1.0,729.0,729.0,1.0,0.0,0.0,25.716666666666665,15,5,1,-0.7071067811865471,-0.7071067811865479,0.0,788.0,1.0,0.0,1.0,0.0
5,2015-02-09 04:02:49,2015-02-09 04:42:11,5faf461eff3099671ad63c6f3f094f7f,other,1,1.0,975.0,1.0,975.0,975.0,17.0,18.0,32.0,39.36666666666667,4,0,0,0.8660254037844386,0.5000000000000001,0.0,975.0,1.0,1.0,0.0,1.7777777777777777
4,2015-01-27 21:57:01,2015-01-27 22:35:20,aab3238922bcc25a6f606eb525ffdc56,greek,3,1.0,1995.0,1.0,1995.0,1995.0,37.0,32.0,33.0,38.31666666666667,21,1,0,-0.7071067811865477,0.7071067811865474,0.0,1995.0,1.0,0.8421052631578947,5.0,0.868421052631579
3,2015-02-06 15:03:38,2015-02-06 15:55:41,5afd3bb639c0920782586a9843ee0785,breakfast,2,2.0,1520.0,2.0,225.0,1295.0,1.0,1.0,0.0,52.05,15,4,0,-0.7071067811865471,-0.7071067811865479,1070.0,760.0,1.0,0.5,0.0,0.0
2,2015-01-24 19:21:57,2015-01-24 19:55:25,b3e3e393c77e35a4a3f3cbd1e429b5dc,barbecue,5,7.0,4740.0,6.0,100.0,2295.0,38.0,46.0,51.0,33.46666666666667,19,5,1,-0.9659258262890684,0.2588190451025203,2195.0,677.1428571428571,1.1666666666666667,1.1794871794871795,0.0,1.3076923076923077
5,2015-02-15 03:31:14,2015-02-15 04:49:10,f81398ac7249eab440df0219892f3dd5,other,1,2.0,2190.0,2.0,690.0,1500.0,52.0,50.0,98.0,77.93333333333334,3,6,1,0.7071067811865475,0.7071067811865476,810.0,1095.0,1.0,0.9433962264150944,2.0,1.849056603773585
3,2015-01-31 02:48:07,2015-01-31 03:21:52,f8417d04a0a2d5e1fb5c5253a365643c,other,3,5.0,3775.0,5.0,595.0,795.0,26.0,26.0,36.0,33.75,2,5,1,0.49999999999999994,0.8660254037844387,200.0,755.0,1.0,0.9629629629629629,0.0,1.3333333333333333
4,2015-02-07 03:13:22,2015-02-07 04:18:51,2ac2406e835bd49c70469acae337d292,indian,3,5.0,0.0,4.0,1195.0,1295.0,80.0,82.0,143.0,65.48333333333333,3,5,1,0.7071067811865475,0.7071067811865476,100.0,0.0,1.25,1.0123456790123457,0.0,1.7654320987654322
1,2015-01-30 22:53:19,2015-01-30 23:16:27,5726daf2c9ee0f955eca58291c26d2f3,american,1,1.0,1100.0,1.0,1100.0,1100.0,5.0,5.0,8.0,23.133333333333333,22,4,0,-0.5000000000000004,0.8660254037844384,0.0,1100.0,1.0,0.8333333333333334,0.0,1.3333333333333333
1,2015-02-03 20:34:38,2015-02-03 21:12:00,db2b4182156b2f1f817860ac9f409ad7,chinese,5,2.0,1225.0,2.0,250.0,975.0,0.0,0.0,0.0,37.36666666666667,20,1,0,-0.8660254037844386,0.5000000000000001,725.0,612.5,1.0,0.0,0.0,0.0
3,2015-01-26 23:10:40,2015-01-27 00:06:31,41f6e8b589d6d47cc56937ff17c493f5,burger,1,4.0,2186.0,4.0,239.0,879.0,5.0,5.0,6.0,55.85,23,0,0,-0.25881904510252157,0.9659258262890681,640.0,546.5,1.0,0.8333333333333334,0.0,1.0
2,2015-02-16 01:09:53,2015-02-16 02:01:50,175e9308ea835facdc5c74c75acc450f,mexican,1,1.0,2000.0,1.0,2000.0,2000.0,40.0,27.0,39.0,51.95,1,0,0,0.25881904510252074,0.9659258262890683,0.0,2000.0,1.0,0.6585365853658537,13.0,0.9512195121951219
1,2015-02-08 20:25:03,2015-02-08 21:05:57,a8e864d04c95572d1aece099af852d0a,mediterranean,5,2.0,2745.0,2.0,1195.0,1250.0,18.0,18.0,30.0,40.9,20,6,1,-0.8660254037844386,0.5000000000000001,55.0,1372.5,1.0,0.9473684210526315,0.0,1.5789473684210527
2,2015-02-15 00:58:31,2015-02-15 01:27:23,d9fc5b73a8d78fad3d6dffe419384e70,american,4,3.0,1444.0,3.0,174.0,570.0,41.0,37.0,50.0,28.866666666666667,0,6,1,0.0,1.0,396.0,481.3333333333333,1.0,0.8809523809523809,4.0,1.1904761904761905
5,2015-02-11 03:17:00,2015-02-11 04:00:58,17827012d084a8cfe269cb35c89e8242,burger,4,1.0,790.0,1.0,740.0,740.0,21.0,19.0,24.0,43.96666666666667,3,2,0,0.7071067811865475,0.7071067811865476,0.0,790.0,1.0,0.8636363636363636,2.0,1.0909090909090908
5,2015-02-05 22:03:15,2015-02-05 22:51:22,8e200fc779d0a8e7eaba42e877f0a5c0,sandwich,3,1.0,1399.0,1.0,1399.0,1399.0,26.0,19.0,18.0,48.11666666666667,22,3,0,-0.5000000000000004,0.8660254037844384,0.0,1399.0,1.0,0.7037037037037037,7.0,0.6666666666666666
4,2015-01-28 04:01:02,2015-01-28 04:30:44,a5bfc9e07964f8dddeb95fc584cd965d,mexican,2,1.0,1095.0,1.0,1095.0,1095.0,76.0,64.0,72.0,29.7,4,2,0,0.8660254037844386,0.5000000000000001,0.0,1095.0,1.0,0.8311688311688312,12.0,0.935064935064935
2,2015-02-05 02:34:53,2015-02-05 03:26:37,cc58f7abf0b0cf2d5ac95ab60e4f14e9,american,4,1.0,1209.0,1.0,1209.0,1209.0,114.0,93.0,157.0,51.733333333333334,2,3,0,0.49999999999999994,0.8660254037844387,0.0,1209.0,1.0,0.808695652173913,21.0,1.3652173913043477
1,2015-01-28 22:26:01,2015-01-28 23:01:50,bdb3c278f45e6734c35733d24299d3f4,japanese,1,5.0,2025.0,5.0,350.0,495.0,11.0,10.0,6.0,35.81666666666667,22,2,0,-0.5000000000000004,0.8660254037844384,145.0,405.0,1.0,0.8333333333333334,1.0,0.5
5,2015-01-29 02:04:42,2015-01-29 03:04:25,3d7a8f67f51564c349478f7d52abee3b,vietnamese,1,7.0,5750.0,6.0,625.0,950.0,35.0,21.0,29.0,59.71666666666667,2,3,0,0.49999999999999994,0.8660254037844387,325.0,821.4285714285714,1.1666666666666667,0.5833333333333334,14.0,0.8055555555555556
5,2015-02-14 03:31:54,2015-02-14 04:19:13,01b7575c38dac42f3cfb7d500438b875,indian,1,4.0,2696.0,4.0,199.0,999.0,64.0,62.0,112.0,47.31666666666667,3,5,1,0.7071067811865475,0.7071067811865476,800.0,674.0,1.0,0.9538461538461539,2.0,1.7230769230769232
2,2015-01-25 01:09:04,2015-01-25 01:53:21,1385974ed5904a438616ff7bdb3f7439,mexican,5,1.0,2550.0,1.0,2200.0,2200.0,61.0,73.0,92.0,44.28333333333333,1,6,1,0.25881904510252074,0.9659258262890683,0.0,2550.0,1.0,1.1774193548387097,0.0,1.4838709677419355
3,2015-01-23 02:30:11,2015-01-23 03:16:29,898aef0932f6aaecda27aba8e9903991,japanese,3,1.0,895.0,1.0,895.0,895.0,27.0,28.0,37.0,46.3,2,4,0,0.49999999999999994,0.8660254037844387,0.0,895.0,1.0,1.0,0.0,1.3214285714285714
3,2015-01-29 19:23:54,2015-01-29 20:11:27,c6d6445d97e06d08b60853156601cf58,mexican,1,3.0,1727.0,3.0,529.0,599.0,20.0,20.0,23.0,47.55,19,3,0,-0.9659258262890684,0.2588190451025203,70.0,575.6666666666666,1.0,0.9523809523809523,0.0,1.0952380952380953
4,2015-02-07 04:03:26,2015-02-07 04:55:49,71f78523376fc3eb23be9316f6f6126e,unknown,1,4.0,3096.0,4.0,299.0,1199.0,123.0,118.0,178.0,52.38333333333333,4,5,1,0.8660254037844386,0.5000000000000001,900.0,774.0,1.0,0.9516129032258065,5.0,1.435483870967742
4,2015-01-30 02:09:19,2015-01-30 03:10:32,9cea10c7ff109c6e61727a0d45492ead,vietnamese,5,2.0,1450.0,2.0,265.0,880.0,98.0,82.0,130.0,61.21666666666667,2,4,0,0.49999999999999994,0.8660254037844387,615.0,725.0,1.0,0.8282828282828283,16.0,1.3131313131313131
2,2015-02-06 19:09:31,2015-02-06 19:28:45,faacbcd5bf1d018912c116bf2783e9a1,mexican,5,1.0,549.0,1.0,549.0,549.0,43.0,43.0,57.0,19.233333333333334,19,4,0,-0.9659258262890684,0.2588190451025203,0.0,549.0,1.0,0.9772727272727273,0.0,1.2954545454545454
2,2015-02-01 18:36:51,2015-02-01 19:20:56,f15d337c70078947cfe1b5d6f0ed3f13,dessert,5,4.0,4480.0,4.0,795.0,1195.0,39.0,40.0,53.0,44.083333333333336,18,6,1,-1.0,-1.8369701987210297e-16,400.0,1120.0,1.0,1.0,0.0,1.325
2,2015-01-22 21:09:02,2015-01-22 21:35:56,c51a02c186f00636e81c8af4845b8b64,mediterranean,2,2.0,845.0,2.0,195.0,650.0,25.0,34.0,37.0,26.9,21,3,0,-0.7071067811865477,0.7071067811865474,455.0,422.5,1.0,1.3076923076923077,0.0,1.4230769230769231
4,2015-02-16 01:07:27,2015-02-16 01:33:41,913eb3f7a1d5e28b3f30b2dda4f5569e,american,5,3.0,2275.0,2.0,650.0,975.0,45.0,43.0,66.0,26.233333333333334,1,0,0,0.25881904510252074,0.9659258262890683,325.0,758.3333333333334,1.5,0.9347826086956522,2.0,1.434782608695652
1,2015-01-22 03:45:19,2015-01-22 04:12:21,6e2713a6efee97bacb63e52c54f0ada0,other,3,3.0,3115.0,3.0,275.0,1195.0,58.0,58.0,61.0,27.033333333333335,3,3,0,0.7071067811865475,0.7071067811865476,920.0,1038.3333333333333,1.0,0.9830508474576272,0.0,1.0338983050847457
3,2015-01-28 21:53:04,2015-01-28 22:20:08,073f5b456a1406f710aaf3cbcb0016b6,fast,3,2.0,910.0,2.0,315.0,595.0,8.0,6.0,6.0,27.066666666666666,21,2,0,-0.7071067811865477,0.7071067811865474,280.0,455.0,1.0,0.6666666666666666,2.0,0.6666666666666666
3,2015-01-31 01:36:52,2015-01-31 02:27:38,96f2b50b5d3613adf9c27049b2a888c7,mexican,3,3.0,2585.0,3.0,695.0,995.0,42.0,41.0,41.0,50.766666666666666,1,5,1,0.25881904510252074,0.9659258262890683,300.0,861.6666666666666,1.0,0.9534883720930233,1.0,0.9534883720930233
2,2015-02-07 01:28:50,2015-02-07 01:57:32,882132e4d6bca5186438b69d496890d3,american,5,3.0,2980.0,3.0,595.0,995.0,113.0,67.0,85.0,28.7,1,5,1,0.25881904510252074,0.9659258262890683,400.0,993.3333333333334,1.0,0.5877192982456141,46.0,0.7456140350877193
2,2015-01-22 02:21:15,2015-01-22 03:27:12,9872ed9fc22fc182d371c3e9ed316094,other,3,3.0,2375.0,3.0,600.0,1000.0,52.0,46.0,65.0,65.95,2,3,0,0.49999999999999994,0.8660254037844387,400.0,791.6666666666666,1.0,0.8679245283018868,6.0,1.2264150943396226
2,2015-01-29 02:10:03,2015-01-29 02:55:06,94f6d7e04a4d452035300f18b984988c,mediterranean,5,3.0,3585.0,2.0,595.0,1495.0,92.0,67.0,109.0,45.05,2,3,0,0.49999999999999994,0.8660254037844387,900.0,1195.0,1.5,0.7204301075268817,25.0,1.1720430107526882
5,2015-01-25 18:45:02,2015-01-25 19:19:36,b02c1aa1ed3db1bf3ff447e6292aaa3a,dessert,1,3.0,895.0,3.0,130.0,570.0,10.0,21.0,6.0,34.56666666666667,18,6,1,-1.0,-1.8369701987210297e-16,440.0,298.3333333333333,1.0,1.9090909090909092,0.0,0.5454545454545454
4,2015-02-10 20:47:04,2015-02-10 21:17:15,c9f0f895fb98ab9159f51fd0297e236d,salad,2,3.0,1745.0,3.0,225.0,1025.0,66.0,67.0,98.0,30.183333333333334,20,1,0,-0.8660254037844386,0.5000000000000001,800.0,581.6666666666666,1.0,1.0,0.0,1.462686567164179
4,2015-02-14 01:57:41,2015-02-14 02:43:19,6e2eec9ca19c076736d19ac5426473af,pizza,3,2.0,1248.0,2.0,499.0,549.0,113.0,107.0,190.0,45.63333333333333,1,5,1,0.25881904510252074,0.9659258262890683,50.0,624.0,1.0,0.9385964912280702,6.0,1.6666666666666667
6,2015-02-03 02:14:49,2015-02-03 03:21:47,3349958a3e56580d4e415da345703886,sandwich,3,3.0,2547.0,3.0,349.0,1799.0,37.0,34.0,41.0,66.96666666666667,2,1,0,0.49999999999999994,0.8660254037844387,1450.0,849.0,1.0,0.8947368421052632,3.0,1.0789473684210527
1,2015-02-01 01:49:22,2015-02-01 03:04:58,b1301141feffabac455e1f90a7de2054,chinese,1,7.0,4600.0,6.0,100.0,1100.0,35.0,35.0,31.0,75.6,1,6,1,0.25881904510252074,0.9659258262890683,1000.0,657.1428571428571,1.1666666666666667,0.9722222222222222,0.0,0.8611111111111112
6,2015-02-16 18:32:54,2015-02-16 19:00:12,14553eed6ae802daf3f8e8c10b1961f0,other,2,8.0,5500.0,3.0,650.0,800.0,37.0,34.0,41.0,27.3,18,0,0,-1.0,-1.8369701987210297e-16,150.0,687.5,2.6666666666666665,0.8947368421052632,3.0,1.0789473684210527
2,2015-02-06 20:50:06,2015-02-06 21:14:09,7d12b66d3df6af8d429c1a357d8b9e1a,mexican,5,1.0,859.0,1.0,799.0,799.0,47.0,51.0,57.0,24.05,20,4,0,-0.8660254037844386,0.5000000000000001,0.0,859.0,1.0,1.0625,0.0,1.1875
3,2015-02-14 02:32:30,2015-02-14 03:32:24,cc6e5bde3f689df1473a02c463ebb11e,pizza,2,3.0,4097.0,3.0,1299.0,1499.0,0.0,0.0,0.0,59.9,2,5,1,0.49999999999999994,0.8660254037844387,200.0,1365.6666666666667,1.0,0.0,0.0,0.0
1,2015-02-18 03:20:42,2015-02-18 04:55:39,6abcc8f24321d1eb8c95855eab78ee95,vietnamese,3,3.0,3135.0,3.0,995.0,1095.0,22.0,22.0,33.0,94.95,3,2,0,0.7071067811865475,0.7071067811865476,100.0,1045.0,1.0,0.9565217391304348,0.0,1.434782608695652
5,2015-02-04 02:18:11,2015-02-04 02:49:39,612b7f0d62f21fab8f0cbff2986fa81f,other,5,1.0,1300.0,1.0,1300.0,1300.0,24.0,18.0,20.0,31.466666666666665,2,2,0,0.49999999999999994,0.8660254037844387,0.0,1300.0,1.0,0.72,6.0,0.8
1,2015-02-02 02:04:47,2015-02-02 03:08:21,ae5e3ce40e0404a45ecacaaf05e5f735,breakfast,5,3.0,3445.0,3.0,600.0,1450.0,15.0,16.0,29.0,63.56666666666667,2,0,0,0.49999999999999994,0.8660254037844387,850.0,1148.3333333333333,1.0,1.0,0.0,1.8125
1,2015-02-02 04:50:50,2015-02-02 06:46:49,9ec51f6eb240fb631a35864e13737bca,american,1,4.0,2796.0,4.0,225.0,999.0,4.0,6.0,8.0,115.98333333333333,4,0,0,0.8660254037844386,0.5000000000000001,774.0,699.0,1.0,1.2,0.0,1.6
1,2015-01-24 00:42:27,2015-01-24 02:06:43,f8a4c7893a5002d471308c5598d036f0,pizza,3,1.0,1459.0,1.0,1159.0,1159.0,24.0,18.0,18.0,84.26666666666667,0,5,1,0.0,1.0,0.0,1459.0,1.0,0.72,6.0,0.72
2,2015-02-01 19:11:53,2015-02-01 19:55:50,de73998802680548b916f1947ffbad76,american,3,1.0,1075.0,1.0,1075.0,1075.0,16.0,14.0,14.0,43.95,19,6,1,-0.9659258262890684,0.2588190451025203,0.0,1075.0,1.0,0.8235294117647058,2.0,0.8235294117647058
5,2015-01-26 01:23:40,2015-01-26 01:56:33,4aa8dd9a08fdc32d53eac21cf46e79c0,american,4,1.0,999.0,1.0,999.0,999.0,28.0,46.0,22.0,32.88333333333333,1,0,0,0.25881904510252074,0.9659258262890683,0.0,999.0,1.0,1.5862068965517242,0.0,0.7586206896551724
3,2015-02-04 19:40:12,2015-02-04 20:19:14,93935dd523dab5829eb26461055fbeeb,pizza,5,1.0,1900.0,1.0,1550.0,1550.0,10.0,10.0,12.0,39.03333333333333,19,2,0,-0.9659258262890684,0.2588190451025203,0.0,1900.0,1.0,0.9090909090909091,0.0,1.0909090909090908
4,2015-02-18 01:30:34,2015-02-18 02:30:47,ee1d21306cddf0e43641f1dc52d810be,american,1,2.0,2058.0,1.0,1029.0,1029.0,8.0,8.0,7.0,60.21666666666667,1,2,0,0.25881904510252074,0.9659258262890683,0.0,1029.0,2.0,0.8888888888888888,0.0,0.7777777777777778
2,2015-01-30 02:13:08,2015-01-30 02:57:54,1325cdae3b6f0f91a1b629307bf2d498,other,3,3.0,1197.0,3.0,199.0,799.0,98.0,58.0,108.0,44.766666666666666,2,4,0,0.49999999999999994,0.8660254037844387,600.0,399.0,1.0,0.5858585858585859,40.0,1.0909090909090908
1,2015-02-07 22:50:46,2015-02-07 23:23:28,09f4d591f9ff9e5e0bb6766b0188d017,pizza,3,1.0,1449.0,1.0,1199.0,1199.0,11.0,13.0,10.0,32.7,22,5,1,-0.5000000000000004,0.8660254037844384,0.0,1449.0,1.0,1.0833333333333333,0.0,0.8333333333333334
1,2015-02-10 02:25:33,2015-02-10 03:20:19,24f0d2c90473b2bc949ad962e61d9bcb,italian,1,2.0,2179.0,2.0,429.0,1747.0,22.0,24.0,30.0,54.766666666666666,2,1,0,0.49999999999999994,0.8660254037844387,1318.0,1089.5,1.0,1.0434782608695652,0.0,1.3043478260869565
2,2015-02-08 18:56:13,2015-02-08 19:17:50,b4d168b48157c623fbd095b4a565b5bb,japanese,3,3.0,2895.0,3.0,825.0,1075.0,8.0,8.0,5.0,21.616666666666667,18,6,1,-1.0,-1.8369701987210297e-16,250.0,965.0,1.0,0.8888888888888888,0.0,0.5555555555555556
1,2015-02-02 02:16:18,2015-02-02 05:35:18,a4d5fad84ee90c1308cc37b52135d5db,other,1,4.0,2196.0,3.0,199.0,649.0,13.0,15.0,25.0,199.0,2,0,0,0.49999999999999994,0.8660254037844387,450.0,549.0,1.3333333333333333,1.0714285714285714,0.0,1.7857142857142858
4,2015-01-31 20:32:50,2015-01-31 20:58:09,1f71e393b3809197ed66df836fe833e5,japanese,1,5.0,2435.0,5.0,379.0,599.0,41.0,21.0,22.0,25.316666666666666,20,5,1,-0.8660254037844386,0.5000000000000001,220.0,487.0,1.0,0.5,20.0,0.5238095238095238
2,2015-01-26 01:20:43,2015-01-26 01:50:56,fddd7938a71db5f81fcc621673ab67b7,other,1,2.0,3799.0,2.0,899.0,2900.0,67.0,86.0,61.0,30.216666666666665,1,0,0,0.25881904510252074,0.9659258262890683,2001.0,1899.5,1.0,1.2647058823529411,0.0,0.8970588235294118
4,2015-02-10 19:39:40,2015-02-10 20:51:11,e165421110ba03099a1c0393373c5b43,burger,5,1.0,1148.0,1.0,649.0,649.0,67.0,68.0,152.0,71.51666666666667,19,1,0,-0.9659258262890684,0.2588190451025203,0.0,1148.0,1.0,1.0,0.0,2.235294117647059
2,2015-02-03 21:00:24,2015-02-03 22:02:46,0ebf197205c00fc6e0aac7261a8c1bdc,other,2,1.0,1000.0,1.0,700.0,700.0,27.0,27.0,29.0,62.36666666666667,21,1,0,-0.7071067811865477,0.7071067811865474,0.0,1000.0,1.0,0.9642857142857143,0.0,1.0357142857142858
2,2015-02-09 01:42:00,2015-02-09 02:22:34,e0ab531ec312161511493b002f9be2ee,thai,2,4.0,4100.0,4.0,300.0,1700.0,115.0,75.0,127.0,40.56666666666667,1,0,0,0.25881904510252074,0.9659258262890683,1400.0,1025.0,1.0,0.646551724137931,40.0,1.0948275862068966
6,2015-02-04 03:11:15,2015-02-04 03:51:07,fa14ace7b3ae2d7e7ee6f1bc3129fbec,thai,3,2.0,2390.0,2.0,1095.0,1095.0,37.0,34.0,41.0,39.86666666666667,3,2,0,0.7071067811865475,0.7071067811865476,0.0,1195.0,1.0,0.8947368421052632,3.0,1.0789473684210527
4,2015-02-05 02:01:11,2015-02-05 03:07:35,d1a21da7bca4abff8b0b61b87597de73,mexican,2,4.0,1390.0,3.0,185.0,725.0,100.0,95.0,163.0,66.4,2,3,0,0.49999999999999994,0.8660254037844387,540.0,347.5,1.3333333333333333,0.9405940594059405,5.0,1.613861386138614
2,2015-02-10 02:21:56,2015-02-10 03:06:27,9872ed9fc22fc182d371c3e9ed316094,other,3,2.0,1725.0,2.0,350.0,1000.0,42.0,41.0,76.0,44.516666666666666,2,1,0,0.49999999999999994,0.8660254037844387,650.0,862.5,1.0,0.9534883720930233,1.0,1.7674418604651163
1,2015-02-06 01:52:30,2015-02-06 02:24:32,4e246a381baf2ce038b3b0f82c7d6fb4,fast,4,1.0,799.0,1.0,639.0,639.0,14.0,6.0,7.0,32.03333333333333,1,4,0,0.25881904510252074,0.9659258262890683,0.0,799.0,1.0,0.4,8.0,0.4666666666666667
5,2015-02-05 02:14:48,2015-02-05 03:04:55,3d1296c4b4b859ac2fb14019654a5f57,japanese,5,3.0,2500.0,3.0,550.0,1200.0,43.0,33.0,55.0,50.11666666666667,2,3,0,0.49999999999999994,0.8660254037844387,650.0,833.3333333333334,1.0,0.75,10.0,1.25
2,2015-02-04 01:16:01,2015-02-04 02:21:31,cc58f7abf0b0cf2d5ac95ab60e4f14e9,american,4,2.0,2518.0,1.0,1209.0,1209.0,56.0,54.0,64.0,65.5,1,2,0,0.25881904510252074,0.9659258262890683,0.0,1259.0,2.0,0.9473684210526315,2.0,1.1228070175438596
4,2015-02-12 03:16:47,2015-02-12 03:50:18,eccbc87e4b5ce2fe28308fd9f2a7baf3,indian,5,4.0,3275.0,2.0,500.0,925.0,102.0,105.0,164.0,33.516666666666666,3,3,0,0.7071067811865475,0.7071067811865476,425.0,818.75,2.0,1.0194174757281553,0.0,1.5922330097087378
3,2015-02-16 22:52:51,2015-02-16 23:27:41,04df4d434d481c5bb723be1b6df1ee65,indian,4,1.0,1058.0,1.0,949.0,949.0,13.0,3.0,4.0,34.833333333333336,22,0,0,-0.5000000000000004,0.8660254037844384,0.0,1058.0,1.0,0.21428571428571427,10.0,0.2857142857142857
5,2015-01-31 04:57:10,2015-01-31 05:38:03,a6ce91443f690d0979d788694448382d,mexican,1,4.0,1960.0,2.0,230.0,750.0,16.0,16.0,32.0,40.88333333333333,4,5,1,0.8660254037844386,0.5000000000000001,520.0,490.0,2.0,0.9411764705882353,0.0,1.8823529411764706
2,2015-02-12 19:44:57,2015-02-12 20:40:07,0df5627695c1aaf2a2be5c738a80f0c3,breakfast,2,2.0,1230.0,2.0,405.0,825.0,56.0,48.0,85.0,55.166666666666664,19,3,0,-0.9659258262890684,0.2588190451025203,420.0,615.0,1.0,0.8421052631578947,8.0,1.4912280701754386
2,2015-02-15 23:07:01,2015-02-15 23:58:23,175e9308ea835facdc5c74c75acc450f,mexican,1,2.0,1648.0,2.0,449.0,1199.0,32.0,31.0,33.0,51.36666666666667,23,6,1,-0.25881904510252157,0.9659258262890681,750.0,824.0,1.0,0.9393939393939394,1.0,1.0
4,2015-02-03 20:43:30,2015-02-03 21:07:31,24b43fb034a10d78bec71274033b4096,burger,4,3.0,1467.0,2.0,309.0,579.0,30.0,29.0,35.0,24.016666666666666,20,1,0,-0.8660254037844386,0.5000000000000001,270.0,489.0,1.5,0.9354838709677419,1.0,1.1290322580645162
5,2015-02-05 03:02:53,2015-02-05 04:03:06,a14fd85ebbd38dbeddf3cd65ba2c1da1,pizza,6,1.0,795.0,1.0,795.0,795.0,24.0,15.0,25.0,60.21666666666667,3,3,0,0.7071067811865475,0.7071067811865476,0.0,795.0,1.0,0.6,9.0,1.0
3,2015-02-07 01:16:39,2015-02-07 02:14:13,09a5e2a11bea20817477e0b1dfe2cc21,pizza,5,5.0,4900.0,5.0,500.0,1250.0,26.0,27.0,23.0,57.56666666666667,1,5,1,0.25881904510252074,0.9659258262890683,750.0,980.0,1.0,1.0,0.0,0.8518518518518519
2,2015-02-11 04:51:49,2015-02-11 05:09:28,1385974ed5904a438616ff7bdb3f7439,mexican,5,2.0,1648.0,2.0,749.0,799.0,46.0,42.0,43.0,17.65,4,2,0,0.8660254037844386,0.5000000000000001,50.0,824.0,1.0,0.8936170212765957,4.0,0.9148936170212766
6,2015-02-05 04:37:39,2015-02-05 06:00:28,8783118abe1d12ceacf48e74fe8f9550,indian,2,5.0,2300.0,4.0,150.0,1050.0,37.0,34.0,41.0,82.81666666666666,4,3,0,0.8660254037844386,0.5000000000000001,900.0,460.0,1.25,0.8947368421052632,3.0,1.0789473684210527
2,2015-02-04 02:09:22,2015-02-04 03:06:35,0336dcbab05b9d5ad24f4333c7658a0e,other,3,3.0,2265.0,3.0,195.0,1145.0,93.0,88.0,96.0,57.21666666666667,2,2,0,0.49999999999999994,0.8660254037844387,950.0,755.0,1.0,0.9361702127659575,5.0,1.0212765957446808
3,2015-02-16 03:20:30,2015-02-16 04:08:19,26d4b4313a7e5828856bc0791fca39a2,other,3,1.0,1695.0,1.0,1695.0,1695.0,21.0,21.0,35.0,47.81666666666667,3,0,0,0.7071067811865475,0.7071067811865476,0.0,1695.0,1.0,0.9545454545454546,0.0,1.5909090909090908
2,2015-02-04 18:41:58,2015-02-04 19:25:36,991de292e76f74f3c285b3f6d57958d5,breakfast,2,2.0,1250.0,2.0,300.0,950.0,21.0,17.0,16.0,43.63333333333333,18,2,0,-1.0,-1.8369701987210297e-16,650.0,625.0,1.0,0.7727272727272727,4.0,0.7272727272727273
4,2015-02-12 03:44:17,2015-02-12 04:21:40,4b21cf96d4cf612f239a6c322b10c8fe,barbecue,1,5.0,3075.0,5.0,295.0,995.0,52.0,46.0,62.0,37.38333333333333,3,3,0,0.7071067811865475,0.7071067811865476,700.0,615.0,1.0,0.8679245283018868,6.0,1.169811320754717
1,2015-01-26 19:54:04,2015-01-26 20:25:35,e21bd8ab999859f3642d2227e682e66f,other,1,4.0,2953.0,3.0,382.0,845.0,29.0,29.0,28.0,31.516666666666666,19,0,0,-0.9659258262890684,0.2588190451025203,463.0,738.25,1.3333333333333333,0.9666666666666667,0.0,0.9333333333333333
3,2015-02-02 21:43:22,2015-02-02 22:50:46,ccb421d5f36c5a412816d494b15ca9f6,other,1,3.0,2348.0,3.0,350.0,1099.0,9.0,10.0,16.0,67.4,21,0,0,-0.7071067811865477,0.7071067811865474,749.0,782.6666666666666,1.0,1.0,0.0,1.6
4,2015-01-22 02:41:46,2015-01-22 03:38:50,758a06618c69880a6cee5314ee42d52f,unknown,3,3.0,4600.0,3.0,800.0,1900.0,103.0,91.0,160.0,57.06666666666667,2,3,0,0.49999999999999994,0.8660254037844387,1100.0,1533.3333333333333,1.0,0.875,12.0,1.5384615384615385
3,2015-02-06 19:32:21,2015-02-06 20:14:16,30f48cd3c7e73511070b95ee0a884c23,other,4,8.0,4928.0,4.0,259.0,1095.0,23.0,22.0,20.0,41.916666666666664,19,4,0,-0.9659258262890684,0.2588190451025203,836.0,616.0,2.0,0.9166666666666666,1.0,0.8333333333333334
4,2015-02-12 21:46:01,2015-02-12 22:22:22,9cea10c7ff109c6e61727a0d45492ead,vietnamese,5,2.0,2170.0,2.0,630.0,880.0,29.0,22.0,22.0,36.35,21,3,0,-0.7071067811865477,0.7071067811865474,250.0,1085.0,1.0,0.7333333333333333,7.0,0.7333333333333333
4,2015-01-31 21:09:16,2015-01-31 21:34:59,8a1276c25f5efe85f0fc4020fbf5b4f8,pizza,5,2.0,3100.0,2.0,800.0,2100.0,50.0,36.0,43.0,25.716666666666665,21,5,1,-0.7071067811865477,0.7071067811865474,1300.0,1550.0,1.0,0.7058823529411765,14.0,0.8431372549019608
4,2015-02-05 01:42:26,2015-02-05 02:30:58,c20ad4d76fe97759aa27a0c99bff6710,vietnamese,5,2.0,1170.0,2.0,375.0,795.0,93.0,92.0,141.0,48.53333333333333,1,3,0,0.25881904510252074,0.9659258262890683,420.0,585.0,1.0,0.9787234042553191,1.0,1.5
5,2015-02-16 16:42:37,2015-02-16 17:23:53,455c8959885c1b38871319571e9ab72c,other,1,3.0,2520.0,3.0,816.0,920.0,5.0,3.0,6.0,41.266666666666666,16,0,0,-0.8660254037844384,-0.5000000000000004,104.0,840.0,1.0,0.5,2.0,1.0
3,2015-01-25 21:39:56,2015-01-25 22:15:19,a7f592cef8b130a6967a90617db5681b,sandwich,3,2.0,2025.0,2.0,875.0,1000.0,18.0,10.0,9.0,35.38333333333333,21,6,1,-0.7071067811865477,0.7071067811865474,125.0,1012.5,1.0,0.5263157894736842,8.0,0.47368421052631576
3,2015-02-17 02:04:09,2015-02-17 02:51:42,700a4d3e9b7edabf9e4b69008b0718d6,thai,5,2.0,1690.0,2.0,495.0,995.0,10.0,9.0,13.0,47.55,2,1,0,0.49999999999999994,0.8660254037844387,500.0,845.0,1.0,0.8181818181818182,1.0,1.1818181818181819
3,2015-02-04 03:10:02,2015-02-04 04:26:30,62dad6e273d32235ae02b7d321578ee8,mexican,3,2.0,2425.0,2.0,125.0,1595.0,8.0,10.0,9.0,76.46666666666667,3,2,0,0.7071067811865475,0.7071067811865476,1470.0,1212.5,1.0,1.1111111111111112,0.0,1.0
3,2015-02-08 03:11:58,2015-02-08 03:57:05,9f16563436a5d946e37538eb164ee775,thai,3,3.0,2550.0,3.0,750.0,1050.0,7.0,7.0,10.0,45.11666666666667,3,6,1,0.7071067811865475,0.7071067811865476,300.0,850.0,1.0,0.875,0.0,1.25
4,2015-02-13 01:34:11,2015-02-13 02:24:59,4b0a59ddf11c58e7446c9df0da541a84,greek,2,3.0,4197.0,3.0,899.0,1699.0,51.0,45.0,71.0,50.8,1,4,0,0.25881904510252074,0.9659258262890683,800.0,1399.0,1.0,0.8653846153846154,6.0,1.3653846153846154
2,2015-01-21 20:14:21,2015-01-21 21:01:14,3ad7c2ebb96fcba7cda0cf54a2e802f5,other,5,1.0,850.0,1.0,850.0,850.0,31.0,31.0,37.0,46.88333333333333,20,2,0,-0.8660254037844386,0.5000000000000001,0.0,850.0,1.0,0.96875,0.0,1.15625
1,2015-02-16 00:55:48,2015-02-16 01:24:11,ffeabd223de0d4eacb9a3e6e53e5448d,breakfast,1,2.0,2075.0,2.0,475.0,1600.0,38.0,38.0,46.0,28.383333333333333,0,0,0,0.0,1.0,1125.0,1037.5,1.0,0.9743589743589743,0.0,1.1794871794871795
2,2015-02-18 01:08:39,2015-02-18 01:53:40,05a5cf06982ba7892ed2a6d38fe832d6,italian,5,4.0,5300.0,3.0,600.0,1650.0,38.0,36.0,51.0,45.016666666666666,1,2,0,0.25881904510252074,0.9659258262890683,1050.0,1325.0,1.3333333333333333,0.9230769230769231,2.0,1.3076923076923077
1,2015-01-31 03:52:52,2015-01-31 05:31:54,206bb45f944accb7a4cd1f135786c415,japanese,1,5.0,4510.0,5.0,425.0,1395.0,9.0,9.0,11.0,99.03333333333333,3,5,1,0.7071067811865475,0.7071067811865476,970.0,902.0,1.0,0.9,0.0,1.1
1,2015-01-26 00:13:03,2015-01-26 01:17:17,f106b7f99d2cb30c3db1c3cc0fde9ccb,vietnamese,5,6.0,3400.0,4.0,400.0,900.0,16.0,22.0,45.0,64.23333333333333,0,0,0,0.0,1.0,500.0,566.6666666666666,1.5,1.2941176470588236,0.0,2.6470588235294117
1,2015-02-03 01:48:47,2015-02-03 02:47:11,e3a54649aeec04cf1c13907bc6c5c8aa,dessert,1,4.0,3480.0,4.0,495.0,1495.0,16.0,9.0,13.0,58.4,1,1,0,0.25881904510252074,0.9659258262890683,1000.0,870.0,1.0,0.5294117647058824,7.0,0.7647058823529411
1,2015-02-11 18:22:29,2015-02-11 19:09:00,0c0a7566915f4f24853fc4192689aa7e,sandwich,6,1.0,940.0,1.0,815.0,815.0,6.0,5.0,5.0,46.516666666666666,18,2,0,-1.0,-1.8369701987210297e-16,0.0,940.0,1.0,0.7142857142857143,1.0,0.7142857142857143
2,2015-02-01 18:52:44,2015-02-01 19:20:07,d1f255a373a3cef72e03aa9d980c7eca,sandwich,3,2.0,1517.0,2.0,329.0,479.0,42.0,41.0,64.0,27.383333333333333,18,6,1,-1.0,-1.8369701987210297e-16,150.0,758.5,1.0,0.9534883720930233,1.0,1.4883720930232558
5,2015-02-07 03:24:47,2015-02-07 04:28:36,52fe8f09c95a49a4c296c735c32c8678,chinese,5,4.0,3575.0,4.0,600.0,1075.0,25.0,26.0,45.0,63.81666666666667,3,5,1,0.7071067811865475,0.7071067811865476,475.0,893.75,1.0,1.0,0.0,1.7307692307692308
4,2015-02-04 04:08:07,2015-02-04 04:43:36,d61e4bbd6393c9111e6526ea173a7c8b,indian,3,2.0,2690.0,2.0,1195.0,1495.0,59.0,66.0,81.0,35.483333333333334,4,2,0,0.8660254037844386,0.5000000000000001,300.0,1345.0,1.0,1.1,0.0,1.35
3,2015-02-06 00:03:40,2015-02-06 01:00:45,0befcb6854bc6a1e3d3ab31b6aaec951,other,3,3.0,3248.0,3.0,399.0,1599.0,12.0,6.0,7.0,57.083333333333336,0,4,0,0.0,1.0,1200.0,1082.6666666666667,1.0,0.46153846153846156,6.0,0.5384615384615384
1,2015-01-22 03:59:18,2015-01-22 04:19:21,09a7ae5955da82295abd34ba63761291,mexican,5,1.0,925.0,1.0,925.0,925.0,54.0,39.0,40.0,20.05,3,3,0,0.7071067811865475,0.7071067811865476,0.0,925.0,1.0,0.7090909090909091,15.0,0.7272727272727273
4,2015-01-28 02:17:50,2015-01-28 03:25:52,6a2feef8ed6a9fe76d6b3f30f02150b4,indian,3,3.0,2450.0,2.0,600.0,925.0,58.0,58.0,99.0,68.03333333333333,2,2,0,0.49999999999999994,0.8660254037844387,325.0,816.6666666666666,1.5,0.9830508474576272,0.0,1.6779661016949152
2,2015-02-13 00:52:11,2015-02-13 01:20:36,f65454346463d95c4a771e973b93afdc,unknown,5,2.0,2250.0,1.0,1125.0,1125.0,24.0,23.0,31.0,28.416666666666668,0,4,0,0.0,1.0,0.0,1125.0,2.0,0.92,1.0,1.24
4,2015-02-09 03:21:53,2015-02-09 04:09:18,335d3d1cd7ef05ec77714a215134914c,mexican,3,1.0,695.0,1.0,695.0,695.0,86.0,87.0,148.0,47.416666666666664,3,0,0,0.7071067811865475,0.7071067811865476,0.0,695.0,1.0,1.0,0.0,1.7011494252873562
3,2015-02-14 23:30:11,2015-02-15 00:03:31,42cd63cb189c30ed03e42ce2c069566c,fast,4,1.0,1416.0,1.0,978.0,978.0,17.0,10.0,10.0,33.333333333333336,23,5,1,-0.25881904510252157,0.9659258262890681,0.0,1416.0,1.0,0.5555555555555556,7.0,0.5555555555555556
6,2015-02-04 01:25:25,2015-02-04 02:09:25,5e6d27a7a8a8330df4b53240737ccc85,unknown,1,3.0,3645.0,3.0,600.0,1650.0,37.0,34.0,41.0,44.0,1,2,0,0.25881904510252074,0.9659258262890683,1050.0,1215.0,1.0,0.8947368421052632,3.0,1.0789473684210527
2,2015-01-23 02:17:59,2015-01-23 03:23:38,485843481a7edacbfce101ecb1e4d2a8,barbecue,1,5.0,3995.0,3.0,250.0,2995.0,104.0,103.0,141.0,65.65,2,4,0,0.49999999999999994,0.8660254037844387,2745.0,799.0,1.6666666666666667,0.9809523809523809,1.0,1.3428571428571427
3,2015-01-22 04:02:16,2015-01-22 04:35:07,8b910e56415eb6bd1037b46e6e619c58,pizza,5,4.0,3614.0,2.0,540.0,1368.0,8.0,8.0,15.0,32.85,4,3,0,0.8660254037844386,0.5000000000000001,828.0,903.5,2.0,0.8888888888888888,0.0,1.6666666666666667
6,2015-01-30 03:08:19,2015-01-30 03:49:35,619205da514e83f869515c782a328d3c,indian,3,2.0,2050.0,2.0,600.0,850.0,37.0,34.0,41.0,41.266666666666666,3,4,0,0.7071067811865475,0.7071067811865476,250.0,1025.0,1.0,0.8947368421052632,3.0,1.0789473684210527
2,2015-02-14 19:56:16,2015-02-14 20:28:33,31fefc0e570cb3860f2a6d4b38c6490d,other,5,3.0,2485.0,3.0,495.0,1195.0,66.0,46.0,57.0,32.28333333333333,19,5,1,-0.9659258262890684,0.2588190451025203,700.0,828.3333333333334,1.0,0.6865671641791045,20.0,0.8507462686567164
2,2015-01-29 03:21:27,2015-01-29 04:06:10,a6ade5aa93b826f8de63c663e1159bf7,pizza,3,2.0,2638.0,2.0,1079.0,1559.0,54.0,36.0,51.0,44.71666666666667,3,3,0,0.7071067811865475,0.7071067811865476,480.0,1319.0,1.0,0.6545454545454545,18.0,0.9272727272727272
2,2015-01-22 19:51:59,2015-01-22 21:38:11,c8ed21db4f678f3b13b9d5ee16489088,japanese,3,2.0,1925.0,2.0,850.0,1075.0,45.0,42.0,69.0,106.2,19,3,0,-0.9659258262890684,0.2588190451025203,225.0,962.5,1.0,0.9130434782608695,3.0,1.5
2,2015-02-13 21:59:16,2015-02-13 22:33:28,ebd9629fc3ae5e9f6611e2ee05a31cef,thai,5,4.0,3435.0,4.0,250.0,1195.0,28.0,21.0,22.0,34.2,21,4,0,-0.7071067811865477,0.7071067811865474,945.0,858.75,1.0,0.7241379310344828,7.0,0.7586206896551724
5,2015-01-25 18:38:26,2015-01-25 19:19:59,455c8959885c1b38871319571e9ab72c,other,1,7.0,4313.0,7.0,289.0,999.0,9.0,9.0,5.0,41.55,18,6,1,-1.0,-1.8369701987210297e-16,710.0,616.1428571428571,1.0,0.9,0.0,0.5
2,2015-02-12 02:33:00,2015-02-12 03:09:51,aa2a77371374094fe9e0bc1de3f94ed9,sandwich,2,3.0,2790.0,2.0,400.0,1195.0,125.0,97.0,144.0,36.85,2,3,0,0.49999999999999994,0.8660254037844387,795.0,930.0,1.5,0.7698412698412699,28.0,1.1428571428571428
6,2015-01-25 17:44:45,2015-01-25 18:24:52,a70ef651f1086ff9a0a988e4ed93069a,sandwich,1,3.0,2269.0,3.0,350.0,1025.0,37.0,34.0,41.0,40.11666666666667,17,6,1,-0.9659258262890683,-0.25881904510252063,675.0,756.3333333333334,1.0,0.8947368421052632,3.0,1.0789473684210527
2,2015-02-15 01:09:16,2015-02-15 01:46:35,f48c04ffab49ff0e5d1176244fdfb65c,other,2,3.0,3348.0,2.0,950.0,1199.0,89.0,69.0,83.0,37.31666666666667,1,6,1,0.25881904510252074,0.9659258262890683,249.0,1116.0,1.5,0.7666666666666667,20.0,0.9222222222222223
1,2015-02-03 01:19:12,2015-02-03 02:16:49,999028872cfff7ae8ee330a33cbd3874,japanese,1,2.0,1320.0,2.0,275.0,1045.0,4.0,4.0,11.0,57.61666666666667,1,1,0,0.25881904510252074,0.9659258262890683,770.0,660.0,1.0,0.8,0.0,2.2
1,2015-02-13 02:25:44,2015-02-13 03:16:28,47267ca39f652c0de27a4b27c5e11c40,other,3,6.0,8470.0,5.0,595.0,2295.0,12.0,12.0,14.0,50.733333333333334,2,4,0,0.49999999999999994,0.8660254037844387,1700.0,1411.6666666666667,1.2,0.9230769230769231,0.0,1.0769230769230769
3,2015-01-28 19:54:22,2015-01-28 20:45:07,4de7729ea5daf28540ee79b3dca73d19,mexican,4,4.0,1616.0,3.0,89.0,299.0,0.0,0.0,0.0,50.75,19,2,0,-0.9659258262890684,0.2588190451025203,210.0,404.0,1.3333333333333333,0.0,0.0,0.0
3,2015-02-01 03:52:38,2015-02-01 04:35:36,19d19f93a4200dca6148155b8ccc0afd,pizza,5,2.0,3690.0,2.0,1095.0,1095.0,5.0,4.0,8.0,42.96666666666667,3,6,1,0.7071067811865475,0.7071067811865476,0.0,1845.0,1.0,0.6666666666666666,1.0,1.3333333333333333
1,2015-02-13 21:38:09,2015-02-13 22:23:35,2d405b367158e3f12d7c1e31a96b3af3,pizza,3,2.0,2243.0,2.0,679.0,1389.0,16.0,15.0,8.0,45.43333333333333,21,4,0,-0.7071067811865477,0.7071067811865474,710.0,1121.5,1.0,0.8823529411764706,1.0,0.47058823529411764
1,2015-01-25 02:18:39,2015-01-25 03:10:59,609a199881ca4ba9c95688235cd6ac5c,italian,3,2.0,1445.0,2.0,450.0,995.0,10.0,11.0,14.0,52.333333333333336,2,6,1,0.49999999999999994,0.8660254037844387,545.0,722.5,1.0,1.0,0.0,1.2727272727272727
3,2015-02-10 22:48:50,2015-02-10 23:39:12,29282505fa1675d9c26d7ad4868b8727,mexican,1,2.0,1624.0,2.0,799.0,825.0,0.0,0.0,0.0,50.36666666666667,22,1,0,-0.5000000000000004,0.8660254037844384,26.0,812.0,1.0,0.0,0.0,0.0
5,2015-02-08 21:52:15,2015-02-08 23:49:08,123f7670babac5a92883d9a7afb4262e,indian,2,2.0,1700.0,2.0,300.0,1400.0,18.0,17.0,16.0,116.88333333333334,21,6,1,-0.7071067811865477,0.7071067811865474,1100.0,850.0,1.0,0.8947368421052632,1.0,0.8421052631578947
4,2015-02-04 04:03:52,2015-02-04 04:29:17,19ca14e7ea6328a42e0eb13d585e4c22,mexican,2,1.0,995.0,1.0,995.0,995.0,75.0,66.0,72.0,25.416666666666668,4,2,0,0.8660254037844386,0.5000000000000001,0.0,995.0,1.0,0.868421052631579,9.0,0.9473684210526315
3,2015-02-05 04:19:50,2015-02-05 04:55:58,cb3213ada48302953cb0f166464ab356,mexican,1,2.0,2090.0,2.0,795.0,1095.0,25.0,26.0,22.0,36.13333333333333,4,3,0,0.8660254037844386,0.5000000000000001,300.0,1045.0,1.0,1.0,0.0,0.8461538461538461
6,2015-02-07 03:24:49,2015-02-07 04:09:15,3f53d7190148675e3cd472fc826828c5,chinese,5,6.0,3590.0,6.0,175.0,1195.0,37.0,34.0,41.0,44.43333333333333,3,5,1,0.7071067811865475,0.7071067811865476,1020.0,598.3333333333334,1.0,0.8947368421052632,3.0,1.0789473684210527
4,2015-02-07 04:45:21,2015-02-07 05:33:13,68d30a9594728bc39aa24be94b319d21,other,1,6.0,4200.0,5.0,580.0,1300.0,58.0,58.0,89.0,47.86666666666667,4,5,1,0.8660254037844386,0.5000000000000001,720.0,700.0,1.2,0.9830508474576272,0.0,1.5084745762711864
2,2015-01-28 02:07:15,2015-01-28 03:06:44,356fbc3c3158bc7a5932461b635064a2,mediterranean,2,2.0,1840.0,1.0,845.0,845.0,94.0,91.0,119.0,59.483333333333334,2,2,0,0.49999999999999994,0.8660254037844387,0.0,920.0,2.0,0.9578947368421052,3.0,1.2526315789473683
4,2015-01-23 23:08:27,2015-01-24 00:00:48,0ebf197205c00fc6e0aac7261a8c1bdc,american,5,2.0,1325.0,2.0,250.0,925.0,13.0,11.0,12.0,52.35,23,4,0,-0.25881904510252157,0.9659258262890681,675.0,662.5,1.0,0.7857142857142857,2.0,0.8571428571428571
2,2015-02-11 21:08:42,2015-02-11 21:38:53,caf1a3dfb505ffed0d024130f58c5cfa,mexican,5,3.0,1095.0,2.0,350.0,395.0,32.0,36.0,43.0,30.183333333333334,21,2,0,-0.7071067811865477,0.7071067811865474,45.0,365.0,1.5,1.0909090909090908,0.0,1.303030303030303
3,2015-01-30 04:01:22,2015-01-30 04:47:22,0415740eaa4d9decbc8da001d3fd805f,american,1,2.0,1750.0,2.0,600.0,1150.0,34.0,25.0,23.0,46.0,4,4,0,0.8660254037844386,0.5000000000000001,550.0,875.0,1.0,0.7142857142857143,9.0,0.6571428571428571
3,2015-02-16 19:47:24,2015-02-16 20:07:40,1dc907539dc8fc57e6b3cbf1a276ccce,mexican,2,1.0,989.0,1.0,369.0,369.0,26.0,23.0,29.0,20.266666666666666,19,0,0,-0.9659258262890684,0.2588190451025203,0.0,989.0,1.0,0.8518518518518519,3.0,1.0740740740740742
1,2015-02-14 03:11:10,2015-02-14 04:18:56,3323fe11e9595c09af38fe67567a9394,pizza,3,3.0,1418.0,3.0,0.0,599.0,68.0,67.0,109.0,67.76666666666667,3,5,1,0.7071067811865475,0.7071067811865476,599.0,472.6666666666667,1.0,0.9710144927536232,1.0,1.5797101449275361
1,2015-02-03 20:02:29,2015-02-03 20:59:26,5b8e9841e87fb8fc590434f5d933c92c,other,1,3.0,1675.0,3.0,225.0,795.0,8.0,8.0,9.0,56.95,20,1,0,-0.8660254037844386,0.5000000000000001,570.0,558.3333333333334,1.0,0.8888888888888888,0.0,1.0
1,2015-02-01 23:47:33,2015-02-02 00:18:18,dd363b260a3b26e9ebdc93193730e961,thai,5,2.0,1156.0,1.0,499.0,499.0,58.0,52.0,56.0,30.75,23,6,1,-0.25881904510252157,0.9659258262890681,0.0,578.0,2.0,0.8813559322033898,6.0,0.9491525423728814
5,2015-01-27 02:33:22,2015-01-27 03:28:56,401704ef750f5f2e9fc84ed2c5db8292,mexican,3,8.0,9760.0,7.0,795.0,1495.0,20.0,32.0,25.0,55.56666666666667,2,1,0,0.49999999999999994,0.8660254037844387,700.0,1220.0,1.1428571428571428,1.5238095238095237,0.0,1.1904761904761905
4,2015-02-05 19:14:02,2015-02-05 19:43:38,46ba59a6994802347d659680875fb173,burger,1,1.0,990.0,1.0,895.0,895.0,9.0,7.0,8.0,29.6,19,3,0,-0.9659258262890684,0.2588190451025203,0.0,990.0,1.0,0.7,2.0,0.8
2,2015-02-17 23:20:06,2015-02-17 23:46:04,4be2c8f27b8a420492f2d44463933eb6,japanese,1,9.0,3350.0,7.0,150.0,1900.0,15.0,9.0,10.0,25.966666666666665,23,1,0,-0.25881904510252157,0.9659258262890681,1750.0,372.22222222222223,1.2857142857142858,0.5625,6.0,0.625
2,2015-01-28 19:23:13,2015-01-28 20:09:14,bb36e395b063bec9205952807471e86a,burger,4,7.0,3475.0,5.0,225.0,700.0,33.0,24.0,36.0,46.016666666666666,19,2,0,-0.9659258262890684,0.2588190451025203,475.0,496.42857142857144,1.4,0.7058823529411765,9.0,1.0588235294117647
5,2015-01-24 22:47:44,2015-01-24 23:45:50,d2804bda02d05ee5868227fb24f13c98,chinese,4,1.0,1067.0,1.0,942.0,942.0,12.0,23.0,8.0,58.1,22,5,1,-0.5000000000000004,0.8660254037844384,0.0,1067.0,1.0,1.7692307692307692,0.0,0.6153846153846154
4,2015-02-13 22:31:22,2015-02-13 22:57:23,4ca82782c5372a547c104929f03fe7a9,burger,5,4.0,2446.0,4.0,349.0,989.0,21.0,10.0,10.0,26.016666666666666,22,4,0,-0.5000000000000004,0.8660254037844384,640.0,611.5,1.0,0.45454545454545453,11.0,0.45454545454545453
1,2015-02-18 01:43:54,2015-02-18 02:25:35,c9f95a0a5af052bffce5c89917335f67,burger,1,3.0,2500.0,3.0,600.0,1200.0,35.0,35.0,32.0,41.68333333333333,1,2,0,0.25881904510252074,0.9659258262890683,600.0,833.3333333333334,1.0,0.9722222222222222,0.0,0.8888888888888888
4,2015-02-14 16:05:45,2015-02-14 16:37:50,cd4bb35c75ba84b4f39e547b1416fd35,dessert,5,6.0,5110.0,6.0,225.0,1095.0,7.0,2.0,2.0,32.083333333333336,16,5,1,-0.8660254037844384,-0.5000000000000004,870.0,851.6666666666666,1.0,0.25,5.0,0.25
3,2015-01-24 20:42:19,2015-01-24 21:22:59,ba2f0015122a5955f8b3a50240fb91b2,pizza,5,2.0,2245.0,2.0,795.0,1450.0,4.0,4.0,6.0,40.666666666666664,20,5,1,-0.8660254037844386,0.5000000000000001,655.0,1122.5,1.0,0.8,0.0,1.2
2,2015-02-03 04:00:12,2015-02-03 05:00:22,435d6ab1ba16ba7e05e09d9728bc36ca,sandwich,3,2.0,1607.0,2.0,429.0,748.0,85.0,83.0,127.0,60.166666666666664,4,1,0,0.8660254037844386,0.5000000000000001,319.0,803.5,1.0,0.9651162790697675,2.0,1.4767441860465116
3,2015-02-06 02:16:39,2015-02-06 02:45:09,632e701d45bdd7eab08afe74d6bd1534,american,1,3.0,2076.0,3.0,619.0,726.0,14.0,7.0,4.0,28.5,2,4,0,0.49999999999999994,0.8660254037844387,107.0,692.0,1.0,0.4666666666666667,7.0,0.26666666666666666
4,2015-01-23 19:24:38,2015-01-23 20:25:05,a1ada9947e0d683b4625f94c74104d73,other,1,2.0,2300.0,2.0,1150.0,1150.0,4.0,3.0,2.0,60.45,19,4,0,-0.9659258262890684,0.2588190451025203,0.0,1150.0,1.0,0.6,1.0,0.4
4,2015-01-28 01:31:15,2015-01-28 02:06:51,c20ad4d76fe97759aa27a0c99bff6710,vietnamese,5,4.0,2835.0,3.0,350.0,1295.0,98.0,95.0,120.0,35.6,1,2,0,0.25881904510252074,0.9659258262890683,945.0,708.75,1.3333333333333333,0.9595959595959596,3.0,1.2121212121212122
1,2015-02-12 19:40:41,2015-02-12 20:41:29,253614bbac999b38b5b60cae531c4969,american,4,2.0,1184.0,2.0,359.0,825.0,0.0,0.0,0.0,60.8,19,3,0,-0.9659258262890684,0.2588190451025203,466.0,592.0,1.0,0.0,0.0,0.0
5,2015-02-12 21:27:01,2015-02-12 22:01:01,abd987257ff0eddc2bc6602538cb3c43,other,3,2.0,1920.0,2.0,725.0,1195.0,13.0,14.0,15.0,34.0,21,3,0,-0.7071067811865477,0.7071067811865474,470.0,960.0,1.0,1.0,0.0,1.0714285714285714
5,2015-01-30 05:32:25,2015-01-30 05:54:43,58046379b8be38120405419d42280f3d,fast,4,6.0,776.0,3.0,100.0,169.0,16.0,6.0,6.0,22.3,5,4,0,0.9659258262890683,0.25881904510252074,69.0,129.33333333333334,2.0,0.35294117647058826,10.0,0.35294117647058826
2,2015-02-02 23:16:42,2015-02-02 23:51:32,2a34abd6ebbd7fcf5a4421229c946c0a,barbecue,3,3.0,2590.0,3.0,645.0,935.0,31.0,33.0,51.0,34.833333333333336,23,0,0,-0.25881904510252157,0.9659258262890681,290.0,863.3333333333334,1.0,1.03125,0.0,1.59375
6,2015-02-01 21:14:33,2015-02-01 21:53:40,04a1bf2d968f1ce381cf1f9184a807a9,salad,1,2.0,3077.0,2.0,1193.0,1607.0,37.0,34.0,41.0,39.11666666666667,21,6,1,-0.7071067811865477,0.7071067811865474,414.0,1538.5,1.0,0.8947368421052632,3.0,1.0789473684210527
1,2015-02-11 04:09:36,2015-02-11 04:47:29,2417dc8af8570f274e6775d4d60496da,pizza,3,3.0,4807.0,2.0,1029.0,1099.0,21.0,21.0,32.0,37.88333333333333,4,2,0,0.8660254037844386,0.5000000000000001,70.0,1602.3333333333333,1.5,0.9545454545454546,0.0,1.4545454545454546
3,2015-02-11 02:04:23,2015-02-11 02:46:42,2e37d41c9bf5cbd339a02696196e9a7b,thai,1,8.0,7660.0,6.0,695.0,1295.0,3.0,3.0,3.0,42.31666666666667,2,2,0,0.49999999999999994,0.8660254037844387,600.0,957.5,1.3333333333333333,0.75,0.0,0.75
2,2015-01-31 22:48:31,2015-01-31 23:51:50,7c3349793d7221d1d89a6f9853009048,fast,1,3.0,2937.0,3.0,719.0,1229.0,5.0,5.0,5.0,63.31666666666667,22,5,1,-0.5000000000000004,0.8660254037844384,510.0,979.0,1.0,0.8333333333333334,0.0,0.8333333333333334
5,2015-02-15 06:13:35,2015-02-15 07:05:40,1fc5309ccc651bf6b5d22470f67561ea,american,4,1.0,889.0,1.0,889.0,889.0,13.0,13.0,15.0,52.083333333333336,6,6,1,1.0,6.123233995736766e-17,0.0,889.0,1.0,0.9285714285714286,0.0,1.0714285714285714
2,2015-02-18 02:08:57,2015-02-18 02:52:36,34da6a962eea0b40287791e44c671be6,unknown,1,2.0,1641.0,2.0,150.0,999.0,101.0,82.0,110.0,43.65,2,2,0,0.49999999999999994,0.8660254037844387,849.0,820.5,1.0,0.803921568627451,19.0,1.0784313725490196
6,2015-02-07 00:34:48,2015-02-07 01:24:21,25766f01628f3d34b93a36a2301dffc9,greek,2,1.0,1450.0,1.0,1400.0,1400.0,37.0,34.0,41.0,49.55,0,5,1,0.0,1.0,0.0,1450.0,1.0,0.8947368421052632,3.0,1.0789473684210527
2,2015-02-05 23:52:17,2015-02-06 00:37:30,0d73a25092e5c1c9769a9f3255caa65a,dessert,1,1.0,1350.0,1.0,1350.0,1350.0,27.0,27.0,30.0,45.21666666666667,23,3,0,-0.25881904510252157,0.9659258262890681,0.0,1350.0,1.0,0.9642857142857143,0.0,1.0714285714285714
2,2015-01-31 21:34:42,2015-01-31 22:07:29,b8516c82e38e6b34bc96330a3ba59b03,unknown,2,3.0,1347.0,3.0,299.0,549.0,69.0,53.0,53.0,32.78333333333333,21,5,1,-0.7071067811865477,0.7071067811865474,250.0,449.0,1.0,0.7571428571428571,16.0,0.7571428571428571
3,2015-02-10 02:59:42,2015-02-10 03:44:46,841b9457fd9014ede0e8ba949e5be76d,chinese,2,4.0,4220.0,3.0,825.0,975.0,39.0,39.0,45.0,45.06666666666667,2,1,0,0.49999999999999994,0.8660254037844387,150.0,1055.0,1.3333333333333333,0.975,0.0,1.125
2,2015-01-23 02:12:38,2015-01-23 03:02:50,4734ba6f3de83d861c3176a6273cac6d,greek,5,3.0,3497.0,3.0,799.0,1099.0,95.0,63.0,106.0,50.2,2,4,0,0.49999999999999994,0.8660254037844387,300.0,1165.6666666666667,1.0,0.65625,32.0,1.1041666666666667
5,2015-02-14 19:38:03,2015-02-14 20:12:07,cf4f35ee546a6d8fe9461b8db8a8200a,mexican,2,8.0,2105.0,4.0,150.0,750.0,15.0,6.0,6.0,34.06666666666667,19,5,1,-0.9659258262890684,0.2588190451025203,600.0,263.125,2.0,0.375,9.0,0.375
3,2015-01-22 20:12:49,2015-01-22 21:06:29,e7d755d1aef5d1ceeb803e20063a334c,other,4,2.0,758.0,2.0,149.0,329.0,24.0,26.0,30.0,53.666666666666664,20,3,0,-0.8660254037844386,0.5000000000000001,180.0,379.0,1.0,1.04,0.0,1.2
6,2015-01-23 02:22:35,2015-01-23 03:05:17,123b7f02433572a0a560e620311a469c,sandwich,3,4.0,3445.0,4.0,595.0,1050.0,37.0,34.0,41.0,42.7,2,4,0,0.49999999999999994,0.8660254037844387,455.0,861.25,1.0,0.8947368421052632,3.0,1.0789473684210527
1,2015-01-24 02:18:32,2015-01-24 03:14:56,b4288d9c0ec0a1841b3b3728321e7088,japanese,1,2.0,3075.0,2.0,575.0,2500.0,53.0,54.0,77.0,56.4,2,5,1,0.49999999999999994,0.8660254037844387,1925.0,1537.5,1.0,1.0,0.0,1.4259259259259258
5,2015-02-09 02:15:40,2015-02-09 02:48:58,dde5af7b91bd434afa39458775de50ff,chinese,3,5.0,2945.0,5.0,135.0,925.0,26.0,23.0,32.0,33.3,2,0,0,0.49999999999999994,0.8660254037844387,790.0,589.0,1.0,0.8518518518518519,3.0,1.1851851851851851
1,2015-02-08 03:36:40,2015-02-08 04:45:28,9f396fe44e7c05c16873b05ec425cbad,other,3,4.0,9280.0,4.0,1595.0,2995.0,54.0,55.0,87.0,68.8,3,6,1,0.7071067811865475,0.7071067811865476,1400.0,2320.0,1.0,1.0,0.0,1.5818181818181818
4,2015-02-08 15:45:38,2015-02-08 16:31:29,45c48cce2e2d7fbdea1afc51c7c6ad26,salad,5,5.0,2530.0,2.0,330.0,550.0,4.0,1.0,1.0,45.85,15,6,1,-0.7071067811865471,-0.7071067811865479,220.0,506.0,2.5,0.2,3.0,0.2
3,2015-01-27 01:36:04,2015-01-27 02:03:04,96f2b50b5d3613adf9c27049b2a888c7,mexican,3,5.0,4675.0,2.0,695.0,995.0,40.0,32.0,28.0,27.0,1,1,0,0.25881904510252074,0.9659258262890683,300.0,935.0,2.5,0.7804878048780488,8.0,0.6829268292682927
2,2015-02-01 20:01:44,2015-02-01 20:49:52,d1f255a373a3cef72e03aa9d980c7eca,sandwich,3,3.0,2745.0,3.0,389.0,479.0,53.0,54.0,89.0,48.13333333333333,20,6,1,-0.8660254037844386,0.5000000000000001,90.0,915.0,1.0,1.0,0.0,1.6481481481481481
4,2015-02-01 19:12:35,2015-02-01 19:50:44,586ee5cb5f17541372cdd7d54b6414d7,fast,4,10.0,2780.0,6.0,119.0,499.0,36.0,35.0,32.0,38.15,19,6,1,-0.9659258262890684,0.2588190451025203,380.0,278.0,1.6666666666666667,0.9459459459459459,1.0,0.8648648648648649
4,2015-02-14 01:44:07,2015-02-14 02:35:43,0efe32849d230d7f53049ddc4a4b0c60,pizza,1,3.0,3120.0,2.0,650.0,1450.0,69.0,65.0,109.0,51.6,1,5,1,0.25881904510252074,0.9659258262890683,800.0,1040.0,1.5,0.9285714285714286,4.0,1.5571428571428572
5,2015-02-12 03:32:41,2015-02-12 04:10:03,c73071b4520a9a82990741a84a2144eb,vietnamese,1,2.0,1600.0,2.0,700.0,900.0,63.0,39.0,58.0,37.36666666666667,3,3,0,0.7071067811865475,0.7071067811865476,200.0,800.0,1.0,0.609375,24.0,0.90625
2,2015-02-04 05:57:20,2015-02-04 06:44:44,db5f9f42a7157abe65bb145000b5871a,vietnamese,5,2.0,1510.0,2.0,630.0,880.0,23.0,20.0,20.0,47.4,5,2,0,0.9659258262890683,0.25881904510252074,250.0,755.0,1.0,0.8333333333333334,3.0,0.8333333333333334
2,2015-01-27 01:50:40,2015-01-27 02:48:45,5737c6ec2e0716f3d8a7a5c4e0de0d9a,italian,3,4.0,7596.0,4.0,899.0,2399.0,69.0,95.0,89.0,58.083333333333336,1,1,0,0.25881904510252074,0.9659258262890683,1500.0,1899.0,1.0,1.3571428571428572,0.0,1.2714285714285714
6,2015-02-02 22:46:36,2015-02-02 23:45:36,2d69a2b7a27852c89b6bcafc83d1ec72,other,1,1.0,1600.0,1.0,1300.0,1300.0,37.0,34.0,41.0,59.0,22,0,0,-0.5000000000000004,0.8660254037844384,0.0,1600.0,1.0,0.8947368421052632,3.0,1.0789473684210527
1,2015-01-25 02:39:49,2015-01-25 03:50:57,c6776f93bc9afe2e511a1dbd5478362c,pizza,6,1.0,795.0,1.0,795.0,795.0,15.0,17.0,22.0,71.13333333333334,2,6,1,0.49999999999999994,0.8660254037844387,0.0,795.0,1.0,1.0625,0.0,1.375
2,2015-02-10 19:45:43,2015-02-10 20:44:32,52c5189391854c93e8a0e1326e56c14f,thai,3,2.0,2190.0,1.0,895.0,895.0,37.0,37.0,65.0,58.81666666666667,19,1,0,-0.9659258262890684,0.2588190451025203,0.0,1095.0,2.0,0.9736842105263158,0.0,1.7105263157894737
4,2015-01-24 04:24:23,2015-01-24 05:24:38,33e75ff09dd601bbe69f351039152189,thai,5,2.0,1598.0,2.0,699.0,899.0,77.0,82.0,129.0,60.25,4,5,1,0.8660254037844386,0.5000000000000001,200.0,799.0,1.0,1.0512820512820513,0.0,1.6538461538461537
5,2015-02-02 00:46:27,2015-02-02 01:22:35,b822fb166c626a15d168207f96a0a3bc,mexican,1,4.0,3505.0,4.0,199.0,1229.0,16.0,14.0,14.0,36.13333333333333,0,0,0,0.0,1.0,1030.0,876.25,1.0,0.8235294117647058,2.0,0.8235294117647058
2,2015-02-16 19:34:49,2015-02-16 20:13:16,39059724f73a9969845dfe4146c5660e,other,5,1.0,1400.0,1.0,1300.0,1300.0,33.0,32.0,42.0,38.45,19,0,0,-0.9659258262890684,0.2588190451025203,0.0,1400.0,1.0,0.9411764705882353,1.0,1.2352941176470589
5,2015-01-23 22:30:00,2015-01-23 23:17:30,9d27fdf2477ffbff837d73ef7ae23db9,japanese,4,8.0,5350.0,3.0,200.0,1150.0,20.0,9.0,9.0,47.5,22,4,0,-0.5000000000000004,0.8660254037844384,950.0,668.75,2.6666666666666665,0.42857142857142855,11.0,0.42857142857142855
5,2015-02-08 03:22:55,2015-02-08 04:04:06,f7177163c833dff4b38fc8d2872f1ec6,unknown,1,5.0,2835.0,3.0,225.0,795.0,97.0,75.0,122.0,41.18333333333333,3,6,1,0.7071067811865475,0.7071067811865476,570.0,567.0,1.6666666666666667,0.7653061224489796,22.0,1.2448979591836735
4,2015-01-31 02:32:27,2015-01-31 03:32:31,329e6581efbc90bd92a1f22c4ba2103d,vietnamese,1,3.0,2385.0,1.0,795.0,795.0,102.0,89.0,207.0,60.06666666666667,2,5,1,0.49999999999999994,0.8660254037844387,0.0,795.0,3.0,0.8640776699029126,13.0,2.0097087378640777
3,2015-01-25 00:44:08,2015-01-25 01:31:18,13384ffc9d8bdb21c53c6f72d46f7866,mediterranean,2,2.0,1656.0,2.0,149.0,779.0,16.0,15.0,21.0,47.166666666666664,0,6,1,0.0,1.0,630.0,828.0,1.0,0.8823529411764706,1.0,1.2352941176470589
1,2015-02-13 21:44:23,2015-02-13 22:17:35,0e55666a4ad822e0e34299df3591d979,thai,1,3.0,2300.0,3.0,300.0,1100.0,23.0,23.0,31.0,33.2,21,4,0,-0.7071067811865477,0.7071067811865474,800.0,766.6666666666666,1.0,0.9583333333333334,0.0,1.2916666666666667
4,2015-01-26 05:10:27,2015-01-26 06:04:25,a97da629b098b75c294dffdc3e463904,dessert,1,5.0,4475.0,5.0,595.0,1595.0,35.0,59.0,36.0,53.96666666666667,5,0,0,0.9659258262890683,0.25881904510252074,1000.0,895.0,1.0,1.6388888888888888,0.0,1.0
4,2015-02-01 20:58:00,2015-02-01 21:35:01,e21e4e58ad9ab56e8a4634046da90113,japanese,3,15.0,4663.0,9.0,174.0,655.0,43.0,38.0,37.0,37.016666666666666,20,6,1,-0.8660254037844386,0.5000000000000001,481.0,310.8666666666667,1.6666666666666667,0.8636363636363636,5.0,0.8409090909090909
1,2015-01-23 04:07:29,2015-01-23 04:38:27,59a3adea76fadcb6dd9e54c96fc155d1,other,1,4.0,2538.0,3.0,225.0,1044.0,38.0,42.0,47.0,30.966666666666665,4,4,0,0.8660254037844386,0.5000000000000001,819.0,634.5,1.3333333333333333,1.0769230769230769,0.0,1.205128205128205
2,2015-01-25 21:50:49,2015-01-25 22:26:47,bb1662b7c5f22a0f905fd59e718ca05e,pizza,1,3.0,3140.0,2.0,495.0,2150.0,59.0,73.0,51.0,35.96666666666667,21,6,1,-0.7071067811865477,0.7071067811865474,1655.0,1046.6666666666667,1.5,1.2166666666666666,0.0,0.85
2,2015-01-31 22:55:33,2015-01-31 23:58:02,379a7ba015d8bf1c70b8add2c287c6fa,american,3,2.0,2725.0,2.0,725.0,1025.0,52.0,38.0,42.0,62.483333333333334,22,5,1,-0.5000000000000004,0.8660254037844384,300.0,1362.5,1.0,0.7169811320754716,14.0,0.7924528301886793
2,2015-02-17 02:27:10,2015-02-17 02:52:11,d43ab110ab2489d6b9b2caa394bf920f,mexican,5,2.0,1888.0,2.0,699.0,999.0,109.0,77.0,105.0,25.016666666666666,2,1,0,0.49999999999999994,0.8660254037844387,300.0,944.0,1.0,0.7,32.0,0.9545454545454546
3,2015-02-08 22:37:51,2015-02-08 23:27:10,6354461b879d3b121b0c33d5e7e5da4f,fast,1,5.0,2288.0,5.0,299.0,800.0,12.0,14.0,16.0,49.31666666666667,22,6,1,-0.5000000000000004,0.8660254037844384,501.0,457.6,1.0,1.0769230769230769,0.0,1.2307692307692308
5,2015-02-16 02:57:44,2015-02-16 04:22:50,dd14656b73fce3fc005bc64da1926cc4,american,1,4.0,3345.0,4.0,349.0,1099.0,52.0,49.0,83.0,85.1,2,0,0,0.49999999999999994,0.8660254037844387,750.0,836.25,1.0,0.9245283018867925,3.0,1.5660377358490567
1,2015-02-14 02:23:54,2015-02-14 03:11:46,d2a27e83d429f0dcae6b937cf440aeb1,other,3,4.0,4300.0,3.0,600.0,1600.0,66.0,65.0,94.0,47.86666666666667,2,5,1,0.49999999999999994,0.8660254037844387,1000.0,1075.0,1.3333333333333333,0.9701492537313433,1.0,1.4029850746268657
5,2015-02-03 23:04:29,2015-02-03 23:28:58,b02c1aa1ed3db1bf3ff447e6292aaa3a,dessert,1,2.0,1065.0,2.0,495.0,570.0,19.0,8.0,6.0,24.483333333333334,23,1,0,-0.25881904510252157,0.9659258262890681,75.0,532.5,1.0,0.4,11.0,0.3
5,2015-01-29 20:17:09,2015-01-29 20:51:21,52fe8f09c95a49a4c296c735c32c8678,chinese,5,1.0,875.0,1.0,875.0,875.0,9.0,8.0,9.0,34.2,20,3,0,-0.8660254037844386,0.5000000000000001,0.0,875.0,1.0,0.8,1.0,0.9
4,2015-02-15 02:58:42,2015-02-15 04:07:15,812b4ba287f5ee0bc9d43bbf5bbe87fb,other,3,3.0,2200.0,3.0,450.0,1300.0,100.0,100.0,158.0,68.55,2,6,1,0.49999999999999994,0.8660254037844387,850.0,733.3333333333334,1.0,0.9900990099009901,0.0,1.5643564356435644
4,2015-02-05 20:39:40,2015-02-05 21:20:56,92fb0c6d1758261f10d052e6e2c1123c,indian,2,3.0,1697.0,2.0,249.0,1199.0,55.0,58.0,68.0,41.266666666666666,20,3,0,-0.8660254037844386,0.5000000000000001,950.0,565.6666666666666,1.5,1.0357142857142858,0.0,1.2142857142857142
5,2015-02-16 01:29:34,2015-02-16 02:20:49,52fe8f09c95a49a4c296c735c32c8678,chinese,5,3.0,2875.0,3.0,850.0,1075.0,22.0,22.0,32.0,51.25,1,0,0,0.25881904510252074,0.9659258262890683,225.0,958.3333333333334,1.0,0.9565217391304348,0.0,1.391304347826087
4,2015-02-10 20:07:08,2015-02-10 21:03:43,fc8001f834f6a5f0561080d134d53d29,other,3,1.0,1075.0,1.0,1075.0,1075.0,59.0,60.0,109.0,56.583333333333336,20,1,0,-0.8660254037844386,0.5000000000000001,0.0,1075.0,1.0,1.0,0.0,1.8166666666666667
6,2015-01-25 02:51:34,2015-01-25 03:20:18,af4d3ce5d7a2e6955130f2b2720d0873,mexican,2,2.0,560.0,1.0,280.0,280.0,37.0,34.0,41.0,28.733333333333334,2,6,1,0.49999999999999994,0.8660254037844387,0.0,280.0,2.0,0.8947368421052632,3.0,1.0789473684210527
2,2015-02-11 20:58:54,2015-02-11 21:45:22,faacbcd5bf1d018912c116bf2783e9a1,mexican,5,1.0,799.0,1.0,799.0,799.0,50.0,51.0,76.0,46.46666666666667,20,2,0,-0.8660254037844386,0.5000000000000001,0.0,799.0,1.0,1.0,0.0,1.4901960784313726
2,2015-02-03 04:33:52,2015-02-03 05:13:12,0d73a25092e5c1c9769a9f3255caa65a,dessert,1,3.0,4840.0,3.0,1195.0,1850.0,66.0,67.0,114.0,39.333333333333336,4,1,0,0.8660254037844386,0.5000000000000001,655.0,1613.3333333333333,1.0,1.0,0.0,1.7014925373134329
5,2015-02-04 03:26:37,2015-02-04 05:01:50,0a7d7a81e8e3a20e4c34748e98ef45f6,pizza,1,1.0,3397.0,1.0,1749.0,1805.0,50.0,30.0,33.0,95.21666666666667,3,2,0,0.7071067811865475,0.7071067811865476,56.0,3397.0,1.0,0.5882352941176471,20.0,0.6470588235294118
5,2015-02-11 02:10:19,2015-02-11 03:18:20,e2f69d4be0295d46325a2ff1b925faf2,american,4,2.0,3655.0,2.0,1505.0,2150.0,46.0,31.0,41.0,68.01666666666667,2,2,0,0.49999999999999994,0.8660254037844387,645.0,1827.5,1.0,0.6595744680851063,15.0,0.8723404255319149
4,2015-01-31 02:35:50,2015-01-31 03:44:38,03c6b06952c750899bb03d998e631860,burger,1,3.0,3100.0,3.0,900.0,1100.0,91.0,86.0,167.0,68.8,2,5,1,0.49999999999999994,0.8660254037844387,200.0,1033.3333333333333,1.0,0.9347826086956522,5.0,1.815217391304348
4,2015-02-04 01:27:43,2015-02-04 02:21:18,e165421110ba03099a1c0393373c5b43,burger,5,5.0,2505.0,4.0,249.0,649.0,81.0,75.0,96.0,53.583333333333336,1,2,0,0.25881904510252074,0.9659258262890683,400.0,501.0,1.25,0.9146341463414634,6.0,1.170731707317073
1,2015-01-31 00:31:51,2015-01-31 02:01:11,0ffaca95e3e5242ba1097ad8a9a6e95d,burger,4,3.0,1900.0,2.0,300.0,1300.0,6.0,7.0,11.0,89.33333333333333,0,5,1,0.0,1.0,1000.0,633.3333333333334,1.5,1.0,0.0,1.5714285714285714
4,2015-02-08 01:37:30,2015-02-08 02:18:13,5dae854cd11d11715c91b6ce80f46b7c,other,3,3.0,3925.0,3.0,875.0,1575.0,96.0,66.0,86.0,40.71666666666667,1,6,1,0.25881904510252074,0.9659258262890683,700.0,1308.3333333333333,1.0,0.6804123711340206,30.0,0.8865979381443299
2,2015-02-07 03:29:50,2015-02-07 04:49:30,d6317f80523fdf2a7375da19c9a006b8,american,4,5.0,4180.0,5.0,595.0,1695.0,141.0,129.39499999998952,228.0,79.66666666666667,3,5,1,0.7071067811865475,0.7071067811865476,1100.0,836.0,1.0,0.9112323943661234,11.605000000010477,1.6056338028169015
2,2015-02-14 02:19:28,2015-02-14 04:06:39,485843481a7edacbfce101ecb1e4d2a8,barbecue,1,4.0,3530.0,4.0,395.0,1095.0,141.0,101.0,177.0,107.18333333333334,2,5,1,0.49999999999999994,0.8660254037844387,700.0,882.5,1.0,0.7112676056338029,40.0,1.2464788732394365
5,2015-02-07 02:51:01,2015-02-07 03:50:28,8612c55d2969d1f587bf1c5aaaa32964,chinese,5,2.0,1890.0,2.0,895.0,995.0,52.0,49.0,92.0,59.45,2,5,1,0.49999999999999994,0.8660254037844387,100.0,945.0,1.0,0.9245283018867925,3.0,1.7358490566037736
2,2015-02-08 22:42:34,2015-02-08 23:28:50,2836be05e71a8f34902a6e6b37350134,burger,4,4.0,2346.0,3.0,309.0,729.0,67.0,65.0,68.0,46.266666666666666,22,6,1,-0.5000000000000004,0.8660254037844384,420.0,586.5,1.3333333333333333,0.9558823529411765,2.0,1.0
5,2015-02-11 02:38:43,2015-02-11 03:26:04,8f6f3cfccd9710dbf1eb8335a2d0a7ea,mediterranean,5,2.0,1195.0,2.0,195.0,1000.0,25.0,14.0,22.0,47.35,2,2,0,0.49999999999999994,0.8660254037844387,805.0,597.5,1.0,0.5384615384615384,11.0,0.8461538461538461
4,2015-01-23 01:10:05,2015-01-23 01:54:25,155fa09596c7e18e50b58eb7e0c6ccb4,mediterranean,3,2.0,1850.0,2.0,875.0,875.0,89.0,47.0,69.0,44.333333333333336,1,4,0,0.25881904510252074,0.9659258262890683,0.0,925.0,1.0,0.5222222222222223,42.0,0.7666666666666667
4,2015-02-18 03:11:06,2015-02-18 03:43:39,cbb6a3b884f4f88b3a8e3d44c636cbd8,other,3,1.0,1025.0,1.0,825.0,825.0,59.0,49.0,59.0,32.55,3,2,0,0.7071067811865475,0.7071067811865476,0.0,1025.0,1.0,0.8166666666666667,10.0,0.9833333333333333
1,2015-02-11 21:11:52,2015-02-11 22:17:39,66de6afdfb5fb3c21d0e3b5c3226bf00,sandwich,1,2.0,2500.0,2.0,1100.0,1400.0,4.0,2.0,1.0,65.78333333333333,21,2,0,-0.7071067811865477,0.7071067811865474,300.0,1250.0,1.0,0.4,2.0,0.2
2,2015-01-30 02:22:08,2015-01-30 03:00:08,2f55707d4193dc27118a0f19a1985716,indian,3,2.0,1390.0,1.0,695.0,695.0,56.0,53.0,78.0,38.0,2,4,0,0.49999999999999994,0.8660254037844387,0.0,695.0,2.0,0.9298245614035088,3.0,1.368421052631579
1,2015-01-24 20:42:54,2015-01-24 21:34:53,c348616cd8a86ee661c7c98800678fad,other,4,3.0,2500.0,3.0,495.0,595.0,28.0,21.0,21.0,51.983333333333334,20,5,1,-0.8660254037844386,0.5000000000000001,100.0,833.3333333333334,1.0,0.7241379310344828,7.0,0.7241379310344828
1,2015-02-02 19:27:16,2015-02-02 20:43:27,912d2b1c7b2826caf99687388d2e8f7c,pizza,5,2.0,2694.0,2.0,699.0,1299.0,11.0,14.0,15.0,76.18333333333334,19,0,0,-0.9659258262890684,0.2588190451025203,600.0,1347.0,1.0,1.1666666666666667,0.0,1.25
3,2015-02-11 20:38:26,2015-02-11 21:14:31,0164681a5e7cab55bfaa89e9c524c9f0,sandwich,1,2.0,1598.0,1.0,799.0,799.0,2.0,2.0,0.0,36.083333333333336,20,2,0,-0.8660254037844386,0.5000000000000001,0.0,799.0,2.0,0.6666666666666666,0.0,0.0
5,2015-01-24 01:48:51,2015-01-24 02:47:26,e455b820b9478a022f0ef44cf2f56db4,mediterranean,2,1.0,1044.0,1.0,845.0,845.0,20.0,12.0,17.0,58.583333333333336,1,5,1,0.25881904510252074,0.9659258262890683,0.0,1044.0,1.0,0.5714285714285714,8.0,0.8095238095238095
2,2015-02-07 21:50:37,2015-02-07 22:36:03,fe73f687e5bc5280214e0486b273a5f9,vietnamese,5,2.0,1900.0,1.0,950.0,950.0,60.0,68.0,88.0,45.43333333333333,21,5,1,-0.7071067811865477,0.7071067811865474,0.0,950.0,2.0,1.1147540983606556,0.0,1.4426229508196722
3,2015-02-14 03:04:42,2015-02-14 04:00:16,ef0b9a69f90b1ab0228784ccc7d52136,mexican,3,3.0,2510.0,3.0,395.0,995.0,31.0,31.0,41.0,55.56666666666667,3,5,1,0.7071067811865475,0.7071067811865476,600.0,836.6666666666666,1.0,0.96875,0.0,1.28125
3,2015-01-28 02:09:48,2015-01-28 03:17:48,25b30eed5ea113ce7f09e62d2db55577,other,2,2.0,990.0,2.0,390.0,600.0,2.0,2.0,3.0,68.0,2,2,0,0.49999999999999994,0.8660254037844387,210.0,495.0,1.0,0.6666666666666666,0.0,1.0
3,2015-02-06 01:58:27,2015-02-06 02:40:40,c68c9c8258ea7d85472dd6fd0015f047,other,1,4.0,4230.0,3.0,395.0,1395.0,28.0,29.0,32.0,42.21666666666667,1,4,0,0.25881904510252074,0.9659258262890683,1000.0,1057.5,1.3333333333333333,1.0,0.0,1.103448275862069
4,2015-02-06 03:34:51,2015-02-06 03:57:57,67f7fb873eaf29526a11a9b7ac33bfac,other,3,2.0,2300.0,2.0,200.0,2100.0,125.0,89.0,130.0,23.1,3,4,0,0.7071067811865475,0.7071067811865476,1900.0,1150.0,1.0,0.7063492063492064,36.0,1.0317460317460319
4,2015-02-09 01:24:30,2015-02-09 02:30:14,51ef186e18dc00c2d31982567235c559,pizza,3,5.0,3065.0,5.0,250.0,845.0,45.0,41.0,58.0,65.73333333333333,1,0,0,0.25881904510252074,0.9659258262890683,595.0,613.0,1.0,0.8913043478260869,4.0,1.2608695652173914
3,2015-02-15 03:06:07,2015-02-15 03:54:18,56584778d5a8ab88d6393cc4cd11e090,mexican,3,3.0,1785.0,2.0,395.0,695.0,52.0,51.0,59.0,48.18333333333333,3,6,1,0.7071067811865475,0.7071067811865476,300.0,595.0,1.5,0.9622641509433962,1.0,1.1132075471698113
4,2015-01-29 19:57:09,2015-01-29 20:50:31,5b69b9cb83065d403869739ae7f0995e,thai,3,6.0,3980.0,5.0,150.0,995.0,71.0,71.0,80.0,53.36666666666667,19,3,0,-0.9659258262890684,0.2588190451025203,845.0,663.3333333333334,1.2,0.9861111111111112,0.0,1.1111111111111112
6,2015-02-02 03:11:36,2015-02-02 04:32:19,a7f3d45a6782bc654321c0a9bc92ca66,unknown,5,4.0,2580.0,1.0,645.0,645.0,37.0,34.0,41.0,80.71666666666667,3,0,0,0.7071067811865475,0.7071067811865476,0.0,645.0,4.0,0.8947368421052632,3.0,1.0789473684210527
2,2015-02-16 03:42:32,2015-02-16 04:31:04,f5c3dd7514bf620a1b85450d2ae374b1,burger,1,6.0,2854.0,4.0,329.0,545.0,133.0,129.0,200.0,48.53333333333333,3,0,0,0.7071067811865475,0.7071067811865476,216.0,475.6666666666667,1.5,0.9626865671641791,4.0,1.492537313432836
4,2015-02-01 22:03:29,2015-02-01 22:30:40,d30960ce77e83d896503d43ba249caf7,sandwich,3,4.0,1846.0,3.0,149.0,799.0,28.0,28.0,39.0,27.183333333333334,22,6,1,-0.5000000000000004,0.8660254037844384,650.0,461.5,1.3333333333333333,0.9655172413793104,0.0,1.3448275862068966
3,2015-01-31 19:38:50,2015-01-31 20:17:37,621c090c3a61c6809130675a63897a0f,other,1,2.0,2195.0,2.0,900.0,1295.0,12.0,13.0,16.0,38.78333333333333,19,5,1,-0.9659258262890684,0.2588190451025203,395.0,1097.5,1.0,1.0,0.0,1.2307692307692308
2,2015-02-15 04:57:09,2015-02-15 05:50:57,9dfcd5e558dfa04aaf37f137a1d9d3e5,mexican,1,2.0,1860.0,2.0,810.0,1050.0,44.0,44.0,66.0,53.8,4,6,1,0.8660254037844386,0.5000000000000001,240.0,930.0,1.0,0.9777777777777777,0.0,1.4666666666666666
5,2015-01-30 03:23:49,2015-01-30 04:01:41,09a8a8976abcdfdee15128b4cc02f33a,other,1,2.0,2300.0,2.0,1150.0,1150.0,28.0,16.0,26.0,37.86666666666667,3,4,0,0.7071067811865475,0.7071067811865476,0.0,1150.0,1.0,0.5517241379310345,12.0,0.896551724137931
1,2015-01-24 19:33:00,2015-01-24 20:00:36,b4fda13184e80a58eb1388a0847dfbd5,breakfast,5,2.0,2290.0,2.0,895.0,995.0,13.0,6.0,6.0,27.6,19,5,1,-0.9659258262890684,0.2588190451025203,100.0,1145.0,1.0,0.42857142857142855,7.0,0.42857142857142855
1,2015-02-03 01:56:12,2015-02-03 02:50:46,293c3b96edea6588bc4b9415c3be4e66,italian,4,1.0,1505.0,1.0,1505.0,1505.0,41.0,33.0,58.0,54.56666666666667,1,1,0,0.25881904510252074,0.9659258262890683,0.0,1505.0,1.0,0.7857142857142857,8.0,1.380952380952381
4,2015-01-30 02:37:04,2015-01-30 03:21:09,b4568df26077653eeadf29596708c94b,chinese,1,5.0,4407.0,5.0,486.0,1130.0,128.0,119.0,191.0,44.083333333333336,2,4,0,0.49999999999999994,0.8660254037844387,644.0,881.4,1.0,0.9224806201550387,9.0,1.4806201550387597
4,2015-01-22 01:50:43,2015-01-22 02:49:39,298f95e1bf9136124592c8d4825a06fc,pizza,3,4.0,5506.0,3.0,1079.0,1429.0,62.0,71.0,76.0,58.93333333333333,1,3,0,0.25881904510252074,0.9659258262890683,350.0,1376.5,1.3333333333333333,1.126984126984127,0.0,1.2063492063492063
1,2015-01-22 21:22:04,2015-01-22 21:45:55,c5fe17b7a8d023ade2bbb05e574eef78,mediterranean,5,1.0,1820.0,1.0,1795.0,1795.0,26.0,16.0,15.0,23.85,21,3,0,-0.7071067811865477,0.7071067811865474,0.0,1820.0,1.0,0.5925925925925926,10.0,0.5555555555555556
5,2015-02-03 03:14:14,2015-02-03 04:11:56,fa99ccdbea597263a88f27075bd6eb49,pizza,3,1.0,1499.0,1.0,1299.0,1299.0,50.0,44.0,70.0,57.7,3,1,0,0.7071067811865475,0.7071067811865476,0.0,1499.0,1.0,0.8627450980392157,6.0,1.3725490196078431
2,2015-02-15 22:10:25,2015-02-15 22:48:43,d5ff135377d39f1de7372c95c74dd962,burger,1,2.0,2390.0,1.0,1195.0,1195.0,46.0,44.0,54.0,38.3,22,6,1,-0.5000000000000004,0.8660254037844384,0.0,1195.0,2.0,0.9361702127659575,2.0,1.148936170212766
2,2015-02-15 15:46:05,2015-02-15 16:15:43,f15d337c70078947cfe1b5d6f0ed3f13,dessert,5,2.0,2300.0,2.0,1150.0,1150.0,6.0,6.0,7.0,29.633333333333333,15,6,1,-0.7071067811865471,-0.7071067811865479,0.0,1150.0,1.0,0.8571428571428571,0.0,1.0
6,2015-02-02 21:35:03,2015-02-02 22:20:28,8e9cd83f2adcf2a064c2b35d3564e075,indian,3,5.0,3135.0,4.0,325.0,1095.0,37.0,34.0,41.0,45.416666666666664,21,0,0,-0.7071067811865477,0.7071067811865474,770.0,627.0,1.25,0.8947368421052632,3.0,1.0789473684210527
3,2015-02-13 03:27:58,2015-02-13 04:08:25,38087d90fe0083a5d17fef54ed2b3220,chinese,1,2.0,1500.0,2.0,700.0,800.0,37.0,34.0,41.0,40.45,3,4,0,0.7071067811865475,0.7071067811865476,100.0,750.0,1.0,0.8947368421052632,3.0,1.0789473684210527
3,2015-02-05 02:44:48,2015-02-05 04:02:35,b3d299cba3d27f7e8bb7818c4b421f9d,sandwich,2,1.0,1045.0,1.0,1045.0,1045.0,45.0,47.0,50.0,77.78333333333333,2,3,0,0.49999999999999994,0.8660254037844387,0.0,1045.0,1.0,1.0217391304347827,0.0,1.0869565217391304
2,2015-01-25 03:39:19,2015-01-25 04:21:56,48db71587df6c7c442e5b76cc723169a,other,3,1.0,1095.0,1.0,1095.0,1095.0,92.0,107.0,167.0,42.61666666666667,3,6,1,0.7071067811865475,0.7071067811865476,0.0,1095.0,1.0,1.1505376344086022,0.0,1.7956989247311828
4,2015-01-25 04:04:47,2015-01-25 05:07:09,84f7e69969dea92a925508f7c1f9579a,italian,3,2.0,1895.0,2.0,300.0,1595.0,47.0,67.0,85.0,62.36666666666667,4,6,1,0.8660254037844386,0.5000000000000001,1295.0,947.5,1.0,1.3958333333333333,0.0,1.7708333333333333
4,2015-01-21 22:55:17,2015-01-21 23:33:08,298f95e1bf9136124592c8d4825a06fc,american,1,5.0,4865.0,4.0,549.0,1699.0,22.0,5.0,5.0,37.85,22,2,0,-0.5000000000000004,0.8660254037844384,1150.0,973.0,1.25,0.21739130434782608,17.0,0.21739130434782608
5,2015-02-10 03:20:20,2015-02-10 03:48:03,d6b5b6924f7f8118104cd3e3921deeac,pizza,3,1.0,2280.0,1.0,1080.0,1080.0,26.0,18.0,28.0,27.716666666666665,3,1,0,0.7071067811865475,0.7071067811865476,0.0,2280.0,1.0,0.6666666666666666,8.0,1.037037037037037
4,2015-02-03 04:23:34,2015-02-03 06:32:22,9e3cfc48eccf81a0d57663e129aef3cb,vietnamese,4,3.0,3640.0,3.0,795.0,1495.0,32.0,37.0,51.0,128.8,4,1,0,0.8660254037844386,0.5000000000000001,700.0,1213.3333333333333,1.0,1.121212121212121,0.0,1.5454545454545454
4,2015-01-23 02:50:14,2015-01-23 04:02:46,090793f7ac0ed3232628dbbcef5f9928,indian,3,12.0,6588.0,7.0,199.0,1399.0,10.0,11.0,22.0,72.53333333333333,2,4,0,0.49999999999999994,0.8660254037844387,1200.0,549.0,1.7142857142857142,1.0,0.0,2.0
6,2015-02-15 20:51:14,2015-02-15 21:30:34,ec1c59141046cd1866bbbcdfb6ae31d4,american,1,2.0,3058.0,2.0,1408.0,1450.0,37.0,34.0,41.0,39.333333333333336,20,6,1,-0.8660254037844386,0.5000000000000001,42.0,1529.0,1.0,0.8947368421052632,3.0,1.0789473684210527
1,2015-02-08 22:09:29,2015-02-08 22:29:35,b6090cd636e93a4a4574e97002734900,mexican,5,2.0,650.0,2.0,125.0,525.0,25.0,20.0,20.0,20.1,22,6,1,-0.5000000000000004,0.8660254037844384,400.0,325.0,1.0,0.7692307692307693,5.0,0.7692307692307693
4,2015-02-17 03:24:27,2015-02-17 03:59:06,07e1cd7dca89a1678042477183b7ac3f,burger,5,3.0,4500.0,1.0,1300.0,1300.0,90.0,56.0,115.0,34.65,3,1,0,0.7071067811865475,0.7071067811865476,0.0,1500.0,3.0,0.6153846153846154,34.0,1.2637362637362637
6,2015-02-03 02:55:04,2015-02-03 04:13:42,214cfbe603b7f9f9bc005d5f53f7a1d3,burger,5,3.0,4300.0,3.0,400.0,1300.0,37.0,34.0,41.0,78.63333333333334,2,1,0,0.49999999999999994,0.8660254037844387,900.0,1433.3333333333333,1.0,0.8947368421052632,3.0,1.0789473684210527
4,2015-02-05 03:20:44,2015-02-05 04:17:48,9a8f0030ad1618cfb965b48634eecdad,fast,4,2.0,1075.0,2.0,271.0,751.0,87.0,85.0,155.0,57.06666666666667,3,3,0,0.7071067811865475,0.7071067811865476,480.0,537.5,1.0,0.9659090909090909,2.0,1.7613636363636365
4,2015-02-11 03:07:05,2015-02-11 03:57:12,3e89ebdb49f712c7d90d1b39e348bbbf,italian,5,2.0,3300.0,2.0,1200.0,1500.0,98.0,97.0,179.0,50.11666666666667,3,2,0,0.7071067811865475,0.7071067811865476,300.0,1650.0,1.0,0.9797979797979798,1.0,1.8080808080808082
4,2015-02-07 19:58:44,2015-02-07 20:33:56,13fe9d84310e77f13a6d184dbf1232f3,pizza,3,3.0,3000.0,3.0,800.0,1200.0,46.0,46.0,59.0,35.2,19,5,1,-0.9659258262890684,0.2588190451025203,400.0,1000.0,1.0,0.9787234042553191,0.0,1.2553191489361701
1,2015-01-24 23:30:30,2015-01-25 00:22:23,60b2149f6bafd1cc9d505496f09160ba,burger,4,4.0,3244.0,2.0,599.0,622.0,13.0,17.0,30.0,51.88333333333333,23,5,1,-0.25881904510252157,0.9659258262890681,23.0,811.0,2.0,1.2142857142857142,0.0,2.142857142857143
3,2015-02-04 02:07:24,2015-02-04 02:46:59,ed2357bbbd318d584d579d024d9fd808,vietnamese,1,5.0,5475.0,5.0,765.0,1445.0,16.0,16.0,17.0,39.583333333333336,2,2,0,0.49999999999999994,0.8660254037844387,680.0,1095.0,1.0,0.9411764705882353,0.0,1.0
4,2015-02-11 02:31:36,2015-02-11 03:12:54,155fa09596c7e18e50b58eb7e0c6ccb4,mediterranean,3,4.0,2420.0,4.0,100.0,1095.0,87.0,81.0,123.0,41.3,2,2,0,0.49999999999999994,0.8660254037844387,995.0,605.0,1.0,0.9204545454545454,6.0,1.3977272727272727
2,2015-01-27 16:19:34,2015-01-27 16:53:15,5b8e4fd39d9786228649a8a8bec4e008,other,2,4.0,3296.0,2.0,549.0,1099.0,5.0,3.0,4.0,33.68333333333333,16,1,0,-0.8660254037844384,-0.5000000000000004,550.0,824.0,2.0,0.5,2.0,0.6666666666666666
1,2015-02-06 04:16:35,2015-02-06 04:49:05,fcf1d8d2f36c0cde8eca4b86a8fe1df8,pizza,1,2.0,3087.0,1.0,871.0,767.0,14.0,10.0,23.0,32.5,4,4,0,0.8660254037844386,0.5000000000000001,-104.0,1543.5,2.0,0.6666666666666666,4.0,1.5333333333333334
2,2015-01-27 21:53:08,2015-01-27 22:24:01,f5c3dd7514bf620a1b85450d2ae374b1,burger,2,2.0,984.0,2.0,435.0,549.0,41.0,36.0,36.0,30.883333333333333,21,1,0,-0.7071067811865477,0.7071067811865474,114.0,492.0,1.0,0.8571428571428571,5.0,0.8571428571428571
1,2015-02-01 03:41:03,2015-02-01 04:26:20,17e23e50bedc63b4095e3d8204ce063b,italian,3,4.0,9080.0,4.0,1695.0,2895.0,58.0,59.0,79.0,45.28333333333333,3,6,1,0.7071067811865475,0.7071067811865476,1200.0,2270.0,1.0,1.0,0.0,1.3389830508474576
3,2015-02-15 00:05:18,2015-02-15 00:48:02,7836009139c4eb3d39d4d31978994c2a,burger,4,4.0,2996.0,3.0,579.0,879.0,21.0,19.0,17.0,42.733333333333334,0,6,1,0.0,1.0,300.0,749.0,1.3333333333333333,0.8636363636363636,2.0,0.7727272727272727
4,2015-02-12 02:22:34,2015-02-12 03:14:14,f023559c6d59c04e3804209f573dbff9,chinese,4,2.0,1652.0,2.0,710.0,942.0,100.0,97.0,130.0,51.666666666666664,2,3,0,0.49999999999999994,0.8660254037844387,232.0,826.0,1.0,0.9603960396039604,3.0,1.2871287128712872
5,2015-02-09 00:58:25,2015-02-09 01:48:38,293c3b96edea6588bc4b9415c3be4e66,american,4,5.0,8340.0,3.0,1505.0,1930.0,27.0,25.0,29.0,50.21666666666667,0,0,0,0.0,1.0,425.0,1668.0,1.6666666666666667,0.8928571428571429,2.0,1.0357142857142858
5,2015-02-09 04:40:45,2015-02-09 04:58:15,5d30bcf869345f05cd068d4ff8267a48,dessert,4,1.0,399.0,1.0,329.0,329.0,18.0,16.0,18.0,17.5,4,0,0,0.8660254037844386,0.5000000000000001,0.0,399.0,1.0,0.8421052631578947,2.0,0.9473684210526315
2,2015-01-27 22:06:53,2015-01-27 22:45:21,7f16109f1619fd7a733daf5a84c708c1,burger,5,6.0,3475.0,6.0,275.0,1100.0,35.0,28.0,30.0,38.46666666666667,22,1,0,-0.5000000000000004,0.8660254037844384,825.0,579.1666666666666,1.0,0.7777777777777778,7.0,0.8333333333333334
2,2015-01-28 20:08:11,2015-01-28 20:41:14,faa9afea49ef2ff029a833cccc778fd0,italian,3,3.0,4000.0,3.0,900.0,1600.0,38.0,40.0,52.0,33.05,20,2,0,-0.8660254037844386,0.5000000000000001,700.0,1333.3333333333333,1.0,1.0256410256410255,0.0,1.3333333333333333
2,2015-02-07 01:48:11,2015-02-07 02:25:12,3765802a807628e3ece9dbd30ca00a21,american,3,5.0,4194.0,4.0,299.0,1299.0,127.0,57.0,117.0,37.016666666666666,1,5,1,0.25881904510252074,0.9659258262890683,1000.0,838.8,1.25,0.4453125,70.0,0.9140625
2,2015-02-07 04:06:02,2015-02-07 05:05:36,51f15efdd170e6043fa02a74882f0470,thai,3,3.0,2897.0,3.0,699.0,1199.0,73.0,89.0,121.0,59.56666666666667,4,5,1,0.8660254037844386,0.5000000000000001,500.0,965.6666666666666,1.0,1.2027027027027026,0.0,1.635135135135135
1,2015-01-27 02:40:50,2015-01-27 03:13:06,09676fac73eda6cac726c43e43e86c58,mediterranean,3,3.0,2087.0,3.0,145.0,1143.0,16.0,13.0,13.0,32.266666666666666,2,1,0,0.49999999999999994,0.8660254037844387,998.0,695.6666666666666,1.0,0.7647058823529411,3.0,0.7647058823529411
1,2015-02-05 01:46:15,2015-02-05 03:34:29,6efd23ca96571c0b369cf7286650e9b8,sandwich,1,4.0,4345.0,4.0,550.0,1550.0,17.0,17.0,26.0,108.23333333333333,1,3,0,0.25881904510252074,0.9659258262890683,1000.0,1086.25,1.0,0.9444444444444444,0.0,1.4444444444444444
3,2015-02-15 00:53:10,2015-02-15 01:27:18,b88e569b3666ccbc8e6dfcb5671c9cca,american,5,4.0,1496.0,4.0,69.0,1209.0,3.0,3.0,3.0,34.13333333333333,0,6,1,0.0,1.0,1140.0,374.0,1.0,0.75,0.0,0.75
6,2015-01-27 23:30:30,2015-01-28 00:34:58,25766f01628f3d34b93a36a2301dffc9,greek,2,1.0,1200.0,1.0,1200.0,1200.0,37.0,34.0,41.0,64.46666666666667,23,1,0,-0.25881904510252157,0.9659258262890681,0.0,1200.0,1.0,0.8947368421052632,3.0,1.0789473684210527
4,2015-01-24 02:04:32,2015-01-24 02:53:00,24699bced4aeb7cf8d33b0319c4a5c98,other,2,2.0,958.0,2.0,355.0,355.0,74.0,34.0,54.0,48.46666666666667,2,5,1,0.49999999999999994,0.8660254037844387,0.0,479.0,1.0,0.4533333333333333,40.0,0.72
4,2015-01-22 03:52:35,2015-01-22 04:43:43,6eb6e75fddec0218351dc5c0c8464104,other,3,2.0,2500.0,2.0,1200.0,1300.0,89.0,64.0,102.0,51.13333333333333,3,3,0,0.7071067811865475,0.7071067811865476,100.0,1250.0,1.0,0.7111111111111111,25.0,1.1333333333333333
1,2015-02-07 16:43:49,2015-02-07 17:27:47,bcc0d400288793e8bdcd7c19a8ac0c2b,breakfast,1,4.0,1770.0,4.0,275.0,895.0,2.0,2.0,5.0,43.96666666666667,16,5,1,-0.8660254037844384,-0.5000000000000004,620.0,442.5,1.0,0.6666666666666666,0.0,1.6666666666666667
2,2015-02-17 22:39:42,2015-02-17 23:19:52,3ad7c2ebb96fcba7cda0cf54a2e802f5,other,5,1.0,1195.0,1.0,1195.0,1195.0,17.0,17.0,22.0,40.166666666666664,22,1,0,-0.5000000000000004,0.8660254037844384,0.0,1195.0,1.0,0.9444444444444444,0.0,1.2222222222222223
2,2015-02-01 20:53:12,2015-02-01 21:34:07,26b58a41da329e0cbde0cbf956640a58,mexican,1,2.0,1698.0,2.0,799.0,899.0,60.0,60.0,92.0,40.916666666666664,20,6,1,-0.8660254037844386,0.5000000000000001,100.0,849.0,1.0,0.9836065573770492,0.0,1.5081967213114753
2,2015-01-29 01:29:06,2015-01-29 02:13:33,63f2376b07a18fdca7e3553b052e2eab,japanese,3,3.0,4575.0,2.0,800.0,800.0,37.0,33.0,35.0,44.45,1,3,0,0.25881904510252074,0.9659258262890683,0.0,1525.0,1.5,0.868421052631579,4.0,0.9210526315789473
3,2015-02-01 04:52:09,2015-02-01 05:37:33,af1b5754061ebbd4412adfb34c8d3534,american,1,2.0,3330.0,1.0,1665.0,1665.0,20.0,22.0,22.0,45.4,4,6,1,0.8660254037844386,0.5000000000000001,0.0,1665.0,2.0,1.0476190476190477,0.0,1.0476190476190477
3,2015-01-28 21:10:46,2015-01-28 21:54:18,e13748298cfb23c19fdfd134a2221e7b,burger,4,4.0,1545.0,4.0,235.0,590.0,7.0,4.0,4.0,43.53333333333333,21,2,0,-0.7071067811865477,0.7071067811865474,355.0,386.25,1.0,0.5,3.0,0.5
2,2015-02-18 03:02:42,2015-02-18 03:30:29,d43ab110ab2489d6b9b2caa394bf920f,mexican,5,1.0,699.0,1.0,699.0,699.0,103.0,87.0,110.0,27.783333333333335,3,2,0,0.7071067811865475,0.7071067811865476,0.0,699.0,1.0,0.8365384615384616,16.0,1.0576923076923077
4,2015-02-13 22:28:54,2015-02-13 23:02:38,02e74f10e0327ad868d138f2b4fdd6f0,thai,5,3.0,2220.0,3.0,375.0,950.0,36.0,26.0,31.0,33.733333333333334,22,4,0,-0.5000000000000004,0.8660254037844384,575.0,740.0,1.0,0.7027027027027027,10.0,0.8378378378378378
3,2015-02-16 02:20:48,2015-02-16 03:15:07,30a0b73609456022ae729282fd9753d4,thai,2,1.0,1095.0,1.0,1095.0,1095.0,22.0,22.0,21.0,54.31666666666667,2,0,0,0.49999999999999994,0.8660254037844387,0.0,1095.0,1.0,0.9565217391304348,0.0,0.9130434782608695
3,2015-01-27 03:56:32,2015-01-27 04:39:32,87ae6fb631f7c8a627e8e28785d9992d,american,1,4.0,5555.0,3.0,1050.0,1625.0,37.0,34.0,41.0,43.0,3,1,0,0.7071067811865475,0.7071067811865476,575.0,1388.75,1.3333333333333333,0.8947368421052632,3.0,1.0789473684210527
4,2015-02-13 02:26:13,2015-02-13 03:26:19,7818354194c4feae57304abadc2c437c,japanese,3,6.0,5145.0,6.0,500.0,1395.0,9.0,9.0,19.0,60.1,2,4,0,0.49999999999999994,0.8660254037844387,895.0,857.5,1.0,0.9,0.0,1.9
3,2015-01-26 23:37:58,2015-01-27 00:28:18,7ec12aa91918c9b6e577c1ae18a0a34b,other,1,2.0,2699.0,2.0,475.0,1699.0,9.0,10.0,7.0,50.333333333333336,23,0,0,-0.25881904510252157,0.9659258262890681,1224.0,1349.5,1.0,1.0,0.0,0.7
2,2015-01-28 04:21:57,2015-01-28 04:58:32,46a558d97954d0692411c861cf78ef79,dessert,5,2.0,1080.0,1.0,395.0,395.0,61.0,65.0,86.0,36.583333333333336,4,2,0,0.8660254037844386,0.5000000000000001,0.0,540.0,2.0,1.0483870967741935,0.0,1.3870967741935485
5,2015-01-25 02:48:11,2015-01-25 03:49:35,89d9c467c2926de8ef12d1f3e006d06b,other,1,4.0,4177.0,4.0,203.0,2151.0,20.0,32.0,24.0,61.4,2,6,1,0.49999999999999994,0.8660254037844387,1948.0,1044.25,1.0,1.5238095238095237,0.0,1.1428571428571428
3,2015-02-13 23:59:46,2015-02-14 00:34:47,875b8cca55760b985b02c1b9d7fac606,other,3,1.0,765.0,1.0,640.0,640.0,0.0,0.0,0.0,35.016666666666666,23,4,0,-0.25881904510252157,0.9659258262890681,0.0,765.0,1.0,0.0,0.0,0.0
3,2015-02-04 02:09:17,2015-02-04 02:40:31,74dbd1111727a31a2b825d615d80b2e7,mexican,1,3.0,3027.0,3.0,929.0,1099.0,16.0,16.0,17.0,31.233333333333334,2,2,0,0.49999999999999994,0.8660254037844387,170.0,1009.0,1.0,0.9411764705882353,0.0,1.0
2,2015-02-07 23:08:13,2015-02-07 23:44:44,b73ce398c39f506af761d2277d853a92,sandwich,1,3.0,1360.0,3.0,185.0,875.0,44.0,43.0,52.0,36.516666666666666,23,5,1,-0.25881904510252157,0.9659258262890681,690.0,453.3333333333333,1.0,0.9555555555555556,1.0,1.1555555555555554
4,2015-01-25 02:36:23,2015-01-25 04:15:26,0609154fa35b3194026346c9cac2a248,american,1,3.0,3397.0,2.0,299.0,2399.0,58.0,77.0,101.0,99.05,2,6,1,0.49999999999999994,0.8660254037844387,2100.0,1132.3333333333333,1.5,1.305084745762712,0.0,1.7118644067796611
2,2015-01-25 01:10:43,2015-01-25 01:49:52,a4a042cf4fd6bfb47701cbc8a1653ada,other,1,3.0,2885.0,3.0,895.0,1095.0,65.0,74.0,97.0,39.15,1,6,1,0.25881904510252074,0.9659258262890683,200.0,961.6666666666666,1.0,1.121212121212121,0.0,1.4696969696969697
2,2015-01-31 03:38:59,2015-01-31 04:43:42,06138bc5af6023646ede0e1f7c1eac75,italian,1,1.0,3700.0,1.0,3000.0,3699.0,98.0,102.0,189.0,64.71666666666667,3,5,1,0.7071067811865475,0.7071067811865476,699.0,3700.0,1.0,1.0303030303030303,0.0,1.9090909090909092
4,2015-02-08 01:42:38,2015-02-08 02:28:58,73e0f7487b8e5297182c5a711d20bf26,indian,3,5.0,4400.0,5.0,300.0,1600.0,60.0,55.0,67.0,46.333333333333336,1,6,1,0.25881904510252074,0.9659258262890683,1300.0,880.0,1.0,0.9016393442622951,5.0,1.098360655737705
2,2015-02-05 21:22:18,2015-02-05 22:01:27,eedc6ed006e6f49a7010013cc1fd8a3f,sandwich,3,3.0,2057.0,3.0,429.0,849.0,34.0,33.0,34.0,39.15,21,3,0,-0.7071067811865477,0.7071067811865474,420.0,685.6666666666666,1.0,0.9428571428571428,1.0,0.9714285714285714
4,2015-02-11 04:31:10,2015-02-11 05:11:15,1ff8a7b5dc7a7d1f0ed65aaa29c04b1e,burger,5,2.0,3432.0,1.0,1752.0,1935.0,74.0,70.0,73.0,40.083333333333336,4,2,0,0.8660254037844386,0.5000000000000001,183.0,1716.0,2.0,0.9333333333333333,4.0,0.9733333333333334
1,2015-01-21 19:52:15,2015-01-21 20:56:24,f1a83118e2c5697f6679b2ce354e7f8d,mexican,2,4.0,3690.0,4.0,285.0,1299.0,11.0,10.0,15.0,64.15,19,2,0,-0.9659258262890684,0.2588190451025203,1014.0,922.5,1.0,0.8333333333333334,1.0,1.25
6,2015-02-14 04:24:58,2015-02-14 05:17:12,73b0224bc6bcf2334b92e18bf15ef7e9,other,2,2.0,2764.0,2.0,995.0,1852.0,37.0,34.0,41.0,52.233333333333334,4,5,1,0.8660254037844386,0.5000000000000001,857.0,1382.0,1.0,0.8947368421052632,3.0,1.0789473684210527
2,2015-01-30 04:20:15,2015-01-30 04:38:00,c56a022b15250525f8b9bdfc41a13152,mexican,2,7.0,3945.0,6.0,355.0,745.0,86.0,85.0,95.0,17.75,4,4,0,0.8660254037844386,0.5000000000000001,390.0,563.5714285714286,1.1666666666666667,0.9770114942528736,1.0,1.0919540229885059
4,2015-01-28 19:59:55,2015-01-28 20:27:15,2a084e55c87b1ebcdaad1f62fdbbac8e,other,3,1.0,1500.0,1.0,1500.0,1500.0,32.0,33.0,47.0,27.333333333333332,19,2,0,-0.9659258262890684,0.2588190451025203,0.0,1500.0,1.0,1.0,0.0,1.4242424242424243
3,2015-02-17 01:29:18,2015-02-17 02:43:13,b4572f47b7c69e27b8e46646d9579e67,burger,1,3.0,2613.0,2.0,499.0,629.0,13.0,12.0,14.0,73.91666666666667,1,1,0,0.25881904510252074,0.9659258262890683,130.0,871.0,1.5,0.8571428571428571,1.0,1.0
3,2015-01-22 22:37:16,2015-01-22 23:11:45,e6acf4b0f69f6f6e60e9a815938aa1ff,pizza,3,1.0,1095.0,1.0,1095.0,1095.0,23.0,6.0,6.0,34.483333333333334,22,3,0,-0.5000000000000004,0.8660254037844384,0.0,1095.0,1.0,0.25,17.0,0.25
1,2015-02-01 01:19:33,2015-02-01 02:02:41,9246444d94f081e3549803b928260f56,burger,1,3.0,3375.0,3.0,700.0,1425.0,29.0,29.0,30.0,43.13333333333333,1,6,1,0.25881904510252074,0.9659258262890683,725.0,1125.0,1.0,0.9666666666666667,0.0,1.0
6,2015-02-16 00:26:11,2015-02-16 01:01:08,2adee8815dd939548ee6b2772524b6f2,japanese,3,5.0,2700.0,5.0,400.0,700.0,37.0,34.0,41.0,34.95,0,0,0,0.0,1.0,300.0,540.0,1.0,0.8947368421052632,3.0,1.0789473684210527
4,2015-02-05 05:54:23,2015-02-05 06:38:10,dc5689792e08eb2e219dce49e64c885b,mediterranean,2,2.0,2285.0,2.0,1050.0,1150.0,17.0,22.0,35.0,43.78333333333333,5,3,0,0.9659258262890683,0.25881904510252074,100.0,1142.5,1.0,1.2222222222222223,0.0,1.9444444444444444
6,2015-02-14 06:19:47,2015-02-14 07:12:45,5735c3a7aa6ffcfe6ab123835584db75,pizza,2,1.0,970.0,1.0,570.0,570.0,37.0,34.0,41.0,52.96666666666667,6,5,1,1.0,6.123233995736766e-17,0.0,970.0,1.0,0.8947368421052632,3.0,1.0789473684210527
4,2015-02-11 00:38:52,2015-02-11 01:38:58,69d1fc78dbda242c43ad6590368912d4,other,3,8.0,7400.0,7.0,700.0,1300.0,26.0,19.0,17.0,60.1,0,2,0,0.0,1.0,600.0,925.0,1.1428571428571428,0.7037037037037037,7.0,0.6296296296296297
3,2015-02-09 02:55:30,2015-02-09 03:43:41,a0def054ef84ac2784ea52baee05d95f,mexican,2,1.0,2599.0,1.0,2599.0,2599.0,27.0,29.0,29.0,48.18333333333333,2,0,0,0.49999999999999994,0.8660254037844387,0.0,2599.0,1.0,1.0357142857142858,0.0,1.0357142857142858
4,2015-02-18 03:21:54,2015-02-18 03:56:44,542907b161d7afd16500fb0b7dac5329,chinese,2,2.0,2520.0,2.0,950.0,1275.0,54.0,35.0,54.0,34.833333333333336,3,2,0,0.7071067811865475,0.7071067811865476,325.0,1260.0,1.0,0.6363636363636364,19.0,0.9818181818181818
2,2015-01-21 19:45:40,2015-01-21 20:42:39,0e7e05fa1026b0c5459267608ae320b8,mexican,1,4.0,4340.0,3.0,785.0,1250.0,36.0,36.0,54.0,56.983333333333334,19,2,0,-0.9659258262890684,0.2588190451025203,465.0,1085.0,1.3333333333333333,0.972972972972973,0.0,1.4594594594594594
5,2015-02-09 01:29:54,2015-02-09 02:21:39,123f7670babac5a92883d9a7afb4262e,indian,2,3.0,2700.0,3.0,600.0,1050.0,20.0,18.0,20.0,51.75,1,0,0,0.25881904510252074,0.9659258262890683,450.0,900.0,1.0,0.8571428571428571,2.0,0.9523809523809523
6,2015-02-16 02:16:01,2015-02-16 03:10:52,c900fe92840c527a0c54f28640c2f254,other,3,5.0,7400.0,4.0,1400.0,1600.0,37.0,34.0,41.0,54.85,2,0,0,0.49999999999999994,0.8660254037844387,200.0,1480.0,1.25,0.8947368421052632,3.0,1.0789473684210527
2,2015-02-11 02:28:31,2015-02-11 03:14:48,819f46e52c25763a55cc642422644317,other,3,7.0,5175.0,5.0,200.0,1295.0,75.0,61.0,112.0,46.28333333333333,2,2,0,0.49999999999999994,0.8660254037844387,1095.0,739.2857142857143,1.4,0.8026315789473685,14.0,1.4736842105263157
4,2015-02-10 01:43:17,2015-02-10 02:45:20,9b70e8fe62e40c570a322f1b0b659098,other,4,6.0,3615.0,5.0,250.0,1325.0,75.0,67.0,92.0,62.05,1,1,0,0.25881904510252074,0.9659258262890683,1075.0,602.5,1.2,0.881578947368421,8.0,1.2105263157894737
3,2015-02-15 01:41:53,2015-02-15 02:20:32,09a5e2a11bea20817477e0b1dfe2cc21,pizza,5,2.0,2600.0,1.0,1300.0,1300.0,50.0,42.0,46.0,38.65,1,6,1,0.25881904510252074,0.9659258262890683,0.0,1300.0,2.0,0.8235294117647058,8.0,0.9019607843137255
4,2015-02-09 19:52:15,2015-02-09 20:44:48,dc6a6489640ca02b0d42dabeb8e46bb7,japanese,3,6.0,3725.0,5.0,495.0,895.0,53.0,52.0,82.0,52.55,19,0,0,-0.9659258262890684,0.2588190451025203,400.0,620.8333333333334,1.2,0.9629629629629629,1.0,1.5185185185185186
4,2015-02-02 01:34:58,2015-02-02 02:25:11,28dd2c7955ce926456240b2ff0100bde,japanese,2,4.0,2728.0,3.0,564.0,1199.0,59.0,52.0,85.0,50.21666666666667,1,0,0,0.25881904510252074,0.9659258262890683,635.0,682.0,1.3333333333333333,0.8666666666666667,7.0,1.4166666666666667
6,2015-02-17 01:48:17,2015-02-17 02:28:34,df5511886da327a5e2877c3cd733d9d7,japanese,2,3.0,2011.0,3.0,493.0,919.0,37.0,34.0,41.0,40.28333333333333,1,1,0,0.25881904510252074,0.9659258262890683,426.0,670.3333333333334,1.0,0.8947368421052632,3.0,1.0789473684210527
4,2015-02-03 01:48:55,2015-02-03 02:56:10,eccbc87e4b5ce2fe28308fd9f2a7baf3,indian,5,9.0,7900.0,5.0,500.0,1250.0,59.0,59.0,116.0,67.25,1,1,0,0.25881904510252074,0.9659258262890683,750.0,877.7777777777778,1.8,0.9833333333333333,0.0,1.9333333333333333
4,2015-02-09 19:32:56,2015-02-09 21:23:57,9bf31c7ff062936a96d3c8bd1f8f2ff3,sandwich,3,6.0,5911.0,3.0,849.0,899.0,57.0,57.0,115.0,111.01666666666667,19,0,0,-0.9659258262890684,0.2588190451025203,50.0,985.1666666666666,2.0,0.9827586206896551,0.0,1.9827586206896552
4,2015-02-15 21:05:15,2015-02-15 21:51:56,13f3cf8c531952d72e5847c4183e6910,vietnamese,3,3.0,1248.0,3.0,99.0,699.0,50.0,41.0,60.0,46.68333333333333,21,6,1,-0.7071067811865477,0.7071067811865474,600.0,416.0,1.0,0.803921568627451,9.0,1.1764705882352942
6,2015-02-04 20:56:05,2015-02-04 21:26:38,c68bd9055776bf38d8fc43c0ed283678,unknown,3,2.0,2190.0,2.0,895.0,1295.0,37.0,34.0,41.0,30.55,20,2,0,-0.8660254037844386,0.5000000000000001,400.0,1095.0,1.0,0.8947368421052632,3.0,1.0789473684210527
2,2015-02-15 01:17:33,2015-02-15 01:56:02,d81f9c1be2e08964bf9f24b15f0e4900,thai,3,2.0,2090.0,2.0,995.0,1095.0,92.0,79.0,91.0,38.483333333333334,1,6,1,0.25881904510252074,0.9659258262890683,100.0,1045.0,1.0,0.8494623655913979,13.0,0.978494623655914
1,2015-02-17 04:42:38,2015-02-17 05:29:22,55c567fd4395ecef6d936cf77b8d5b2b,other,1,1.0,750.0,1.0,700.0,700.0,0.0,0.0,0.0,46.733333333333334,4,1,0,0.8660254037844386,0.5000000000000001,0.0,750.0,1.0,0.0,0.0,0.0
4,2015-02-03 00:57:23,2015-02-03 01:35:48,fbd7939d674997cdb4692d34de8633c4,chinese,3,5.0,3600.0,5.0,175.0,1195.0,35.0,27.0,40.0,38.416666666666664,0,1,0,0.0,1.0,1020.0,720.0,1.0,0.75,8.0,1.1111111111111112
1,2015-02-11 02:49:04,2015-02-11 03:35:15,05a5cf06982ba7892ed2a6d38fe832d6,mexican,2,4.0,4950.0,4.0,600.0,1900.0,71.0,69.0,129.0,46.18333333333333,2,2,0,0.49999999999999994,0.8660254037844387,1300.0,1237.5,1.0,0.9583333333333334,2.0,1.7916666666666667
1,2015-02-09 02:49:54,2015-02-09 03:26:52,5655cf23be4dda7082c8bb3a8d8f8016,american,1,3.0,3250.0,2.0,950.0,1350.0,67.0,67.0,101.0,36.96666666666667,2,0,0,0.49999999999999994,0.8660254037844387,400.0,1083.3333333333333,1.5,0.9852941176470589,0.0,1.4852941176470589
2,2015-02-17 00:58:08,2015-02-17 01:56:07,187454feb4e9673fc480af53b49c5494,mexican,3,5.0,5915.0,5.0,369.0,1649.0,4.0,4.0,7.0,57.983333333333334,0,1,0,0.0,1.0,1280.0,1183.0,1.0,0.8,0.0,1.4
1,2015-02-07 04:05:45,2015-02-07 04:50:00,b613e70fd9f59310cf0a8d33de3f2800,japanese,3,5.0,2467.0,5.0,447.0,647.0,27.0,22.0,45.0,44.25,4,5,1,0.8660254037844386,0.5000000000000001,200.0,493.4,1.0,0.7857142857142857,5.0,1.6071428571428572
1,2015-01-29 19:28:09,2015-01-29 20:14:07,912d2b1c7b2826caf99687388d2e8f7c,pizza,5,1.0,1087.0,1.0,799.0,799.0,18.0,20.0,21.0,45.96666666666667,19,3,0,-0.9659258262890684,0.2588190451025203,0.0,1087.0,1.0,1.0526315789473684,0.0,1.105263157894737
2,2015-01-26 02:27:06,2015-01-26 02:45:16,2a34abd6ebbd7fcf5a4421229c946c0a,barbecue,3,3.0,2615.0,3.0,295.0,1195.0,75.0,89.0,74.0,18.166666666666668,2,0,0,0.49999999999999994,0.8660254037844387,900.0,871.6666666666666,1.0,1.1710526315789473,0.0,0.9736842105263158
5,2015-01-31 18:27:30,2015-01-31 19:00:54,d77e68596c15c53c2a33ad143739902d,american,1,1.0,1000.0,1.0,1000.0,1000.0,13.0,12.0,9.0,33.4,18,5,1,-1.0,-1.8369701987210297e-16,0.0,1000.0,1.0,0.8571428571428571,1.0,0.6428571428571429
4,2015-02-16 19:33:09,2015-02-16 20:14:49,f31bad5d6425dd6d172c786a1bffe4a7,mediterranean,2,5.0,5075.0,4.0,395.0,1495.0,14.0,14.0,17.0,41.666666666666664,19,0,0,-0.9659258262890684,0.2588190451025203,1100.0,1015.0,1.25,0.9333333333333333,0.0,1.1333333333333333
6,2015-02-12 00:50:25,2015-02-12 02:32:52,e4a93f0332b2519177ed55741ea4e5e7,vietnamese,2,2.0,1770.0,2.0,425.0,750.0,37.0,34.0,41.0,102.45,0,3,0,0.0,1.0,325.0,885.0,1.0,0.8947368421052632,3.0,1.0789473684210527
2,2015-01-25 00:30:03,2015-01-25 01:48:49,a597e50502f5ff68e3e25b9114205d4a,italian,5,3.0,1750.0,2.0,550.0,600.0,39.0,49.0,54.0,78.76666666666667,0,6,1,0.0,1.0,50.0,583.3333333333334,1.5,1.225,0.0,1.35
1,2015-02-06 23:09:57,2015-02-06 23:47:10,e60e81c4cbe5171cd654662d9887aec2,mediterranean,1,1.0,1749.0,1.0,1599.0,1599.0,13.0,14.0,17.0,37.21666666666667,23,4,0,-0.25881904510252157,0.9659258262890681,0.0,1749.0,1.0,1.0,0.0,1.2142857142857142
4,2015-02-07 03:24:52,2015-02-07 04:20:02,87a6f9a7b759a6d0282612c014a33b0c,mexican,1,2.0,1288.0,2.0,369.0,919.0,126.0,125.0,189.0,55.166666666666664,3,5,1,0.7071067811865475,0.7071067811865476,550.0,644.0,1.0,0.984251968503937,1.0,1.4881889763779528
2,2015-02-17 01:03:48,2015-02-17 01:29:53,f8c0e172cbf7b81bb804df0092b53ae9,other,2,1.0,1300.0,1.0,1300.0,1300.0,21.0,13.0,14.0,26.083333333333332,1,1,0,0.25881904510252074,0.9659258262890683,0.0,1300.0,1.0,0.5909090909090909,8.0,0.6363636363636364
4,2015-02-08 18:28:13,2015-02-08 19:08:26,13f3cf8c531952d72e5847c4183e6910,breakfast,1,6.0,4822.0,6.0,325.0,1125.0,22.0,19.0,20.0,40.21666666666667,18,6,1,-1.0,-1.8369701987210297e-16,800.0,803.6666666666666,1.0,0.8260869565217391,3.0,0.8695652173913043
3,2015-02-14 02:36:16,2015-02-14 03:17:59,ba6c22e55a9e1f3d1c71c4e7f17be9b9,other,4,6.0,5500.0,6.0,600.0,1300.0,30.0,30.0,34.0,41.71666666666667,2,5,1,0.49999999999999994,0.8660254037844387,700.0,916.6666666666666,1.0,0.967741935483871,0.0,1.096774193548387
3,2015-02-14 02:56:03,2015-02-14 03:37:37,1680829293f2a8541efa2647a0290f88,dessert,1,3.0,4285.0,3.0,1095.0,1695.0,60.0,59.0,66.0,41.56666666666667,2,5,1,0.49999999999999994,0.8660254037844387,600.0,1428.3333333333333,1.0,0.9672131147540983,1.0,1.0819672131147542
3,2015-02-13 00:15:31,2015-02-13 01:11:12,2202cd8f3d1cd174f6675fb138f652e3,american,4,15.0,1758.0,5.0,0.0,159.0,20.0,8.0,9.0,55.68333333333333,0,4,0,0.0,1.0,159.0,117.2,3.0,0.38095238095238093,12.0,0.42857142857142855
3,2015-02-07 19:29:46,2015-02-07 20:03:44,621c090c3a61c6809130675a63897a0f,other,1,2.0,2232.0,2.0,1047.0,1185.0,8.0,8.0,8.0,33.96666666666667,19,5,1,-0.9659258262890684,0.2588190451025203,138.0,1116.0,1.0,0.8888888888888888,0.0,0.8888888888888888
4,2015-02-06 23:41:31,2015-02-07 00:34:44,c9f0f895fb98ab9159f51fd0297e236d,salad,2,5.0,3765.0,5.0,215.0,950.0,18.0,18.0,28.0,53.21666666666667,23,4,0,-0.25881904510252157,0.9659258262890681,735.0,753.0,1.0,0.9473684210526315,0.0,1.4736842105263157
1,2015-02-10 03:11:44,2015-02-10 04:08:36,ffba90305889de903ea9b6a6ec4376d9,fast,4,1.0,599.0,1.0,599.0,599.0,7.0,7.0,10.0,56.86666666666667,3,1,0,0.7071067811865475,0.7071067811865476,0.0,599.0,1.0,0.875,0.0,1.25
2,2015-02-01 00:38:11,2015-02-01 01:02:39,f48c04ffab49ff0e5d1176244fdfb65c,other,2,2.0,1048.0,2.0,249.0,799.0,57.0,58.0,58.0,24.466666666666665,0,6,1,0.0,1.0,550.0,524.0,1.0,1.0,0.0,1.0
1,2015-02-06 05:41:47,2015-02-06 06:06:55,2f885d0fbe2e131bfc9d98363e55d1d4,american,1,1.0,995.0,1.0,995.0,995.0,14.0,15.0,16.0,25.133333333333333,5,4,0,0.9659258262890683,0.25881904510252074,0.0,995.0,1.0,1.0,0.0,1.0666666666666667
4,2015-01-23 00:33:19,2015-01-23 01:10:00,c9f0f895fb98ab9159f51fd0297e236d,salad,2,3.0,1885.0,3.0,495.0,765.0,40.0,27.0,30.0,36.68333333333333,0,4,0,0.0,1.0,270.0,628.3333333333334,1.0,0.6585365853658537,13.0,0.7317073170731707
3,2015-02-04 01:14:19,2015-02-04 02:27:14,8a701b176cc140888936dad15c5d046a,indian,2,5.0,2995.0,5.0,99.0,1199.0,16.0,11.0,8.0,72.91666666666667,1,2,0,0.25881904510252074,0.9659258262890683,1100.0,599.0,1.0,0.6470588235294118,5.0,0.47058823529411764
4,2015-02-12 01:27:08,2015-02-12 02:49:16,d0cbf1a1aa1726784df15a81ead214f7,greek,5,4.0,4896.0,3.0,899.0,1499.0,79.0,79.0,127.0,82.13333333333334,1,3,0,0.25881904510252074,0.9659258262890683,600.0,1224.0,1.3333333333333333,0.9875,0.0,1.5875
1,2015-02-04 01:52:20,2015-02-04 02:25:53,228499b55310264a8ea0e27b6e7c6ab6,american,5,3.0,2520.0,3.0,275.0,995.0,39.0,38.0,42.0,33.55,1,2,0,0.25881904510252074,0.9659258262890683,720.0,840.0,1.0,0.95,1.0,1.05
3,2015-02-05 05:02:56,2015-02-05 05:44:19,74dbd1111727a31a2b825d615d80b2e7,mexican,1,5.0,3236.0,5.0,219.0,1000.0,6.0,9.0,9.0,41.38333333333333,5,3,0,0.9659258262890683,0.25881904510252074,781.0,647.2,1.0,1.2857142857142858,0.0,1.2857142857142858
3,2015-02-04 01:39:50,2015-02-04 02:14:44,09a5e2a11bea20817477e0b1dfe2cc21,pizza,5,3.0,3050.0,3.0,500.0,1250.0,26.0,24.0,23.0,34.9,1,2,0,0.25881904510252074,0.9659258262890683,750.0,1016.6666666666666,1.0,0.8888888888888888,2.0,0.8518518518518519
2,2015-02-12 04:24:11,2015-02-12 04:54:04,c52f1bd66cc19d05628bd8bf27af3ad6,pizza,5,1.0,1869.0,1.0,1547.0,1627.0,78.0,84.0,94.0,29.883333333333333,4,3,0,0.8660254037844386,0.5000000000000001,80.0,1869.0,1.0,1.0632911392405062,0.0,1.1898734177215189
1,2015-02-09 02:11:30,2015-02-09 03:58:40,9a1756fd0c741126d7bbd4b692ccbd91,other,1,4.0,1580.0,2.0,395.0,395.0,17.0,17.0,24.0,107.16666666666667,2,0,0,0.49999999999999994,0.8660254037844387,0.0,395.0,2.0,0.9444444444444444,0.0,1.3333333333333333
2,2015-01-25 00:08:06,2015-01-25 01:09:15,7f1de29e6da19d22b51c68001e7e0e54,mexican,3,1.0,795.0,1.0,795.0,795.0,38.0,52.0,41.0,61.15,0,6,1,0.0,1.0,0.0,795.0,1.0,1.3333333333333333,0.0,1.0512820512820513
1,2015-02-05 19:49:34,2015-02-05 20:51:25,644c87da09444b4942bef3299de94372,other,3,1.0,1600.0,1.0,1150.0,1150.0,21.0,20.0,18.0,61.85,19,3,0,-0.9659258262890684,0.2588190451025203,0.0,1600.0,1.0,0.9090909090909091,1.0,0.8181818181818182
6,2015-02-10 05:16:12,2015-02-10 05:48:07,46f76a4bda9a9579eab38a8f6eabcda1,italian,5,3.0,3215.0,3.0,595.0,1325.0,15.0,13.0,12.0,31.916666666666668,5,1,0,0.9659258262890683,0.25881904510252074,730.0,1071.6666666666667,1.0,0.8125,2.0,0.75
4,2015-01-30 02:12:14,2015-01-30 03:32:58,a2137a2ae8e39b5002a3f8909ecb88fe,pizza,1,2.0,2365.0,2.0,650.0,1365.0,65.0,54.0,89.0,80.73333333333333,2,4,0,0.49999999999999994,0.8660254037844387,715.0,1182.5,1.0,0.8181818181818182,11.0,1.3484848484848484
4,2015-02-12 02:07:20,2015-02-12 03:47:58,d1d5923fc822531bbfd9d87d4760914b,salad,3,4.0,2386.0,4.0,219.0,839.0,102.0,98.0,133.0,100.63333333333334,2,3,0,0.49999999999999994,0.8660254037844387,620.0,596.5,1.0,0.9514563106796117,4.0,1.2912621359223302
2,2015-01-30 19:01:50,2015-01-30 19:53:48,a64a034c3cb8eac64eb46ea474902797,american,1,4.0,2977.0,4.0,279.0,1199.0,53.0,40.0,48.0,51.96666666666667,19,4,0,-0.9659258262890684,0.2588190451025203,920.0,744.25,1.0,0.7407407407407407,13.0,0.8888888888888888
4,2015-01-28 02:04:40,2015-01-28 02:35:31,b645e524a1512ce68947d3b9c948aa46,other,2,4.0,2200.0,4.0,350.0,650.0,106.0,103.0,155.0,30.85,2,2,0,0.49999999999999994,0.8660254037844387,300.0,550.0,1.0,0.9626168224299065,3.0,1.4485981308411215
2,2015-02-13 00:01:30,2015-02-13 00:59:42,8db9264228dc48fbf47535e888c02ae0,other,5,5.0,6775.0,5.0,695.0,2095.0,13.0,10.0,8.0,58.2,0,4,0,0.0,1.0,1400.0,1355.0,1.0,0.7142857142857143,3.0,0.5714285714285714
1,2015-01-26 00:01:17,2015-01-26 00:52:46,cc0991344c3d760ae42259064406bae1,pizza,3,2.0,1898.0,2.0,499.0,1399.0,19.0,23.0,38.0,51.483333333333334,0,0,0,0.0,1.0,900.0,949.0,1.0,1.15,0.0,1.9
2,2015-02-17 02:11:17,2015-02-17 03:11:39,84c2d4860a0fc27bcf854c444fb8b400,other,3,8.0,3660.0,6.0,230.0,1470.0,37.0,37.0,54.0,60.36666666666667,2,1,0,0.49999999999999994,0.8660254037844387,1240.0,457.5,1.3333333333333333,0.9736842105263158,0.0,1.4210526315789473
4,2015-02-17 02:45:10,2015-02-17 03:36:51,45c48cce2e2d7fbdea1afc51c7c6ad26,salad,5,7.0,6270.0,7.0,330.0,1375.0,103.0,60.0,128.0,51.68333333333333,2,1,0,0.49999999999999994,0.8660254037844387,1045.0,895.7142857142857,1.0,0.5769230769230769,43.0,1.2307692307692308
1,2015-02-10 20:07:02,2015-02-10 21:07:06,5c572eca050594c7bc3c36e7e8ab9550,american,2,4.0,5150.0,4.0,950.0,1600.0,23.0,24.0,34.0,60.06666666666667,20,1,0,-0.8660254037844386,0.5000000000000001,650.0,1287.5,1.0,1.0,0.0,1.4166666666666667
2,2015-02-07 20:07:40,2015-02-07 20:31:01,6aadca7bd86c4743e6724f9607256126,american,1,1.0,1099.0,1.0,1099.0,1099.0,65.0,60.0,68.0,23.35,20,5,1,-0.8660254037844386,0.5000000000000001,0.0,1099.0,1.0,0.9090909090909091,5.0,1.0303030303030303
5,2015-02-07 00:02:44,2015-02-07 00:44:03,10fe8dc69a0964edc16fed1a1bd55716,american,1,3.0,3695.0,3.0,325.0,1875.0,10.0,10.0,15.0,41.31666666666667,0,5,1,0.0,1.0,1550.0,1231.6666666666667,1.0,0.9090909090909091,0.0,1.3636363636363635
5,2015-01-29 04:02:00,2015-01-29 04:45:25,cd9508fdaa5c1390e9cc329001cf1459,thai,5,4.0,2245.0,3.0,150.0,995.0,16.0,6.0,13.0,43.416666666666664,4,3,0,0.8660254037844386,0.5000000000000001,845.0,561.25,1.3333333333333333,0.35294117647058826,10.0,0.7647058823529411
4,2015-02-04 02:38:44,2015-02-04 03:35:59,a2137a2ae8e39b5002a3f8909ecb88fe,pizza,1,2.0,3225.0,2.0,650.0,2575.0,57.0,56.0,71.0,57.25,2,2,0,0.49999999999999994,0.8660254037844387,1925.0,1612.5,1.0,0.9655172413793104,1.0,1.2241379310344827
5,2015-02-07 05:18:58,2015-02-07 06:22:58,d3c95acb3f4a091abb1fdc056dc68c1c,vietnamese,1,3.0,2738.0,3.0,725.0,975.0,22.0,20.0,23.0,64.0,5,5,1,0.9659258262890683,0.25881904510252074,250.0,912.6666666666666,1.0,0.8695652173913043,2.0,1.0
2,2015-01-28 02:43:58,2015-01-28 03:33:36,40b5f25a228570053bc64a043c3f1833,dessert,5,3.0,1825.0,1.0,575.0,575.0,90.0,61.0,98.0,49.63333333333333,2,2,0,0.49999999999999994,0.8660254037844387,0.0,608.3333333333334,3.0,0.6703296703296703,29.0,1.0769230769230769
6,2015-02-14 00:38:59,2015-02-14 01:08:16,08f0efebb1c51aada9430a089a2050cc,fast,1,1.0,976.0,1.0,684.0,766.0,37.0,34.0,41.0,29.283333333333335,0,5,1,0.0,1.0,82.0,976.0,1.0,0.8947368421052632,3.0,1.0789473684210527
2,2015-01-29 02:53:42,2015-01-29 03:56:33,ccb0989662211f61edae2e26d58ea92f,other,2,2.0,1945.0,2.0,550.0,1395.0,64.0,48.0,58.0,62.85,2,3,0,0.49999999999999994,0.8660254037844387,845.0,972.5,1.0,0.7384615384615385,16.0,0.8923076923076924
2,2015-02-13 19:52:31,2015-02-13 20:26:00,9c68bf8965e0692b91ef2f048cea8378,unknown,2,1.0,1000.0,1.0,1000.0,1000.0,75.0,69.0,103.0,33.483333333333334,19,4,0,-0.9659258262890684,0.2588190451025203,0.0,1000.0,1.0,0.9078947368421053,6.0,1.355263157894737
2,2015-02-16 02:55:40,2015-02-16 03:45:36,e0ab531ec312161511493b002f9be2ee,thai,2,3.0,3200.0,3.0,600.0,1300.0,93.0,90.0,161.0,49.93333333333333,2,0,0,0.49999999999999994,0.8660254037844387,700.0,1066.6666666666667,1.0,0.9574468085106383,3.0,1.7127659574468086
4,2015-01-30 00:31:24,2015-01-30 01:02:42,51ef186e18dc00c2d31982567235c559,mexican,3,2.0,984.0,2.0,200.0,435.0,23.0,13.0,15.0,31.3,0,4,0,0.0,1.0,235.0,492.0,1.0,0.5416666666666666,10.0,0.625
3,2015-02-08 02:00:36,2015-02-08 02:37:36,76cf4ecb943fc5282061fffd96ff4df9,mexican,1,6.0,3740.0,5.0,95.0,1325.0,29.0,29.0,29.0,37.0,2,6,1,0.49999999999999994,0.8660254037844387,1230.0,623.3333333333334,1.2,0.9666666666666667,0.0,0.9666666666666667
2,2015-02-16 20:41:24,2015-02-16 21:03:30,f73b76ce8949fe29bf2a537cfa420e8f,burger,5,3.0,2095.0,2.0,395.0,675.0,36.0,36.0,51.0,22.1,20,0,0,-0.8660254037844386,0.5000000000000001,280.0,698.3333333333334,1.5,0.972972972972973,0.0,1.3783783783783783
2,2015-02-09 20:29:30,2015-02-09 21:17:34,50905d7b2216bfeccb5b41016357176b,thai,5,1.0,1220.0,1.0,825.0,825.0,21.0,21.0,20.0,48.06666666666667,20,0,0,-0.8660254037844386,0.5000000000000001,0.0,1220.0,1.0,0.9545454545454546,0.0,0.9090909090909091
5,2015-02-13 23:10:33,2015-02-13 23:38:49,ba67e777107290283dcc9adaed9459e1,italian,2,1.0,825.0,1.0,825.0,825.0,17.0,5.0,3.0,28.266666666666666,23,4,0,-0.25881904510252157,0.9659258262890681,0.0,825.0,1.0,0.2777777777777778,12.0,0.16666666666666666
2,2015-02-08 03:08:24,2015-02-08 03:56:15,edc27f139c3b4e4bb29d1cdbc45663f9,salad,3,3.0,2192.0,3.0,529.0,889.0,128.0,124.0,205.0,47.85,3,6,1,0.7071067811865475,0.7071067811865476,360.0,730.6666666666666,1.0,0.9612403100775194,4.0,1.5891472868217054
3,2015-01-23 02:59:52,2015-01-23 03:28:35,693ba0757b77ceb996e90c00431d9ebc,american,1,5.0,2781.0,5.0,399.0,1099.0,0.0,0.0,0.0,28.716666666666665,2,4,0,0.49999999999999994,0.8660254037844387,700.0,556.2,1.0,0.0,0.0,0.0
6,2015-02-17 02:11:52,2015-02-17 02:53:33,01259a0cb2431834302abe2df60a1327,mexican,1,2.0,2004.0,2.0,795.0,910.0,37.0,34.0,41.0,41.68333333333333,2,1,0,0.49999999999999994,0.8660254037844387,115.0,1002.0,1.0,0.8947368421052632,3.0,1.0789473684210527
6,2015-02-14 19:40:28,2015-02-14 20:17:14,130f1a8e9e102707f3f91b010f151b0b,mexican,3,2.0,1100.0,2.0,250.0,850.0,37.0,34.0,41.0,36.766666666666666,19,5,1,-0.9659258262890684,0.2588190451025203,600.0,550.0,1.0,0.8947368421052632,3.0,1.0789473684210527
1,2015-02-18 02:42:58,2015-02-18 03:27:30,ee0e95249268b86ff2053bef214bfeda,other,1,2.0,3707.0,2.0,1814.0,1901.0,25.0,25.0,40.0,44.53333333333333,2,2,0,0.49999999999999994,0.8660254037844387,87.0,1853.5,1.0,0.9615384615384616,0.0,1.5384615384615385
3,2015-02-13 23:18:30,2015-02-13 23:48:14,3f2e2a6fcb760125f0947e81fd404f13,fast,4,6.0,1344.0,4.0,159.0,289.0,5.0,3.0,4.0,29.733333333333334,23,4,0,-0.25881904510252157,0.9659258262890681,130.0,224.0,1.5,0.5,2.0,0.6666666666666666
2,2015-02-07 02:13:56,2015-02-07 03:24:01,90918c5b8c17f80e32d5b155a7bf6197,barbecue,4,2.0,4590.0,2.0,1895.0,2695.0,141.0,108.0,189.0,70.08333333333333,2,5,1,0.49999999999999994,0.8660254037844387,800.0,2295.0,1.0,0.7605633802816901,33.0,1.3309859154929577
3,2015-02-09 23:48:06,2015-02-10 00:08:09,2377f9eb902f3c5855aca19197689b14,chinese,4,3.0,1940.0,2.0,580.0,680.0,6.0,1.0,1.0,20.05,23,0,0,-0.25881904510252157,0.9659258262890681,100.0,646.6666666666666,1.5,0.14285714285714285,5.0,0.14285714285714285
3,2015-02-17 22:08:18,2015-02-17 22:55:41,5aae6cf6035cf23bdcb50896a46889b1,other,4,3.0,3176.0,2.0,749.0,1499.0,11.0,6.0,4.0,47.38333333333333,22,1,0,-0.5000000000000004,0.8660254037844384,750.0,1058.6666666666667,1.5,0.5,5.0,0.3333333333333333
1,2015-02-15 17:00:34,2015-02-15 18:11:40,ffeabd223de0d4eacb9a3e6e53e5448d,breakfast,1,2.0,1850.0,2.0,400.0,900.0,1.0,1.0,6.0,71.1,17,6,1,-0.9659258262890683,-0.25881904510252063,500.0,925.0,1.0,0.5,0.0,3.0
3,2015-02-14 03:21:04,2015-02-14 03:53:41,a226e450e214f350856e2980b6e55ac9,other,1,3.0,3685.0,3.0,1095.0,1495.0,59.0,58.0,69.0,32.61666666666667,3,5,1,0.7071067811865475,0.7071067811865476,400.0,1228.3333333333333,1.0,0.9666666666666667,1.0,1.15
5,2015-02-12 01:25:22,2015-02-12 02:21:56,a6ade5aa93b826f8de63c663e1159bf7,sandwich,3,2.0,3233.0,2.0,1199.0,1259.0,43.0,38.0,45.0,56.56666666666667,1,3,0,0.25881904510252074,0.9659258262890683,60.0,1616.5,1.0,0.8636363636363636,5.0,1.0227272727272727
4,2015-02-13 01:48:20,2015-02-13 02:35:46,eae27d77ca20db309e056e3d2dcd7d69,thai,3,4.0,4380.0,4.0,895.0,1095.0,97.0,91.0,153.0,47.43333333333333,1,4,0,0.25881904510252074,0.9659258262890683,200.0,1095.0,1.0,0.9285714285714286,6.0,1.5612244897959184
2,2015-02-18 04:24:16,2015-02-18 04:56:14,f1c1592588411002af340cbaedd6fc33,american,3,2.0,1581.0,2.0,79.0,1502.0,33.0,33.0,38.0,31.966666666666665,4,2,0,0.8660254037844386,0.5000000000000001,1423.0,790.5,1.0,0.9705882352941176,0.0,1.1176470588235294
2,2015-01-23 23:15:22,2015-01-24 00:02:47,500d2e6424f6fe03447c9d3545e6b376,other,2,2.0,1450.0,2.0,725.0,725.0,18.0,18.0,21.0,47.416666666666664,23,4,0,-0.25881904510252157,0.9659258262890681,0.0,725.0,1.0,0.9473684210526315,0.0,1.105263157894737
4,2015-02-08 02:17:31,2015-02-08 03:27:13,a5bfc9e07964f8dddeb95fc584cd965d,mexican,2,3.0,3185.0,3.0,595.0,1295.0,107.0,68.0,121.0,69.7,2,6,1,0.49999999999999994,0.8660254037844387,700.0,1061.6666666666667,1.0,0.6296296296296297,39.0,1.1203703703703705
2,2015-02-06 02:13:32,2015-02-06 02:41:08,0bb0846327772451045bd30dd347821b,barbecue,3,1.0,1875.0,1.0,1875.0,1875.0,66.0,41.0,62.0,27.6,2,4,0,0.49999999999999994,0.8660254037844387,0.0,1875.0,1.0,0.6119402985074627,25.0,0.9253731343283582
4,2015-02-10 03:29:31,2015-02-10 04:28:39,c57abe86de4e516e12dfa386053fbfe2,barbecue,1,3.0,2315.0,3.0,295.0,1695.0,75.0,74.0,114.0,59.13333333333333,3,1,0,0.7071067811865475,0.7071067811865476,1400.0,771.6666666666666,1.0,0.9736842105263158,1.0,1.5
6,2015-02-18 03:34:26,2015-02-18 03:58:28,619205da514e83f869515c782a328d3c,indian,3,1.0,925.0,1.0,925.0,925.0,37.0,34.0,41.0,24.033333333333335,3,2,0,0.7071067811865475,0.7071067811865476,0.0,925.0,1.0,0.8947368421052632,3.0,1.0789473684210527
3,2015-01-26 01:36:03,2015-01-26 02:20:57,b820fc868475ef544228c3c8fa6a685e,chinese,1,5.0,1595.0,3.0,125.0,1095.0,5.0,5.0,4.0,44.9,1,0,0,0.25881904510252074,0.9659258262890683,970.0,319.0,1.6666666666666667,0.8333333333333334,0.0,0.6666666666666666
1,2015-02-05 19:52:48,2015-02-05 20:39:50,9b40aee76034c9543ceacba5df759a1d,burger,1,4.0,1413.0,4.0,240.0,475.0,31.0,29.0,30.0,47.03333333333333,19,3,0,-0.9659258262890684,0.2588190451025203,235.0,353.25,1.0,0.90625,2.0,0.9375
4,2015-02-12 02:20:13,2015-02-12 03:25:32,aae14bda33aa45a1d45d45011529b806,other,3,6.0,4800.0,5.0,800.0,800.0,107.0,104.0,187.0,65.31666666666666,2,3,0,0.49999999999999994,0.8660254037844387,0.0,800.0,1.2,0.9629629629629629,3.0,1.7314814814814814
4,2015-02-10 02:11:14,2015-02-10 02:49:20,6ae07dcb33ec3b7c814df797cbda0f87,american,3,3.0,6500.0,3.0,1800.0,2900.0,58.0,51.0,74.0,38.1,2,1,0,0.49999999999999994,0.8660254037844387,1100.0,2166.6666666666665,1.0,0.864406779661017,7.0,1.2542372881355932
1,2015-01-31 04:17:50,2015-01-31 05:16:07,7806689d934e610d660caf5536fea0b2,thai,1,3.0,2370.0,3.0,295.0,1450.0,52.0,53.0,73.0,58.28333333333333,4,5,1,0.8660254037844386,0.5000000000000001,1155.0,790.0,1.0,1.0,0.0,1.3773584905660377
5,2015-01-26 20:18:08,2015-01-26 21:19:05,cf4f35ee546a6d8fe9461b8db8a8200a,mexican,2,9.0,5835.0,6.0,185.0,1100.0,6.0,11.0,10.0,60.95,20,0,0,-0.8660254037844386,0.5000000000000001,915.0,648.3333333333334,1.5,1.5714285714285714,0.0,1.4285714285714286
5,2015-02-14 04:21:39,2015-02-14 04:54:43,bea5b83d3a056039813089e7aa7f7e9a,pizza,3,2.0,1098.0,2.0,499.0,599.0,59.0,57.0,79.0,33.06666666666667,4,5,1,0.8660254037844386,0.5000000000000001,100.0,549.0,1.0,0.95,2.0,1.3166666666666667
1,2015-02-15 00:11:32,2015-02-15 00:41:05,bc6d753857fe3dd4275dff707dedf329,chinese,1,3.0,2450.0,3.0,750.0,950.0,8.0,2.0,3.0,29.55,0,6,1,0.0,1.0,200.0,816.6666666666666,1.0,0.2222222222222222,6.0,0.3333333333333333
3,2015-02-04 04:10:52,2015-02-04 04:52:15,eddeb82df22554fa67c641e3f8a25566,other,3,3.0,3173.0,3.0,807.0,1886.0,37.0,34.0,41.0,41.38333333333333,4,2,0,0.8660254037844386,0.5000000000000001,1079.0,1057.6666666666667,1.0,0.8947368421052632,3.0,1.0789473684210527
3,2015-02-05 17:08:12,2015-02-05 18:25:01,9b8c60725a0193e78368bf8b84c37fb2,american,1,1.0,1286.0,1.0,799.0,799.0,1.0,1.0,5.0,76.81666666666666,17,3,0,-0.9659258262890683,-0.25881904510252063,0.0,1286.0,1.0,0.5,0.0,2.5
4,2015-02-06 04:22:20,2015-02-06 04:43:15,34173cb38f07f89ddbebc2ac9128303f,thai,3,3.0,2997.0,3.0,799.0,1199.0,61.0,56.0,66.0,20.916666666666668,4,4,0,0.8660254037844386,0.5000000000000001,400.0,999.0,1.0,0.9032258064516129,5.0,1.064516129032258
2,2015-02-04 01:07:11,2015-02-04 02:00:08,b2ea5e977c5fc1ccfa74171a9723dd61,american,3,4.0,4990.0,4.0,1095.0,1425.0,49.0,31.0,34.0,52.95,1,2,0,0.25881904510252074,0.9659258262890683,330.0,1247.5,1.0,0.62,18.0,0.68
2,2015-02-12 21:36:10,2015-02-12 22:11:42,9854d7afce413aa13cd0a1d39d0bcec5,american,1,1.0,819.0,1.0,819.0,819.0,44.0,36.0,37.0,35.53333333333333,21,3,0,-0.7071067811865477,0.7071067811865474,0.0,819.0,1.0,0.8,8.0,0.8222222222222222
2,2015-02-02 02:17:05,2015-02-02 03:52:07,3fe94a002317b5f9259f82690aeea4cd,other,5,5.0,5595.0,5.0,549.0,1499.0,79.0,80.0,167.0,95.03333333333333,2,0,0,0.49999999999999994,0.8660254037844387,950.0,1119.0,1.0,1.0,0.0,2.0875
4,2015-02-06 00:36:18,2015-02-06 00:58:05,a2137a2ae8e39b5002a3f8909ecb88fe,pizza,1,4.0,3425.0,3.0,650.0,1075.0,32.0,20.0,20.0,21.783333333333335,0,4,0,0.0,1.0,425.0,856.25,1.3333333333333333,0.6060606060606061,12.0,0.6060606060606061
5,2015-02-09 00:31:15,2015-02-09 01:37:46,718010c95cc6dac83386e13c4635def8,fast,4,3.0,1337.0,3.0,329.0,565.0,12.0,9.0,9.0,66.51666666666667,0,0,0,0.0,1.0,236.0,445.6666666666667,1.0,0.6923076923076923,3.0,0.6923076923076923
4,2015-02-03 00:41:54,2015-02-03 01:58:22,a97da629b098b75c294dffdc3e463904,dessert,1,3.0,3359.0,3.0,795.0,1695.0,36.0,34.0,43.0,76.46666666666667,0,1,0,0.0,1.0,900.0,1119.6666666666667,1.0,0.918918918918919,2.0,1.162162162162162
1,2015-02-15 22:45:46,2015-02-15 23:38:33,3bf510e4b7013a3bc33d48930adb6d3b,burger,5,13.0,8030.0,4.0,260.0,575.0,22.0,22.0,20.0,52.78333333333333,22,6,1,-0.5000000000000004,0.8660254037844384,315.0,617.6923076923077,3.25,0.9565217391304348,0.0,0.8695652173913043
1,2015-02-07 05:02:13,2015-02-07 05:56:54,8248a99e81e752cb9b41da3fc43fbe7f,japanese,5,5.0,5145.0,5.0,515.0,974.0,20.0,16.0,22.0,54.68333333333333,5,5,1,0.9659258262890683,0.25881904510252074,459.0,1029.0,1.0,0.7619047619047619,4.0,1.0476190476190477
2,2015-02-04 18:48:22,2015-02-04 19:26:10,48db71587df6c7c442e5b76cc723169a,other,3,1.0,975.0,1.0,775.0,775.0,20.0,16.0,17.0,37.8,18,2,0,-1.0,-1.8369701987210297e-16,0.0,975.0,1.0,0.7619047619047619,4.0,0.8095238095238095
3,2015-02-04 00:15:37,2015-02-04 01:04:55,b88e569b3666ccbc8e6dfcb5671c9cca,american,5,1.0,1401.0,1.0,1401.0,1401.0,2.0,2.0,2.0,49.3,0,2,0,0.0,1.0,0.0,1401.0,1.0,0.6666666666666666,0.0,0.6666666666666666
2,2015-02-02 01:13:26,2015-02-02 02:07:20,44766fb4dd4e4977e75a9321cbc6413e,american,1,3.0,3025.0,3.0,400.0,1400.0,25.0,26.0,51.0,53.9,1,0,0,0.25881904510252074,0.9659258262890683,1000.0,1008.3333333333334,1.0,1.0,0.0,1.9615384615384615
6,2015-02-03 18:25:53,2015-02-03 18:50:55,f4b31bee138ff5f7b84ce1575a738f95,fast,4,1.0,1199.0,1.0,1199.0,1199.0,37.0,34.0,41.0,25.033333333333335,18,1,0,-1.0,-1.8369701987210297e-16,0.0,1199.0,1.0,0.8947368421052632,3.0,1.0789473684210527
4,2015-01-30 21:22:56,2015-01-30 21:52:53,298f95e1bf9136124592c8d4825a06fc,pizza,3,3.0,2857.0,3.0,579.0,1199.0,34.0,30.0,29.0,29.95,21,4,0,-0.7071067811865477,0.7071067811865474,620.0,952.3333333333334,1.0,0.8571428571428571,4.0,0.8285714285714286
1,2015-01-29 20:06:40,2015-01-29 20:58:29,3b5e2c9be5002e87e0477099db5ff21b,american,1,2.0,2827.0,2.0,1269.0,1314.0,11.0,9.0,8.0,51.81666666666667,20,3,0,-0.8660254037844386,0.5000000000000001,45.0,1413.5,1.0,0.75,2.0,0.6666666666666666
2,2015-02-06 04:06:08,2015-02-06 04:41:28,1cc8a8ea51cd0adddf5dab504a285915,other,1,1.0,2999.0,1.0,2999.0,2999.0,20.0,24.0,25.0,35.333333333333336,4,4,0,0.8660254037844386,0.5000000000000001,0.0,2999.0,1.0,1.1428571428571428,0.0,1.1904761904761905
4,2015-02-16 19:43:44,2015-02-16 20:09:46,03e7d2ebec1e820ac34d054df7e68f48,japanese,1,4.0,3444.0,3.0,750.0,995.0,35.0,30.0,41.0,26.033333333333335,19,0,0,-0.9659258262890684,0.2588190451025203,245.0,861.0,1.3333333333333333,0.8333333333333334,5.0,1.1388888888888888
2,2015-02-04 21:05:24,2015-02-04 21:40:33,435d6ab1ba16ba7e05e09d9728bc36ca,sandwich,3,2.0,1717.0,2.0,738.0,829.0,40.0,45.0,66.0,35.15,21,2,0,-0.7071067811865477,0.7071067811865474,91.0,858.5,1.0,1.0975609756097562,0.0,1.6097560975609757
4,2015-01-29 02:56:25,2015-01-29 04:01:22,a2137a2ae8e39b5002a3f8909ecb88fe,pizza,1,2.0,2625.0,2.0,675.0,1950.0,78.0,60.0,80.0,64.95,2,3,0,0.49999999999999994,0.8660254037844387,1275.0,1312.5,1.0,0.759493670886076,18.0,1.0126582278481013
2,2015-02-14 19:03:21,2015-02-14 19:53:45,eb9fc349601c69352c859c1faa287874,unknown,1,2.0,900.0,2.0,295.0,295.0,23.0,20.0,26.0,50.4,19,5,1,-0.9659258262890684,0.2588190451025203,0.0,450.0,1.0,0.8333333333333334,3.0,1.0833333333333333
6,2015-02-07 19:40:23,2015-02-07 20:16:10,29530de21430b7540ec3f65135f7323c,indian,1,4.0,3550.0,4.0,500.0,1150.0,36.0,28.0,28.0,35.78333333333333,19,5,1,-0.9659258262890684,0.2588190451025203,650.0,887.5,1.0,0.7567567567567568,8.0,0.7567567567567568
1,2015-02-07 20:40:19,2015-02-07 21:08:46,363763e5c3dc3a68b399058c34aecf2c,mexican,1,1.0,1295.0,1.0,1295.0,1295.0,18.0,17.0,19.0,28.45,20,5,1,-0.8660254037844386,0.5000000000000001,0.0,1295.0,1.0,0.8947368421052632,1.0,1.0
2,2015-02-14 23:16:20,2015-02-15 00:07:28,18c3714df31f8ad15df9a76f18179fc5,other,2,3.0,1185.0,2.0,335.0,350.0,24.0,22.0,24.0,51.13333333333333,23,5,1,-0.25881904510252157,0.9659258262890681,15.0,395.0,1.5,0.88,2.0,0.96
2,2015-02-01 04:51:44,2015-02-01 05:33:22,3fe94a002317b5f9259f82690aeea4cd,other,5,2.0,3898.0,1.0,1499.0,1499.0,41.0,47.0,74.0,41.63333333333333,4,6,1,0.8660254037844386,0.5000000000000001,0.0,1949.0,2.0,1.119047619047619,0.0,1.7619047619047619
1,2015-01-28 19:41:01,2015-01-28 20:12:58,c21002f464c5fc5bee3b98ced83963b8,thai,1,6.0,3225.0,4.0,250.0,925.0,16.0,16.0,16.0,31.95,19,2,0,-0.9659258262890684,0.2588190451025203,675.0,537.5,1.5,0.9411764705882353,0.0,0.9411764705882353
5,2015-01-28 03:19:04,2015-01-28 04:06:08,10fe8dc69a0964edc16fed1a1bd55716,american,1,3.0,2533.0,3.0,575.0,1033.0,17.0,13.0,16.0,47.06666666666667,3,2,0,0.7071067811865475,0.7071067811865476,458.0,844.3333333333334,1.0,0.7222222222222222,4.0,0.8888888888888888
4,2015-02-15 01:18:49,2015-02-15 02:23:07,2f25f6e326adb93c5787175dda209ab6,burger,2,4.0,6155.0,3.0,1095.0,1395.0,52.0,46.0,65.0,64.3,1,6,1,0.25881904510252074,0.9659258262890683,300.0,1538.75,1.3333333333333333,0.8679245283018868,6.0,1.2264150943396226
2,2015-01-25 20:28:53,2015-01-25 20:44:13,14491b756b3a51daac41c24863285549,american,1,1.0,1444.0,1.0,1367.0,1323.0,49.0,49.0,47.0,15.333333333333334,20,6,1,-0.8660254037844386,0.5000000000000001,-44.0,1444.0,1.0,0.98,0.0,0.94
4,2015-02-04 01:52:48,2015-02-04 02:28:00,c57abe86de4e516e12dfa386053fbfe2,barbecue,1,2.0,2985.0,1.0,1295.0,1295.0,72.0,71.0,84.0,35.2,1,2,0,0.25881904510252074,0.9659258262890683,0.0,1492.5,2.0,0.9726027397260274,1.0,1.1506849315068493
2,2015-01-22 19:28:32,2015-01-22 20:07:49,981fda867ad3a7693c11ec00d2835b86,fast,4,7.0,1015.0,6.0,100.0,189.0,32.0,30.0,47.0,39.28333333333333,19,3,0,-0.9659258262890684,0.2588190451025203,89.0,145.0,1.1666666666666667,0.9090909090909091,2.0,1.4242424242424243
1,2015-01-31 22:36:01,2015-01-31 23:38:03,a64bd53139f71961c5c31a9af03d775e,chinese,4,2.0,1420.0,1.0,710.0,710.0,15.0,17.0,25.0,62.03333333333333,22,5,1,-0.5000000000000004,0.8660254037844384,0.0,710.0,2.0,1.0625,0.0,1.5625
4,2015-02-07 01:22:28,2015-02-07 02:00:47,7b1ce3d73b70f1a7246e7b76a35fb552,pizza,1,3.0,4600.0,3.0,1200.0,1900.0,100.0,96.0,154.0,38.31666666666667,1,5,1,0.25881904510252074,0.9659258262890683,700.0,1533.3333333333333,1.0,0.9504950495049505,4.0,1.5247524752475248
4,2015-01-31 21:50:52,2015-01-31 22:07:23,7f018eb7b301a66658931cb8a93fd6e8,dessert,2,1.0,650.0,1.0,650.0,650.0,48.0,29.0,34.0,16.516666666666666,21,5,1,-0.7071067811865477,0.7071067811865474,0.0,650.0,1.0,0.5918367346938775,19.0,0.6938775510204082
3,2015-02-09 03:47:26,2015-02-09 04:17:34,b8b9c74ac526fffbeb2d39ab038d1cd7,mediterranean,3,1.0,445.0,1.0,295.0,295.0,114.0,119.0,163.0,30.133333333333333,3,0,0,0.7071067811865475,0.7071067811865476,0.0,445.0,1.0,1.0347826086956522,0.0,1.4173913043478261
2,2015-01-22 03:43:37,2015-01-22 04:21:04,89f0fd5c927d466d6ec9a21b9ac34ffa,italian,1,2.0,3695.0,2.0,1700.0,1995.0,69.0,61.0,79.0,37.45,3,3,0,0.7071067811865475,0.7071067811865476,295.0,1847.5,1.0,0.8714285714285714,8.0,1.1285714285714286
4,2015-02-03 02:00:05,2015-02-03 02:54:31,3e50e8000abcae07f804133720d7d172,pizza,3,7.0,5168.0,6.0,195.0,1699.0,15.0,11.0,14.0,54.43333333333333,2,1,0,0.49999999999999994,0.8660254037844387,1504.0,738.2857142857143,1.1666666666666667,0.6875,4.0,0.875
6,2015-02-15 02:11:20,2015-02-15 03:11:58,01259a0cb2431834302abe2df60a1327,mexican,4,7.0,1510.0,3.0,0.0,910.0,37.0,34.0,41.0,60.63333333333333,2,6,1,0.49999999999999994,0.8660254037844387,910.0,215.71428571428572,2.3333333333333335,0.8947368421052632,3.0,1.0789473684210527
2,2015-01-24 21:33:04,2015-01-24 22:24:43,a0f1a0686c4ecffbf795ea2d2a42817e,sandwich,3,3.0,2525.0,3.0,125.0,1200.0,31.0,39.0,36.0,51.65,21,5,1,-0.7071067811865477,0.7071067811865474,1075.0,841.6666666666666,1.0,1.21875,0.0,1.125
2,2015-02-02 01:58:23,2015-02-02 03:18:47,b1d10e7bafa4421218a51b1e1f1b0ba2,japanese,1,7.0,4919.0,4.0,375.0,1299.0,91.0,81.0,173.0,80.4,1,0,0,0.25881904510252074,0.9659258262890683,924.0,702.7142857142857,1.75,0.8804347826086957,10.0,1.8804347826086956
2,2015-01-31 21:11:30,2015-01-31 21:45:51,3def184ad8f4755ff269862ea77393dd,other,1,2.0,2620.0,2.0,1295.0,1325.0,64.0,59.0,60.0,34.35,21,5,1,-0.7071067811865477,0.7071067811865474,30.0,1310.0,1.0,0.9076923076923077,5.0,0.9230769230769231
5,2015-02-04 01:55:37,2015-02-04 02:27:40,841b60e20ff680b0d59aa9d6902fe289,vietnamese,2,1.0,795.0,1.0,795.0,795.0,23.0,16.0,16.0,32.05,1,2,0,0.25881904510252074,0.9659258262890683,0.0,795.0,1.0,0.6666666666666666,7.0,0.6666666666666666
4,2015-02-13 21:47:39,2015-02-13 22:14:28,7a414e206919e1bec6229cad4006983b,thai,2,3.0,2500.0,3.0,350.0,1100.0,32.0,21.0,21.0,26.816666666666666,21,4,0,-0.7071067811865477,0.7071067811865474,750.0,833.3333333333334,1.0,0.6363636363636364,11.0,0.6363636363636364
3,2015-02-15 01:05:17,2015-02-15 01:32:55,87ae6fb631f7c8a627e8e28785d9992d,american,1,2.0,3050.0,1.0,1525.0,1525.0,37.0,34.0,41.0,27.633333333333333,1,6,1,0.25881904510252074,0.9659258262890683,0.0,1525.0,2.0,0.8947368421052632,3.0,1.0789473684210527
4,2015-01-29 04:53:43,2015-01-29 05:22:57,f47d0ad31c4c49061b9e505593e3db98,burger,5,3.0,3709.0,3.0,627.0,1506.0,27.0,25.0,22.0,29.233333333333334,4,3,0,0.8660254037844386,0.5000000000000001,879.0,1236.3333333333333,1.0,0.8928571428571429,2.0,0.7857142857142857
5,2015-02-06 00:33:46,2015-02-06 01:20:54,9aad93328ed02110438566b1162f48b8,mexican,1,1.0,1395.0,1.0,1395.0,1395.0,8.0,4.0,4.0,47.13333333333333,0,4,0,0.0,1.0,0.0,1395.0,1.0,0.4444444444444444,4.0,0.4444444444444444
2,2015-02-16 02:05:20,2015-02-16 02:44:08,0bb0846327772451045bd30dd347821b,unknown,1,1.0,2575.0,1.0,2575.0,2575.0,55.0,54.0,89.0,38.8,2,0,0,0.49999999999999994,0.8660254037844387,0.0,2575.0,1.0,0.9642857142857143,1.0,1.5892857142857142
4,2015-02-10 20:58:01,2015-02-10 21:31:09,c9f0f895fb98ab9159f51fd0297e236d,salad,2,1.0,2050.0,1.0,1125.0,1125.0,68.0,65.0,91.0,33.13333333333333,20,1,0,-0.8660254037844386,0.5000000000000001,0.0,2050.0,1.0,0.9420289855072463,3.0,1.318840579710145
4,2015-01-26 05:41:32,2015-01-26 06:10:57,a86c450b76fb8c371afead6410d55534,mexican,5,3.0,2660.0,3.0,750.0,875.0,28.0,68.0,12.0,29.416666666666668,5,0,0,0.9659258262890683,0.25881904510252074,125.0,886.6666666666666,1.0,2.3448275862068964,0.0,0.41379310344827586
2,2015-01-29 03:22:25,2015-01-29 04:17:16,a0e2a2c563d57df27213ede1ac4ac780,unknown,1,2.0,1390.0,2.0,595.0,795.0,73.0,62.0,88.0,54.85,3,3,0,0.7071067811865475,0.7071067811865476,200.0,695.0,1.0,0.8378378378378378,11.0,1.1891891891891893
4,2015-02-12 04:16:58,2015-02-12 04:49:40,d523773c6b194f37b938d340d5d02232,mediterranean,3,1.0,1280.0,1.0,1280.0,1280.0,40.0,35.0,49.0,32.7,4,3,0,0.8660254037844386,0.5000000000000001,0.0,1280.0,1.0,0.8536585365853658,5.0,1.1951219512195121
3,2015-02-08 22:59:18,2015-02-09 00:04:11,b7fede84c2be02ccb9c77107956560eb,chinese,4,1.0,770.0,1.0,580.0,580.0,20.0,18.0,19.0,64.88333333333334,22,6,1,-0.5000000000000004,0.8660254037844384,0.0,770.0,1.0,0.8571428571428571,2.0,0.9047619047619048
4,2015-01-28 04:42:53,2015-01-28 05:20:31,d0cbf1a1aa1726784df15a81ead214f7,greek,5,1.0,2099.0,1.0,2099.0,2099.0,46.0,42.0,46.0,37.63333333333333,4,2,0,0.8660254037844386,0.5000000000000001,0.0,2099.0,1.0,0.8936170212765957,4.0,0.9787234042553191
2,2015-01-31 02:31:11,2015-01-31 03:30:58,05a5cf06982ba7892ed2a6d38fe832d6,italian,5,7.0,7950.0,5.0,600.0,2300.0,117.0,103.0,205.0,59.78333333333333,2,5,1,0.49999999999999994,0.8660254037844387,1700.0,1135.7142857142858,1.4,0.8728813559322034,14.0,1.7372881355932204
3,2015-02-04 03:34:26,2015-02-04 04:43:25,9529fbba677729d3206b3b9073d1e9ca,chinese,1,1.0,895.0,1.0,895.0,895.0,30.0,27.0,27.0,68.98333333333333,3,2,0,0.7071067811865475,0.7071067811865476,0.0,895.0,1.0,0.8709677419354839,3.0,0.8709677419354839
4,2015-02-06 22:43:31,2015-02-06 23:31:05,6e2eec9ca19c076736d19ac5426473af,pizza,3,4.0,4306.0,4.0,499.0,1279.0,25.0,22.0,24.0,47.56666666666667,22,4,0,-0.5000000000000004,0.8660254037844384,780.0,1076.5,1.0,0.8461538461538461,3.0,0.9230769230769231
5,2015-02-18 03:09:51,2015-02-18 04:09:29,b952fb76427d6ab439fbd2b78f691ba5,sandwich,3,5.0,3950.0,5.0,225.0,1699.0,18.0,18.0,28.0,59.63333333333333,3,2,0,0.7071067811865475,0.7071067811865476,1474.0,790.0,1.0,0.9473684210526315,0.0,1.4736842105263157
2,2015-02-15 03:33:33,2015-02-15 04:17:10,757b505cfd34c64c85ca5b5690ee5293,american,3,1.0,2419.0,1.0,2419.0,2419.0,119.0,116.0,216.0,43.61666666666667,3,6,1,0.7071067811865475,0.7071067811865476,0.0,2419.0,1.0,0.9666666666666667,3.0,1.8
6,2015-02-02 21:11:30,2015-02-02 23:12:53,761c7920f470038d4c8a619c79eddd62,sandwich,5,1.0,1678.0,1.0,1203.0,1343.0,37.0,34.0,41.0,121.38333333333334,21,0,0,-0.7071067811865477,0.7071067811865474,140.0,1678.0,1.0,0.8947368421052632,3.0,1.0789473684210527
4,2015-02-05 21:07:16,2015-02-05 21:43:25,fbd7939d674997cdb4692d34de8633c4,chinese,3,2.0,2190.0,1.0,1095.0,1095.0,41.0,42.0,45.0,36.15,21,3,0,-0.7071067811865477,0.7071067811865474,0.0,1095.0,2.0,1.0,0.0,1.0714285714285714
1,2015-01-31 03:33:50,2015-01-31 05:00:03,d69116f8b0140cdeb1f99a4d5096ffe4,burger,1,6.0,3704.0,4.0,309.0,769.0,59.0,61.0,89.0,86.21666666666667,3,5,1,0.7071067811865475,0.7071067811865476,460.0,617.3333333333334,1.5,1.0166666666666666,0.0,1.4833333333333334
1,2015-01-24 02:49:20,2015-01-24 04:00:25,f1981e4bd8a0d6d8462016d2fc6276b3,american,3,11.0,4900.0,5.0,200.0,1050.0,130.0,129.0,222.0,71.08333333333333,2,5,1,0.49999999999999994,0.8660254037844387,850.0,445.45454545454544,2.2,0.9847328244274809,1.0,1.6946564885496183
4,2015-02-10 19:49:34,2015-02-10 20:54:59,c20ad4d76fe97759aa27a0c99bff6710,vietnamese,5,1.0,750.0,1.0,750.0,750.0,71.0,70.0,146.0,65.41666666666667,19,1,0,-0.9659258262890684,0.2588190451025203,0.0,750.0,1.0,0.9722222222222222,1.0,2.0277777777777777
2,2015-02-15 01:02:31,2015-02-15 01:35:15,fa393b662023edc37bd15563ac2c2167,sandwich,3,2.0,2050.0,2.0,950.0,950.0,32.0,29.0,34.0,32.733333333333334,1,6,1,0.25881904510252074,0.9659258262890683,0.0,1025.0,1.0,0.8787878787878788,3.0,1.0303030303030303
2,2015-01-24 23:36:34,2015-01-25 00:26:27,379a7ba015d8bf1c70b8add2c287c6fa,american,3,2.0,2870.0,2.0,995.0,1875.0,41.0,49.0,46.0,49.88333333333333,23,5,1,-0.25881904510252157,0.9659258262890681,880.0,1435.0,1.0,1.1666666666666667,0.0,1.0952380952380953
1,2015-02-10 01:11:22,2015-02-10 01:43:27,e846fb8a4f365ca8e84393d4f34e1b07,breakfast,1,1.0,1150.0,1.0,1150.0,1150.0,24.0,13.0,19.0,32.083333333333336,1,1,0,0.25881904510252074,0.9659258262890683,0.0,1150.0,1.0,0.52,11.0,0.76
1,2015-02-16 19:34:25,2015-02-16 20:07:28,f2c3b258e9cd8ba16e18f319b3c88c66,burger,1,3.0,1288.0,3.0,250.0,589.0,22.0,19.0,22.0,33.05,19,0,0,-0.9659258262890684,0.2588190451025203,339.0,429.3333333333333,1.0,0.8260869565217391,3.0,0.9565217391304348
4,2015-02-08 04:21:06,2015-02-08 05:06:05,46f76a4bda9a9579eab38a8f6eabcda1,american,3,3.0,4045.0,3.0,675.0,1795.0,59.0,60.0,77.0,44.983333333333334,4,6,1,0.8660254037844386,0.5000000000000001,1120.0,1348.3333333333333,1.0,1.0,0.0,1.2833333333333334
3,2015-02-16 02:18:02,2015-02-16 03:10:48,4a9db268f4d80243421c37dd05cdacdb,fast,4,5.0,744.0,3.0,0.0,649.0,53.0,53.0,68.0,52.766666666666666,2,0,0,0.49999999999999994,0.8660254037844387,649.0,148.8,1.6666666666666667,0.9814814814814815,0.0,1.2592592592592593
1,2015-01-24 22:04:12,2015-01-24 23:15:53,f55cadb97eaff2ba1980e001b0bd9842,sandwich,3,2.0,1775.0,2.0,350.0,1125.0,0.0,0.0,0.0,71.68333333333334,22,5,1,-0.5000000000000004,0.8660254037844384,775.0,887.5,1.0,0.0,0.0,0.0
2,2015-01-29 03:55:51,2015-01-29 04:30:55,e8cba4b42d85228f7228c917e4c686c2,sandwich,3,2.0,795.0,2.0,170.0,415.0,48.0,43.0,54.0,35.06666666666667,3,3,0,0.7071067811865475,0.7071067811865476,245.0,397.5,1.0,0.8775510204081632,5.0,1.1020408163265305
5,2015-01-30 02:00:05,2015-01-30 02:44:00,123f7670babac5a92883d9a7afb4262e,indian,2,4.0,4344.0,3.0,1018.0,1070.0,30.0,17.0,32.0,43.916666666666664,2,4,0,0.49999999999999994,0.8660254037844387,52.0,1086.0,1.3333333333333333,0.5483870967741935,13.0,1.032258064516129
1,2015-01-24 18:32:23,2015-01-24 18:59:04,5cce8dede893813f879b873962fb669f,american,5,3.0,1945.0,2.0,325.0,1295.0,15.0,14.0,18.0,26.683333333333334,18,5,1,-1.0,-1.8369701987210297e-16,970.0,648.3333333333334,1.5,0.875,1.0,1.125
1,2015-01-31 01:03:33,2015-01-31 02:22:06,8d34201a5b85900908db6cae92723617,american,1,6.0,5950.0,6.0,500.0,1350.0,25.0,25.0,24.0,78.55,1,5,1,0.25881904510252074,0.9659258262890683,850.0,991.6666666666666,1.0,0.9615384615384616,0.0,0.9230769230769231
2,2015-02-16 05:30:49,2015-02-16 06:08:21,0d73a25092e5c1c9769a9f3255caa65a,dessert,1,4.0,5185.0,3.0,695.0,1850.0,40.0,29.0,25.0,37.53333333333333,5,0,0,0.9659258262890683,0.25881904510252074,1155.0,1296.25,1.3333333333333333,0.7073170731707317,11.0,0.6097560975609756
2,2015-02-05 03:57:38,2015-02-05 07:40:58,1e8c391abfde9abea82d75a2d60278d4,thai,2,1.0,1095.0,1.0,1095.0,1095.0,51.0,53.0,94.0,223.33333333333334,3,3,0,0.7071067811865475,0.7071067811865476,0.0,1095.0,1.0,1.0192307692307692,0.0,1.8076923076923077
2,2015-02-01 05:12:06,2015-02-01 06:15:35,0d73a25092e5c1c9769a9f3255caa65a,dessert,1,5.0,6000.0,5.0,695.0,1995.0,55.0,65.0,97.0,63.483333333333334,5,6,1,0.9659258262890683,0.25881904510252074,1300.0,1200.0,1.0,1.1607142857142858,0.0,1.7321428571428572
4,2015-02-15 01:53:23,2015-02-15 02:56:09,a4a042cf4fd6bfb47701cbc8a1653ada,mexican,1,7.0,4280.0,4.0,175.0,1095.0,124.0,84.0,142.0,62.766666666666666,1,6,1,0.25881904510252074,0.9659258262890683,920.0,611.4285714285714,1.75,0.672,40.0,1.136
1,2015-01-25 05:10:44,2015-01-25 05:49:29,8a1e808b55fde9455cb3d8857ed88389,pizza,5,2.0,3533.0,2.0,1099.0,1599.0,0.0,0.0,0.0,38.75,5,6,1,0.9659258262890683,0.25881904510252074,500.0,1766.5,1.0,0.0,0.0,0.0
2,2015-01-29 01:40:26,2015-01-29 02:40:55,78b9cab19959e4af8ff46156ee460c74,other,3,12.0,10879.344999999885,9.0,250.0,2495.0,46.0,42.0,51.0,60.483333333333334,1,3,0,0.25881904510252074,0.9659258262890683,2245.0,906.6120833333238,1.3333333333333333,0.8936170212765957,4.0,1.0851063829787233
2,2015-02-14 03:27:25,2015-02-14 04:52:56,e0ab531ec312161511493b002f9be2ee,thai,2,7.0,4650.0,6.0,250.0,1600.0,120.0,108.0,216.0,85.51666666666667,3,5,1,0.7071067811865475,0.7071067811865476,1350.0,664.2857142857143,1.1666666666666667,0.8925619834710744,12.0,1.7851239669421488
1,2015-02-13 04:03:15,2015-02-13 04:33:45,b7c0c7d6ce233d0fe18625ea3cd5bdb1,pizza,3,2.0,2198.0,2.0,499.0,1099.0,14.0,14.0,14.0,30.5,4,4,0,0.8660254037844386,0.5000000000000001,600.0,1099.0,1.0,0.9333333333333333,0.0,0.9333333333333333
2,2015-02-06 22:36:20,2015-02-06 23:28:41,7840486d157118e50c7ec204618abb3f,dessert,1,1.0,849.0,1.0,849.0,849.0,21.0,18.0,17.0,52.35,22,4,0,-0.5000000000000004,0.8660254037844384,0.0,849.0,1.0,0.8181818181818182,3.0,0.7727272727272727
4,2015-01-31 02:04:45,2015-01-31 02:44:05,0950ca92a4dcf426067cfd2246bb5ff3,american,5,2.0,2850.0,2.0,900.0,1600.0,64.0,46.0,96.0,39.333333333333336,2,5,1,0.49999999999999994,0.8660254037844387,700.0,1425.0,1.0,0.7076923076923077,18.0,1.476923076923077
3,2015-02-13 01:37:09,2015-02-13 02:43:38,9529fbba677729d3206b3b9073d1e9ca,chinese,1,3.0,1885.0,3.0,295.0,1095.0,27.0,26.0,24.0,66.48333333333333,1,4,0,0.25881904510252074,0.9659258262890683,800.0,628.3333333333334,1.0,0.9285714285714286,1.0,0.8571428571428571
4,2015-02-16 21:31:43,2015-02-16 21:54:42,bf5cd8b2509011b9502a72296edc14a0,other,3,2.0,2290.0,2.0,695.0,1095.0,43.0,28.0,31.0,22.983333333333334,21,0,0,-0.7071067811865477,0.7071067811865474,400.0,1145.0,1.0,0.6363636363636364,15.0,0.7045454545454546
3,2015-01-21 21:59:36,2015-01-21 22:35:01,956685427c5cd9dcb04f784272727336,other,1,4.0,3780.0,4.0,695.0,1195.0,4.0,0.0,0.0,35.416666666666664,21,2,0,-0.7071067811865477,0.7071067811865474,500.0,945.0,1.0,0.0,4.0,0.0
1,2015-02-15 02:54:27,2015-02-15 04:21:21,5a01f0597ac4bdf35c24846734ee9a76,japanese,1,3.0,2990.0,3.0,595.0,1150.0,0.0,0.0,0.0,86.9,2,6,1,0.49999999999999994,0.8660254037844387,555.0,996.6666666666666,1.0,0.0,0.0,0.0
1,2015-02-13 04:53:40,2015-02-13 05:51:56,4afa2aea8aa76eddf65a3b2c12a8f5f6,fast,4,5.0,1483.0,3.0,75.0,659.0,0.0,0.0,0.0,58.266666666666666,4,4,0,0.8660254037844386,0.5000000000000001,584.0,296.6,1.6666666666666667,0.0,0.0,0.0
4,2015-01-31 03:00:56,2015-01-31 03:54:11,c20ad4d76fe97759aa27a0c99bff6710,vietnamese,5,2.0,1775.0,2.0,375.0,875.0,101.0,96.0,228.0,53.25,3,5,1,0.7071067811865475,0.7071067811865476,500.0,887.5,1.0,0.9411764705882353,5.0,2.235294117647059
1,2015-01-22 22:34:54,2015-01-22 23:04:36,3c947bc2f7ff007b86a9428b74654de5,sandwich,1,1.0,970.0,1.0,625.0,625.0,21.0,12.0,12.0,29.7,22,3,0,-0.5000000000000004,0.8660254037844384,0.0,970.0,1.0,0.5454545454545454,9.0,0.5454545454545454
4,2015-02-04 01:39:12,2015-02-04 02:13:22,45c48cce2e2d7fbdea1afc51c7c6ad26,salad,5,7.0,4758.0,7.0,440.0,1320.0,87.0,85.0,117.0,34.166666666666664,1,2,0,0.25881904510252074,0.9659258262890683,880.0,679.7142857142857,1.0,0.9659090909090909,2.0,1.3295454545454546
4,2015-02-15 00:45:08,2015-02-15 01:40:58,45c48cce2e2d7fbdea1afc51c7c6ad26,salad,5,5.0,4043.0,5.0,550.0,990.0,50.0,44.0,56.0,55.833333333333336,0,6,1,0.0,1.0,440.0,808.6,1.0,0.8627450980392157,6.0,1.0980392156862746
2,2015-01-23 22:15:28,2015-01-23 22:48:32,6aadca7bd86c4743e6724f9607256126,american,1,2.0,2500.0,2.0,1200.0,1300.0,31.0,33.0,52.0,33.06666666666667,22,4,0,-0.5000000000000004,0.8660254037844384,100.0,1250.0,1.0,1.03125,0.0,1.625
4,2015-02-08 20:03:05,2015-02-08 20:48:54,cbb6a3b884f4f88b3a8e3d44c636cbd8,other,3,3.0,2640.0,3.0,550.0,1195.0,32.0,23.0,25.0,45.81666666666667,20,6,1,-0.8660254037844386,0.5000000000000001,645.0,880.0,1.0,0.696969696969697,9.0,0.7575757575757576
3,2015-02-10 18:54:34,2015-02-10 19:43:52,1677ff8f43415db89c2157e0f9e042aa,other,1,2.0,0.0,2.0,950.0,1050.0,2.0,2.0,3.0,49.3,18,1,0,-1.0,-1.8369701987210297e-16,100.0,0.0,1.0,0.6666666666666666,0.0,1.0
2,2015-01-28 04:23:14,2015-01-28 04:45:30,52c5189391854c93e8a0e1326e56c14f,thai,3,3.0,1940.0,3.0,150.0,895.0,34.0,31.0,36.0,22.266666666666666,4,2,0,0.8660254037844386,0.5000000000000001,745.0,646.6666666666666,1.0,0.8857142857142857,3.0,1.0285714285714285
1,2015-02-17 02:55:43,2015-02-17 03:50:12,3a0772443a0739141292a5429b952fe6,sandwich,1,1.0,1195.0,1.0,1195.0,1195.0,36.0,36.0,59.0,54.483333333333334,2,1,0,0.49999999999999994,0.8660254037844387,0.0,1195.0,1.0,0.972972972972973,0.0,1.5945945945945945
4,2015-01-27 19:39:51,2015-01-27 20:37:57,04df4d434d481c5bb723be1b6df1ee65,sandwich,3,7.0,4342.0,7.0,175.0,949.0,39.0,39.0,46.0,58.1,19,1,0,-0.9659258262890684,0.2588190451025203,774.0,620.2857142857143,1.0,0.975,0.0,1.15
2,2015-01-25 00:57:46,2015-01-25 01:42:19,0deb1c54814305ca9ad266f53bc82511,italian,1,3.0,3646.0,3.0,499.0,1848.0,49.0,58.0,85.0,44.55,0,6,1,0.0,1.0,1349.0,1215.3333333333333,1.0,1.16,0.0,1.7
1,2015-01-25 20:05:48,2015-01-25 20:33:52,972a8c3bc82fbee8f38bdb3edd3a3ff5,other,4,2.0,1247.0,2.0,160.0,942.0,6.0,4.0,4.0,28.066666666666666,20,6,1,-0.8660254037844386,0.5000000000000001,782.0,623.5,1.0,0.5714285714285714,2.0,0.5714285714285714
1,2015-02-03 20:46:55,2015-02-03 21:17:38,1be7e085f5416cb9b7bbee08b506ae4a,fast,4,4.0,1952.0,4.0,169.0,659.0,19.0,19.0,20.0,30.716666666666665,20,1,0,-0.8660254037844386,0.5000000000000001,490.0,488.0,1.0,0.95,0.0,1.0
1,2015-02-11 21:01:13,2015-02-11 21:21:45,212ab20dbdf4191cbcdcf015511783f4,fast,4,14.0,646.0,4.0,0.0,189.0,11.0,9.0,12.0,20.533333333333335,21,2,0,-0.7071067811865477,0.7071067811865474,189.0,46.142857142857146,3.5,0.75,2.0,1.0
2,2015-02-01 22:08:47,2015-02-01 22:47:33,aa942ab2bfa6ebda4840e7360ce6e7ef,chinese,3,2.0,1690.0,2.0,795.0,895.0,60.0,64.0,79.0,38.766666666666666,22,6,1,-0.5000000000000004,0.8660254037844384,100.0,845.0,1.0,1.0491803278688525,0.0,1.2950819672131149
3,2015-01-22 03:14:30,2015-01-22 03:45:27,f804d21145597e42851fa736e221da3f,other,1,2.0,1370.0,2.0,645.0,725.0,44.0,43.0,39.0,30.95,3,3,0,0.7071067811865475,0.7071067811865476,80.0,685.0,1.0,0.9555555555555556,1.0,0.8666666666666667
4,2015-02-12 03:26:47,2015-02-12 04:07:44,f7177163c833dff4b38fc8d2872f1ec6,dessert,5,2.0,2785.0,1.0,1295.0,1295.0,101.0,87.0,125.0,40.95,3,3,0,0.7071067811865475,0.7071067811865476,0.0,1392.5,2.0,0.8529411764705882,14.0,1.2254901960784315
4,2015-02-17 03:00:27,2015-02-17 03:43:28,cec6f62cfb44b1be110b7bf70c8362d8,chinese,3,1.0,1100.0,1.0,1100.0,1100.0,81.0,53.0,68.0,43.016666666666666,3,1,0,0.7071067811865475,0.7071067811865476,0.0,1100.0,1.0,0.6463414634146342,28.0,0.8292682926829268
4,2015-02-05 03:42:15,2015-02-05 04:39:31,cd4bb35c75ba84b4f39e547b1416fd35,dessert,5,4.0,4830.0,4.0,895.0,1250.0,45.0,49.0,98.0,57.266666666666666,3,3,0,0.7071067811865475,0.7071067811865476,355.0,1207.5,1.0,1.065217391304348,0.0,2.130434782608696
5,2015-01-30 03:52:17,2015-01-30 04:31:38,d2804bda02d05ee5868227fb24f13c98,chinese,4,2.0,1670.0,1.0,710.0,710.0,29.0,24.0,32.0,39.35,3,4,0,0.7071067811865475,0.7071067811865476,0.0,835.0,2.0,0.8,5.0,1.0666666666666667
4,2015-01-24 02:59:13,2015-01-24 03:51:13,d30960ce77e83d896503d43ba249caf7,sandwich,3,3.0,983.0,3.0,247.0,933.0,133.0,123.0,207.0,52.0,2,5,1,0.49999999999999994,0.8660254037844387,686.0,327.6666666666667,1.0,0.917910447761194,10.0,1.544776119402985
6,2015-02-15 05:19:42,2015-02-15 06:08:31,ddf9029977a61241841edeae15e9b53f,breakfast,2,4.0,1345.0,4.0,145.0,430.0,9.0,9.0,15.0,48.81666666666667,5,6,1,0.9659258262890683,0.25881904510252074,285.0,336.25,1.0,0.9,0.0,1.5
4,2015-01-21 19:05:51,2015-01-21 19:51:06,d045c59a90d7587d8d671b5f5aec4e7c,sandwich,5,1.0,797.0,1.0,797.0,797.0,28.0,21.0,26.0,45.25,19,2,0,-0.9659258262890684,0.2588190451025203,0.0,797.0,1.0,0.7241379310344828,7.0,0.896551724137931
6,2015-02-14 00:54:19,2015-02-14 01:33:09,f571b230f35658c8bd8c6348021e0b53,burger,4,2.0,875.0,2.0,275.0,550.0,37.0,34.0,41.0,38.833333333333336,0,5,1,0.0,1.0,275.0,437.5,1.0,0.8947368421052632,3.0,1.0789473684210527
2,2015-02-12 04:22:52,2015-02-12 05:00:18,c8512d142a2d849725f31a9a7a361ab9,fast,4,5.0,698.0,3.0,0.0,529.0,40.0,41.0,73.0,37.43333333333333,4,3,0,0.8660254037844386,0.5000000000000001,529.0,139.6,1.6666666666666667,1.0,0.0,1.7804878048780488
3,2015-02-02 03:34:02,2015-02-02 05:07:40,b2e466c9d91e7a0be71ab741fc76c4a1,thai,3,2.0,1495.0,2.0,500.0,995.0,11.0,12.0,28.0,93.63333333333334,3,0,0,0.7071067811865475,0.7071067811865476,495.0,747.5,1.0,1.0,0.0,2.3333333333333335
1,2015-01-22 03:26:30,2015-01-22 04:38:09,ec79d4bed810ed64267d169b0d37373e,american,3,2.0,2645.0,2.0,1095.0,1450.0,14.0,15.0,16.0,71.65,3,3,0,0.7071067811865475,0.7071067811865476,355.0,1322.5,1.0,1.0,0.0,1.0666666666666667
2,2015-02-01 04:11:30,2015-02-01 05:05:21,9872ed9fc22fc182d371c3e9ed316094,other,3,2.0,2900.0,1.0,1000.0,1000.0,34.0,36.0,67.0,53.85,4,6,1,0.8660254037844386,0.5000000000000001,0.0,1450.0,2.0,1.0285714285714285,0.0,1.9142857142857144
6,2015-02-01 02:54:26,2015-02-01 03:28:04,ee1d21306cddf0e43641f1dc52d810be,mexican,1,1.0,959.0,1.0,959.0,959.0,14.0,14.0,18.0,33.63333333333333,2,6,1,0.49999999999999994,0.8660254037844387,0.0,959.0,1.0,0.9333333333333333,0.0,1.2
2,2015-02-06 01:43:52,2015-02-06 02:08:21,fe8c15fed5f808006ce95eddb7366e35,indian,3,2.0,2200.0,2.0,1000.0,1200.0,60.0,45.0,45.0,24.483333333333334,1,4,0,0.25881904510252074,0.9659258262890683,200.0,1100.0,1.0,0.7377049180327869,15.0,0.7377049180327869
3,2015-01-26 02:37:08,2015-01-26 03:17:52,e6acf4b0f69f6f6e60e9a815938aa1ff,pizza,3,2.0,2788.0,2.0,1159.0,1329.0,42.0,31.0,27.0,40.733333333333334,2,0,0,0.49999999999999994,0.8660254037844387,170.0,1394.0,1.0,0.7209302325581395,11.0,0.627906976744186
3,2015-01-30 02:00:44,2015-01-30 02:42:03,ebae5f81d1c4563ae8f8d07b9290324f,pizza,5,3.0,3895.0,3.0,750.0,895.0,53.0,35.0,35.0,41.31666666666667,2,4,0,0.49999999999999994,0.8660254037844387,145.0,1298.3333333333333,1.0,0.6481481481481481,18.0,0.6481481481481481
1,2015-01-30 04:48:53,2015-01-30 05:24:57,4dbf29d90d5780cab50897fb955e4373,fast,4,4.0,711.0,3.0,100.0,178.0,4.0,4.0,8.0,36.06666666666667,4,4,0,0.8660254037844386,0.5000000000000001,78.0,177.75,1.3333333333333333,0.8,0.0,1.6
3,2015-02-06 01:49:59,2015-02-06 02:47:11,66ad4d795e99fb554db14f094b47de9c,breakfast,4,3.0,2750.0,3.0,480.0,1230.0,0.0,0.0,0.0,57.2,1,4,0,0.25881904510252074,0.9659258262890683,750.0,916.6666666666666,1.0,0.0,0.0,0.0
3,2015-01-24 00:19:08,2015-01-24 01:08:09,cfcce0621b49c983991ead4c3d4d3b6b,fast,4,2.0,1674.0,2.0,639.0,675.0,31.0,19.0,18.0,49.016666666666666,0,5,1,0.0,1.0,36.0,837.0,1.0,0.59375,12.0,0.5625
3,2015-01-31 03:32:04,2015-01-31 04:46:45,ccb421d5f36c5a412816d494b15ca9f6,other,1,1.0,1399.0,1.0,1399.0,1399.0,33.0,34.0,45.0,74.68333333333334,3,5,1,0.7071067811865475,0.7071067811865476,0.0,1399.0,1.0,1.0,0.0,1.3235294117647058
3,2015-02-18 01:29:12,2015-02-18 02:03:59,0c6fc0ac5afb01a75fe1910da98db915,american,1,2.0,1649.0,2.0,350.0,1299.0,3.0,3.0,4.0,34.78333333333333,1,2,0,0.25881904510252074,0.9659258262890683,949.0,824.5,1.0,0.75,0.0,1.0
4,2015-02-03 03:34:22,2015-02-03 04:18:35,d67d8ab4f4c10bf22aa353e27879133c,mediterranean,3,1.0,1195.0,1.0,1195.0,1195.0,77.0,78.0,145.0,44.21666666666667,3,1,0,0.7071067811865475,0.7071067811865476,0.0,1195.0,1.0,1.0,0.0,1.858974358974359
4,2015-02-08 04:09:43,2015-02-08 05:10:17,9c838d2e45b2ad1094d42f4ef36764f6,italian,1,1.0,2200.0,1.0,2000.0,2000.0,86.0,80.0,117.0,60.56666666666667,4,6,1,0.8660254037844386,0.5000000000000001,0.0,2200.0,1.0,0.9195402298850575,6.0,1.3448275862068966
1,2015-02-12 03:19:29,2015-02-12 04:22:01,fd8c07a31f8a85910ad8476f5f7efb27,mexican,3,1.0,835.0,1.0,710.0,710.0,0.0,0.0,0.0,62.53333333333333,3,3,0,0.7071067811865475,0.7071067811865476,0.0,835.0,1.0,0.0,0.0,0.0
4,2015-02-10 04:56:49,2015-02-10 05:33:39,68d30a9594728bc39aa24be94b319d21,other,3,1.0,1400.0,1.0,1400.0,1400.0,40.0,34.0,39.0,36.833333333333336,4,1,0,0.8660254037844386,0.5000000000000001,0.0,1400.0,1.0,0.8292682926829268,6.0,0.9512195121951219
2,2015-02-13 03:31:10,2015-02-13 04:19:12,0c9e63b6cec0627182663ae8feb204cb,burger,1,3.0,1917.0,3.0,549.0,749.0,132.0,114.0,185.0,48.03333333333333,3,4,0,0.7071067811865475,0.7071067811865476,200.0,639.0,1.0,0.8571428571428571,18.0,1.3909774436090225
2,2015-02-06 02:25:14,2015-02-06 03:29:58,3636638817772e42b59d74cff571fbb3,italian,3,4.0,3880.0,4.0,495.0,1295.0,65.0,46.0,65.0,64.73333333333333,2,4,0,0.49999999999999994,0.8660254037844387,800.0,970.0,1.0,0.696969696969697,19.0,0.9848484848484849
2,2015-02-08 01:16:33,2015-02-08 02:06:59,afecc60f82be41c1b52f6705ec69e0f1,other,1,2.0,3150.0,2.0,1200.0,1500.0,37.0,34.0,41.0,50.43333333333333,1,6,1,0.25881904510252074,0.9659258262890683,300.0,1575.0,1.0,0.8947368421052632,3.0,1.0789473684210527
2,2015-02-09 04:47:18,2015-02-09 05:31:53,149e9677a5989fd342ae44213df68868,dessert,1,1.0,1195.0,1.0,1195.0,1195.0,27.0,29.0,34.0,44.583333333333336,4,0,0,0.8660254037844386,0.5000000000000001,0.0,1195.0,1.0,1.0357142857142858,0.0,1.2142857142857142
2,2015-01-31 01:44:02,2015-01-31 03:13:34,05b2c0a62ef25ac7c2ea2eb32d3e27bc,breakfast,3,8.0,7295.0,8.0,400.0,1495.0,102.0,83.0,144.0,89.53333333333333,1,5,1,0.25881904510252074,0.9659258262890683,1095.0,911.875,1.0,0.8058252427184466,19.0,1.3980582524271845
5,2015-01-21 18:17:56,2015-01-21 18:43:13,9a3d458322d70046f63dfd8b0153ece4,greek,3,2.0,1818.0,1.0,729.0,729.0,7.0,3.0,3.0,25.283333333333335,18,2,0,-1.0,-1.8369701987210297e-16,0.0,909.0,2.0,0.375,4.0,0.375
2,2015-02-15 22:25:24,2015-02-15 23:08:06,f9d8a11e28de83af2f210a46dd624a64,unknown,3,9.0,6387.0,4.0,349.0,1199.0,65.0,64.0,76.0,42.7,22,6,1,-0.5000000000000004,0.8660254037844384,850.0,709.6666666666666,2.25,0.9696969696969697,1.0,1.1515151515151516
1,2015-02-06 02:40:37,2015-02-06 03:22:44,9f9d7d036be82e3c8c373b3646d3ff8e,other,5,7.0,2685.0,3.0,295.0,350.0,0.0,0.0,0.0,42.11666666666667,2,4,0,0.49999999999999994,0.8660254037844387,55.0,383.57142857142856,2.3333333333333335,0.0,0.0,0.0
1,2015-01-27 19:22:44,2015-01-27 20:15:12,bcc0d400288793e8bdcd7c19a8ac0c2b,breakfast,1,15.0,10879.344999999885,9.0,125.0,995.0,20.0,19.0,25.0,52.46666666666667,19,1,0,-0.9659258262890684,0.2588190451025203,870.0,725.289666666659,1.6666666666666667,0.9047619047619048,1.0,1.1904761904761905
1,2015-02-12 01:45:52,2015-02-12 02:30:12,c75b6f114c23a4d7ea11331e7c00e73c,american,1,3.0,2800.0,3.0,500.0,600.0,41.0,38.0,36.0,44.333333333333336,1,3,0,0.25881904510252074,0.9659258262890683,100.0,933.3333333333334,1.0,0.9047619047619048,3.0,0.8571428571428571
2,2015-02-07 02:12:56,2015-02-07 03:03:52,a597e50502f5ff68e3e25b9114205d4a,italian,5,4.0,4175.0,3.0,275.0,1450.0,141.0,108.0,189.0,50.93333333333333,2,5,1,0.49999999999999994,0.8660254037844387,1175.0,1043.75,1.3333333333333333,0.7605633802816901,33.0,1.3309859154929577
1,2015-02-10 04:09:21,2015-02-10 04:49:19,68e4593563e1b425a7717504bca103d6,mediterranean,5,3.0,2375.0,2.0,475.0,950.0,28.0,34.0,32.0,39.96666666666667,4,1,0,0.8660254037844386,0.5000000000000001,475.0,791.6666666666666,1.5,1.1724137931034482,0.0,1.103448275862069
2,2015-02-08 17:06:20,2015-02-08 18:02:43,faacbcd5bf1d018912c116bf2783e9a1,mexican,5,1.0,1199.0,1.0,1199.0,1199.0,17.0,19.0,22.0,56.38333333333333,17,6,1,-0.9659258262890683,-0.25881904510252063,0.0,1199.0,1.0,1.0555555555555556,0.0,1.2222222222222223
3,2015-02-16 02:41:31,2015-02-16 03:14:40,1dc907539dc8fc57e6b3cbf1a276ccce,mexican,2,4.0,3896.0,3.0,429.0,829.0,50.0,49.0,80.0,33.15,2,0,0,0.49999999999999994,0.8660254037844387,400.0,974.0,1.3333333333333333,0.9607843137254902,1.0,1.5686274509803921
2,2015-02-12 02:31:46,2015-02-12 03:10:40,2f55707d4193dc27118a0f19a1985716,indian,3,4.0,2285.0,3.0,400.0,695.0,62.0,62.0,83.0,38.9,2,3,0,0.49999999999999994,0.8660254037844387,295.0,571.25,1.3333333333333333,0.9841269841269841,0.0,1.3174603174603174
5,2015-01-25 03:07:15,2015-01-25 03:46:06,3d1296c4b4b859ac2fb14019654a5f57,japanese,5,3.0,2450.0,3.0,750.0,900.0,46.0,60.0,53.0,38.85,3,6,1,0.7071067811865475,0.7071067811865476,150.0,816.6666666666666,1.0,1.2765957446808511,0.0,1.127659574468085
2,2015-01-25 02:06:29,2015-01-25 03:27:20,170f6aa36530c364b77ddf83a84e7351,mexican,3,3.0,3550.0,2.0,375.0,2800.0,37.0,34.0,41.0,80.85,2,6,1,0.49999999999999994,0.8660254037844387,2425.0,1183.3333333333333,1.5,0.8947368421052632,3.0,1.0789473684210527
3,2015-01-29 00:58:05,2015-01-29 01:47:01,00b5d2692a781b6a9d3d1522c6e9d1ad,other,1,3.0,3399.0,3.0,359.0,2015.0,5.0,2.0,2.0,48.93333333333333,0,3,0,0.0,1.0,1656.0,1133.0,1.0,0.3333333333333333,3.0,0.3333333333333333
6,2015-02-04 05:48:57,2015-02-04 06:38:43,777669af68dbccabc30c3b6bcaa81825,fast,1,2.0,2190.0,2.0,1095.0,1095.0,37.0,34.0,41.0,49.766666666666666,5,2,0,0.9659258262890683,0.25881904510252074,0.0,1095.0,1.0,0.8947368421052632,3.0,1.0789473684210527
2,2015-02-15 02:55:43,2015-02-15 04:29:03,fa7cdfad1a5aaf8370ebeda47a1ff1c3,japanese,1,6.0,4216.0,5.0,270.0,1360.0,128.0,127.0,227.0,93.33333333333333,2,6,1,0.49999999999999994,0.8660254037844387,1090.0,702.6666666666666,1.2,0.9844961240310077,1.0,1.7596899224806202
2,2015-02-13 22:49:01,2015-02-13 23:26:22,d99f37116c32298b4a726d5a2134e1e7,mediterranean,2,3.0,1397.0,3.0,199.0,799.0,31.0,29.0,34.0,37.35,22,4,0,-0.5000000000000004,0.8660254037844384,600.0,465.6666666666667,1.0,0.90625,2.0,1.0625
1,2015-02-14 23:30:18,2015-02-15 00:27:40,764f9642ebf04622c53ebc366a68c0a7,other,2,4.0,2600.0,3.0,650.0,650.0,4.0,4.0,2.0,57.36666666666667,23,5,1,-0.25881904510252157,0.9659258262890681,0.0,650.0,1.3333333333333333,0.8,0.0,0.4
2,2015-01-28 21:23:28,2015-01-28 21:49:39,1be3bc32e6564055d5ca3e5a354acbef,american,3,2.0,953.0,2.0,199.0,699.0,43.0,23.0,23.0,26.183333333333334,21,2,0,-0.7071067811865477,0.7071067811865474,500.0,476.5,1.0,0.5227272727272727,20.0,0.5227272727272727
1,2015-01-24 02:13:43,2015-01-24 03:08:52,b73dfe25b4b8714c029b37a6ad3006fa,italian,5,4.0,4850.0,3.0,0.0,1175.0,53.0,54.0,70.0,55.15,2,5,1,0.49999999999999994,0.8660254037844387,1175.0,1212.5,1.3333333333333333,1.0,0.0,1.2962962962962963
5,2015-01-26 01:32:48,2015-01-26 02:06:21,8b58bfa9e198667418d251769277200c,dessert,4,2.0,1698.0,1.0,849.0,849.0,18.0,8.0,4.0,33.55,1,0,0,0.25881904510252074,0.9659258262890683,0.0,849.0,2.0,0.42105263157894735,10.0,0.21052631578947367
4,2015-01-22 19:28:45,2015-01-22 20:13:57,89885ff2c83a10305ee08bd507c1049c,unknown,3,3.0,975.0,2.0,125.0,725.0,69.0,68.0,70.0,45.2,19,3,0,-0.9659258262890684,0.2588190451025203,600.0,325.0,1.5,0.9714285714285714,1.0,1.0
5,2015-02-18 02:28:33,2015-02-18 03:15:01,abeef011001618f43ad5a5274e7d437c,mexican,1,1.0,2000.0,1.0,2000.0,2000.0,18.0,12.0,15.0,46.46666666666667,2,2,0,0.49999999999999994,0.8660254037844387,0.0,2000.0,1.0,0.631578947368421,6.0,0.7894736842105263
2,2015-02-10 02:31:08,2015-02-10 03:10:28,757b505cfd34c64c85ca5b5690ee5293,american,3,2.0,1280.0,2.0,422.0,911.0,96.0,100.0,148.0,39.333333333333336,2,1,0,0.49999999999999994,0.8660254037844387,489.0,640.0,1.0,1.0309278350515463,0.0,1.5257731958762886
2,2015-02-18 01:22:03,2015-02-18 02:01:11,d99f37116c32298b4a726d5a2134e1e7,mediterranean,2,1.0,899.0,1.0,799.0,799.0,67.0,62.0,61.0,39.13333333333333,1,2,0,0.25881904510252074,0.9659258262890683,0.0,899.0,1.0,0.9117647058823529,5.0,0.8970588235294118
1,2015-02-16 23:13:43,2015-02-16 23:59:14,c8ecfaea0b7e3aa83b017a786d53b9e8,fast,4,3.0,815.0,2.0,165.0,293.0,15.0,15.0,18.0,45.516666666666666,23,0,0,-0.25881904510252157,0.9659258262890681,128.0,271.6666666666667,1.5,0.9375,0.0,1.125
6,2015-01-24 04:05:40,2015-01-24 04:48:06,34f8150045a976a95a6a16248623f28b,other,4,1.0,400.0,1.0,350.0,350.0,37.0,34.0,41.0,42.43333333333333,4,5,1,0.8660254037844386,0.5000000000000001,0.0,400.0,1.0,0.8947368421052632,3.0,1.0789473684210527
2,2015-02-07 02:52:24,2015-02-07 03:46:44,7e7757b1e12abcb736ab9a754ffb617a,japanese,1,3.0,4497.0,2.0,1399.0,1549.0,141.0,129.39499999998952,224.0,54.333333333333336,2,5,1,0.49999999999999994,0.8660254037844387,150.0,1499.0,1.5,0.9112323943661234,11.605000000010477,1.5774647887323943
2,2015-01-31 02:16:26,2015-01-31 03:17:39,b37b55cfd264be85453811ac5df63760,other,4,2.0,2800.0,2.0,500.0,2300.0,48.0,46.0,95.0,61.21666666666667,2,5,1,0.49999999999999994,0.8660254037844387,1800.0,1400.0,1.0,0.9387755102040817,2.0,1.9387755102040816
2,2015-02-01 03:09:32,2015-02-01 04:16:08,06409663226af2f3114485aa4e0a23b4,american,5,2.0,2300.0,1.0,1150.0,1150.0,41.0,41.0,77.0,66.6,3,6,1,0.7071067811865475,0.7071067811865476,0.0,1150.0,2.0,0.9761904761904762,0.0,1.8333333333333333
1,2015-02-15 18:48:03,2015-02-15 20:00:24,92b78b60f9d00a0ac34898be97d15188,american,1,4.0,2280.0,4.0,295.0,795.0,18.0,16.0,19.0,72.35,18,6,1,-1.0,-1.8369701987210297e-16,500.0,570.0,1.0,0.8421052631578947,2.0,1.0
1,2015-02-01 19:39:20,2015-02-01 21:17:45,82f2b308c3b01637c607ce05f52a2fed,breakfast,1,3.0,2445.0,3.0,400.0,1195.0,7.0,9.0,12.0,98.41666666666667,19,6,1,-0.9659258262890684,0.2588190451025203,795.0,815.0,1.0,1.125,0.0,1.5
3,2015-02-01 02:47:48,2015-02-01 03:08:34,6e0e24295e8a86282cb559b860416812,other,5,3.0,3297.0,3.0,599.0,2099.0,59.0,59.0,39.0,20.766666666666666,2,6,1,0.49999999999999994,0.8660254037844387,1500.0,1099.0,1.0,0.9833333333333333,0.0,0.65
2,2015-02-14 17:26:21,2015-02-14 18:04:02,a6bebbe36e02bb16c654383299bc7740,mexican,2,4.0,1470.0,3.0,240.0,750.0,22.0,21.0,29.0,37.68333333333333,17,5,1,-0.9659258262890683,-0.25881904510252063,510.0,367.5,1.3333333333333333,0.9130434782608695,1.0,1.2608695652173914
2,2015-02-12 20:18:10,2015-02-12 21:13:21,0c74b7f78409a4022a2c4c5a5ca3ee19,japanese,1,1.0,1595.0,1.0,1595.0,1595.0,46.0,47.0,64.0,55.18333333333333,20,3,0,-0.8660254037844386,0.5000000000000001,0.0,1595.0,1.0,1.0,0.0,1.3617021276595744
4,2015-01-31 03:43:32,2015-01-31 04:28:18,31c0c178a9fc26ffecffd8670e6d746d,chinese,4,2.0,1025.0,2.0,190.0,710.0,94.0,95.0,178.0,44.766666666666666,3,5,1,0.7071067811865475,0.7071067811865476,520.0,512.5,1.0,1.0,0.0,1.8736842105263158
4,2015-02-04 21:21:29,2015-02-04 22:46:12,8074ea1e919ed5dc154c7fe6f1a2e212,other,2,15.0,10286.0,9.0,280.0,495.0,41.0,34.0,40.0,84.71666666666667,21,2,0,-0.7071067811865477,0.7071067811865474,215.0,685.7333333333333,1.6666666666666667,0.8095238095238095,7.0,0.9523809523809523
1,2015-02-04 02:41:47,2015-02-04 03:39:50,a714ec6796f638ba4d5792f78dccd134,japanese,3,14.0,6740.0,8.0,250.0,1095.0,22.0,23.0,26.0,58.05,2,2,0,0.49999999999999994,0.8660254037844387,845.0,481.42857142857144,1.75,1.0,0.0,1.1304347826086956
1,2015-02-15 04:43:36,2015-02-15 05:42:16,7c9d0b1f96aebd7b5eca8c3edaa19ebb,other,1,4.0,4124.0,3.0,671.0,1159.0,16.0,12.0,21.0,58.666666666666664,4,6,1,0.8660254037844386,0.5000000000000001,488.0,1031.0,1.3333333333333333,0.7058823529411765,4.0,1.2352941176470589
3,2015-01-31 18:43:45,2015-01-31 19:10:01,caa89215e67b35d504b99a0b22f1c56d,american,1,1.0,1199.0,1.0,1199.0,1199.0,5.0,4.0,4.0,26.266666666666666,18,5,1,-1.0,-1.8369701987210297e-16,0.0,1199.0,1.0,0.6666666666666666,1.0,0.6666666666666666
4,2015-01-23 19:00:21,2015-01-23 19:30:23,38db3aed920cf82ab059bfccbd02be6a,other,2,2.0,1445.0,2.0,250.0,1195.0,49.0,36.0,38.0,30.033333333333335,19,4,0,-0.9659258262890684,0.2588190451025203,945.0,722.5,1.0,0.72,13.0,0.76
1,2015-01-28 01:46:34,2015-01-28 02:22:36,a8e864d04c95572d1aece099af852d0a,mediterranean,5,3.0,4095.0,2.0,1195.0,1350.0,34.0,34.0,35.0,36.03333333333333,1,2,0,0.25881904510252074,0.9659258262890683,155.0,1365.0,1.5,0.9714285714285714,0.0,1.0
2,2015-02-07 21:22:21,2015-02-07 22:00:07,e0c641195b27425bb056ac56f8953d24,sandwich,3,2.0,1557.0,2.0,389.0,479.0,34.0,33.0,37.0,37.766666666666666,21,5,1,-0.7071067811865477,0.7071067811865474,90.0,778.5,1.0,0.9428571428571428,1.0,1.0571428571428572
4,2015-01-25 20:56:49,2015-01-25 21:38:39,0aed23da2775d1ffec4e951b99f3cca8,pizza,2,9.0,5004.0,6.0,135.0,1190.0,15.0,4.0,4.0,41.833333333333336,20,6,1,-0.8660254037844386,0.5000000000000001,1055.0,556.0,1.5,0.25,11.0,0.25
2,2015-01-21 23:50:04,2015-01-22 00:53:01,b8516c82e38e6b34bc96330a3ba59b03,unknown,2,1.0,646.0,1.0,479.0,481.0,29.0,26.0,38.0,62.95,23,2,0,-0.25881904510252157,0.9659258262890681,2.0,646.0,1.0,0.8666666666666667,3.0,1.2666666666666666
4,2015-02-16 21:05:03,2015-02-16 22:14:32,3806734b256c27e41ec2c6bffa26d9e7,japanese,2,2.0,1490.0,2.0,395.0,1095.0,30.0,29.0,28.0,69.48333333333333,21,0,0,-0.7071067811865477,0.7071067811865474,700.0,745.0,1.0,0.9354838709677419,1.0,0.9032258064516129
6,2015-02-13 02:24:02,2015-02-13 03:21:26,ff42b03a06a1bed4e936f0e04958e168,other,5,2.0,800.0,2.0,325.0,475.0,37.0,34.0,41.0,57.4,2,4,0,0.49999999999999994,0.8660254037844387,150.0,400.0,1.0,0.8947368421052632,3.0,1.0789473684210527
2,2015-02-12 19:11:05,2015-02-12 19:43:52,b9228e0962a78b84f3d5d92f4faa000b,other,1,1.0,800.0,1.0,800.0,800.0,30.0,28.0,36.0,32.78333333333333,19,3,0,-0.9659258262890684,0.2588190451025203,0.0,800.0,1.0,0.9032258064516129,2.0,1.1612903225806452
3,2015-02-02 20:35:51,2015-02-02 21:57:49,9529fbba677729d3206b3b9073d1e9ca,chinese,1,3.0,2485.0,3.0,395.0,1095.0,11.0,14.0,21.0,81.96666666666667,20,0,0,-0.8660254037844386,0.5000000000000001,700.0,828.3333333333334,1.0,1.1666666666666667,0.0,1.75
1,2015-02-13 01:16:15,2015-02-13 02:12:48,b613e70fd9f59310cf0a8d33de3f2800,japanese,3,5.0,5505.0,5.0,495.0,1595.0,10.0,7.0,9.0,56.55,1,4,0,0.25881904510252074,0.9659258262890683,1100.0,1101.0,1.0,0.6363636363636364,3.0,0.8181818181818182
4,2015-01-24 22:07:40,2015-01-24 23:02:17,310b3b4c1e4aeefae1a8eb83c9f5eb57,mexican,2,1.0,774.0,1.0,699.0,699.0,7.0,8.0,9.0,54.61666666666667,22,5,1,-0.5000000000000004,0.8660254037844384,0.0,774.0,1.0,1.0,0.0,1.125
2,2015-02-01 18:12:26,2015-02-01 19:04:11,9766527f2b5d3e95d4a733fcfb77bd7e,greek,3,2.0,1745.0,2.0,595.0,1150.0,31.0,31.0,39.0,51.75,18,6,1,-1.0,-1.8369701987210297e-16,555.0,872.5,1.0,0.96875,0.0,1.21875
2,2015-02-01 04:08:46,2015-02-01 04:57:52,9854d7afce413aa13cd0a1d39d0bcec5,american,1,4.0,4586.0,3.0,229.0,3029.0,94.0,100.0,178.0,49.1,4,6,1,0.8660254037844386,0.5000000000000001,2800.0,1146.5,1.3333333333333333,1.0526315789473684,0.0,1.8736842105263158
6,2015-02-11 20:12:42,2015-02-11 20:55:06,466473650870501e3600d9a1b4ee5d44,american,2,1.0,1430.0,1.0,1430.0,1430.0,37.0,34.0,41.0,42.4,20,2,0,-0.8660254037844386,0.5000000000000001,0.0,1430.0,1.0,0.8947368421052632,3.0,1.0789473684210527
4,2015-02-09 01:35:27,2015-02-09 02:27:40,dd04b0cb9dc44609df0f78c4960e9589,mexican,4,1.0,1820.0,1.0,1560.0,1560.0,72.0,56.0,94.0,52.21666666666667,1,0,0,0.25881904510252074,0.9659258262890683,0.0,1820.0,1.0,0.7671232876712328,16.0,1.2876712328767124
5,2015-02-13 23:54:26,2015-02-14 00:21:38,a38c443284e98427195669e68a0016cb,unknown,1,1.0,1545.0,1.0,1545.0,1545.0,23.0,11.0,12.0,27.2,23,4,0,-0.25881904510252157,0.9659258262890681,0.0,1545.0,1.0,0.4583333333333333,12.0,0.5
1,2015-02-17 00:47:52,2015-02-17 01:21:02,20b5e1cf8694af7a3c1ba4a87f073021,mediterranean,3,3.0,1625.0,3.0,375.0,850.0,17.0,17.0,22.0,33.166666666666664,0,1,0,0.0,1.0,475.0,541.6666666666666,1.0,0.9444444444444444,0.0,1.2222222222222223
2,2015-01-24 22:17:12,2015-01-24 22:44:56,c5866e93cab1776890fe343c9e7063fb,sandwich,3,2.0,1073.0,2.0,175.0,799.0,31.0,58.0,46.0,27.733333333333334,22,5,1,-0.5000000000000004,0.8660254037844384,624.0,536.5,1.0,1.8125,0.0,1.4375
2,2015-01-22 03:21:49,2015-01-22 03:57:52,7f100b7b36092fb9b06dfb4fac360931,burger,5,3.0,3125.0,3.0,735.0,1095.0,78.0,66.0,93.0,36.05,3,3,0,0.7071067811865475,0.7071067811865476,360.0,1041.6666666666667,1.0,0.8354430379746836,12.0,1.1772151898734178
6,2015-01-27 20:19:02,2015-01-27 21:01:28,e4a93f0332b2519177ed55741ea4e5e7,vietnamese,2,2.0,2120.0,1.0,750.0,750.0,37.0,34.0,41.0,42.43333333333333,20,1,0,-0.8660254037844386,0.5000000000000001,0.0,1060.0,2.0,0.8947368421052632,3.0,1.0789473684210527
4,2015-02-05 01:49:39,2015-02-05 03:06:25,6e2eec9ca19c076736d19ac5426473af,pizza,3,2.0,3353.0,2.0,1099.0,1579.0,93.0,92.0,144.0,76.76666666666667,1,3,0,0.25881904510252074,0.9659258262890683,480.0,1676.5,1.0,0.9787234042553191,1.0,1.5319148936170213
2,2015-02-14 23:25:40,2015-02-15 00:09:30,7437d136770f5b35194cb46c1653efaa,vietnamese,2,3.0,2850.0,3.0,550.0,1100.0,22.0,21.0,23.0,43.833333333333336,23,5,1,-0.25881904510252157,0.9659258262890681,550.0,950.0,1.0,0.9130434782608695,1.0,1.0
4,2015-02-10 20:33:17,2015-02-10 21:11:31,350db081a661525235354dd3e19b8c05,thai,3,2.0,1270.0,2.0,275.0,995.0,71.0,68.0,110.0,38.233333333333334,20,1,0,-0.8660254037844386,0.5000000000000001,720.0,635.0,1.0,0.9444444444444444,3.0,1.5277777777777777
4,2015-02-12 04:17:38,2015-02-12 05:22:27,a97da629b098b75c294dffdc3e463904,dessert,1,2.0,2545.0,2.0,1195.0,1350.0,70.0,62.0,81.0,64.81666666666666,4,3,0,0.8660254037844386,0.5000000000000001,155.0,1272.5,1.0,0.8732394366197183,8.0,1.1408450704225352
4,2015-02-03 04:52:26,2015-02-03 06:23:33,021b8947656eb84e4c641506215777c8,japanese,1,1.0,1200.0,1.0,1200.0,1200.0,12.0,10.0,9.0,91.11666666666666,4,1,0,0.8660254037844386,0.5000000000000001,0.0,1200.0,1.0,0.7692307692307693,2.0,0.6923076923076923
3,2015-02-04 22:20:31,2015-02-04 23:41:49,08a83ab0d6cfa10c7dc6844badeeb9de,other,1,2.0,1390.0,2.0,645.0,745.0,2.0,2.0,3.0,81.3,22,2,0,-0.5000000000000004,0.8660254037844384,100.0,695.0,1.0,0.6666666666666666,0.0,1.0
4,2015-02-05 02:13:07,2015-02-05 03:17:56,f1b6f2857fb6d44dd73c7041e0aa0f19,other,5,3.0,3100.0,3.0,400.0,1900.0,86.0,75.0,115.0,64.81666666666666,2,3,0,0.49999999999999994,0.8660254037844387,1500.0,1033.3333333333333,1.0,0.8620689655172413,11.0,1.3218390804597702
4,2015-02-14 02:37:30,2015-02-14 03:38:31,c20ad4d76fe97759aa27a0c99bff6710,vietnamese,5,5.0,5175.0,3.0,795.0,1295.0,128.0,127.0,192.0,61.016666666666666,2,5,1,0.49999999999999994,0.8660254037844387,500.0,1035.0,1.6666666666666667,0.9844961240310077,1.0,1.4883720930232558
3,2015-01-30 02:02:54,2015-01-30 02:45:53,ed277964a8959e72a0d987e598dfbe72,american,1,2.0,2820.0,2.0,1235.0,1585.0,53.0,35.0,35.0,42.983333333333334,2,4,0,0.49999999999999994,0.8660254037844387,350.0,1410.0,1.0,0.6481481481481481,18.0,0.6481481481481481
1,2015-01-23 20:46:29,2015-01-23 21:54:15,0f34132b15dd02f282a11ea1e322a96d,japanese,4,2.0,2200.0,2.0,600.0,1600.0,11.0,9.0,8.0,67.76666666666667,20,4,0,-0.8660254037844386,0.5000000000000001,1000.0,1100.0,1.0,0.75,2.0,0.6666666666666666
3,2015-02-15 03:47:58,2015-02-15 04:54:38,91827a3c081a31153f16b3e86e3263fd,mexican,1,2.0,2545.0,2.0,950.0,1095.0,0.0,0.0,0.0,66.66666666666667,3,6,1,0.7071067811865475,0.7071067811865476,145.0,1272.5,1.0,0.0,0.0,0.0
4,2015-02-14 03:29:26,2015-02-14 04:14:07,dfaf0f333b6b70de28eaf291774d94db,dessert,2,2.0,2400.0,2.0,1200.0,1200.0,101.0,94.0,186.0,44.68333333333333,3,5,1,0.7071067811865475,0.7071067811865476,0.0,1200.0,1.0,0.9215686274509803,7.0,1.8235294117647058
2,2015-02-04 04:14:13,2015-02-04 04:42:43,1385974ed5904a438616ff7bdb3f7439,mexican,5,9.0,4931.0,4.0,369.0,999.0,63.0,64.0,81.0,28.5,4,2,0,0.8660254037844386,0.5000000000000001,630.0,547.8888888888889,2.25,1.0,0.0,1.265625
5,2015-02-15 19:08:56,2015-02-15 19:37:19,be26abe76fb5c8a4921cf9d3e865b454,dessert,5,2.0,1900.0,1.0,950.0,950.0,17.0,10.0,10.0,28.383333333333333,19,6,1,-0.9659258262890684,0.2588190451025203,0.0,950.0,2.0,0.5555555555555556,7.0,0.5555555555555556
4,2015-01-27 03:21:14,2015-01-27 04:03:02,298f95e1bf9136124592c8d4825a06fc,pizza,3,3.0,3077.0,3.0,149.0,1599.0,48.0,69.0,54.0,41.8,3,1,0,0.7071067811865475,0.7071067811865476,1450.0,1025.6666666666667,1.0,1.4081632653061225,0.0,1.1020408163265305
2,2015-01-26 17:14:31,2015-01-26 17:53:36,991de292e76f74f3c285b3f6d57958d5,breakfast,2,1.0,825.0,1.0,825.0,825.0,6.0,25.0,11.0,39.083333333333336,17,0,0,-0.9659258262890683,-0.25881904510252063,0.0,825.0,1.0,3.5714285714285716,0.0,1.5714285714285714
1,2015-01-25 03:31:32,2015-01-25 04:07:22,aebf7782a3d445f43cf30ee2c0d84dee,pizza,3,7.0,8313.0,6.0,499.0,1129.0,22.0,22.0,34.0,35.833333333333336,3,6,1,0.7071067811865475,0.7071067811865476,630.0,1187.5714285714287,1.1666666666666667,0.9565217391304348,0.0,1.4782608695652173
4,2015-01-30 02:08:15,2015-01-30 03:08:33,28dc6b0e1b33769b4b94685e4f4d1e5c,japanese,3,6.0,2097.0,6.0,150.0,875.0,98.0,82.0,130.0,60.3,2,4,0,0.49999999999999994,0.8660254037844387,725.0,349.5,1.0,0.8282828282828283,16.0,1.3131313131313131
1,2015-02-15 03:15:04,2015-02-15 04:41:31,995e1fda4a2b5f55ef0df50868bf2a8f,sandwich,5,6.0,2438.0,4.0,165.0,1260.0,52.0,52.0,87.0,86.45,3,6,1,0.7071067811865475,0.7071067811865476,1095.0,406.3333333333333,1.5,0.9811320754716981,0.0,1.6415094339622642
1,2015-01-31 03:51:25,2015-01-31 05:31:01,0dbb3fb9a5cd1d5f8a9075b5bb8070aa,italian,1,1.0,2600.0,1.0,2600.0,2600.0,35.0,35.0,38.0,99.6,3,5,1,0.7071067811865475,0.7071067811865476,0.0,2600.0,1.0,0.9722222222222222,0.0,1.0555555555555556
1,2015-02-04 03:05:54,2015-02-04 03:38:19,41e7637e7b6a9f27a98b84d3a185c7c0,other,1,1.0,1195.0,1.0,1195.0,1195.0,50.0,49.0,52.0,32.416666666666664,3,2,0,0.7071067811865475,0.7071067811865476,0.0,1195.0,1.0,0.9607843137254902,1.0,1.0196078431372548
1,2015-02-15 01:22:07,2015-02-15 02:09:09,0bf76a53f4021dd7bd49affd1419a2e7,other,1,7.0,4925.0,5.0,195.0,1035.0,29.0,29.0,51.0,47.03333333333333,1,6,1,0.25881904510252074,0.9659258262890683,840.0,703.5714285714286,1.4,0.9666666666666667,0.0,1.7
6,2015-02-15 20:47:42,2015-02-15 21:36:43,11110cf64018697137cadb77b6aee9f8,chinese,4,3.0,1383.0,3.0,270.0,710.0,37.0,34.0,41.0,49.016666666666666,20,6,1,-0.8660254037844386,0.5000000000000001,440.0,461.0,1.0,0.8947368421052632,3.0,1.0789473684210527
5,2015-02-09 00:49:27,2015-02-09 01:40:07,cc9b3c69b56df284846bf2432f1cba90,unknown,1,2.0,3940.0,2.0,450.0,755.0,15.0,15.0,16.0,50.666666666666664,0,0,0,0.0,1.0,305.0,1970.0,1.0,0.9375,0.0,1.0
1,2015-02-08 04:21:23,2015-02-08 05:12:24,b06cbb874ce37177f6dcdf690b5ac490,other,5,6.0,3000.0,4.0,500.0,900.0,50.0,47.0,64.0,51.016666666666666,4,6,1,0.8660254037844386,0.5000000000000001,400.0,500.0,1.5,0.9215686274509803,3.0,1.2549019607843137
4,2015-02-18 02:17:19,2015-02-18 02:51:31,59aeb10ef68deeb91a09195d122d76d8,other,3,2.0,2500.0,2.0,1200.0,1300.0,66.0,53.0,52.0,34.2,2,2,0,0.49999999999999994,0.8660254037844387,100.0,1250.0,1.0,0.7910447761194029,13.0,0.7761194029850746
4,2015-01-24 01:44:47,2015-01-24 02:35:56,28dd2c7955ce926456240b2ff0100bde,japanese,2,8.0,5670.0,7.0,195.0,1490.0,115.0,70.0,109.0,51.15,1,5,1,0.25881904510252074,0.9659258262890683,1295.0,708.75,1.1428571428571428,0.603448275862069,45.0,0.9396551724137931
3,2015-02-07 02:14:37,2015-02-07 02:44:49,11997aab46c754fb90f36b9d8e4eaf99,thai,3,1.0,1300.0,1.0,1100.0,1100.0,34.0,23.0,18.0,30.2,2,5,1,0.49999999999999994,0.8660254037844387,0.0,1300.0,1.0,0.6571428571428571,11.0,0.5142857142857142
1,2015-02-05 03:07:08,2015-02-05 04:42:42,31fb220526c09d18bf9cfaff20bcba4e,greek,5,2.0,2448.0,2.0,749.0,1699.0,46.0,49.0,77.0,95.56666666666666,3,3,0,0.7071067811865475,0.7071067811865476,950.0,1224.0,1.0,1.0425531914893618,0.0,1.6382978723404256
2,2015-02-15 04:44:53,2015-02-15 05:25:07,81d36e0c6ae485f2a087864badfdc202,mexican,5,6.0,3644.0,6.0,199.0,1499.0,97.0,97.0,146.0,40.233333333333334,4,6,1,0.8660254037844386,0.5000000000000001,1300.0,607.3333333333334,1.0,0.9897959183673469,0.0,1.489795918367347
4,2015-01-24 01:09:07,2015-01-24 02:03:36,68d30a9594728bc39aa24be94b319d21,other,3,5.0,6000.0,5.0,900.0,1500.0,82.0,60.0,87.0,54.483333333333334,1,5,1,0.25881904510252074,0.9659258262890683,600.0,1200.0,1.0,0.7228915662650602,22.0,1.0481927710843373
2,2015-02-11 00:55:34,2015-02-11 01:36:19,6b8e5c40385d83fc12c2c1aca1a697b8,american,5,1.0,1900.0,1.0,1900.0,1900.0,31.0,29.0,41.0,40.75,0,2,0,0.0,1.0,0.0,1900.0,1.0,0.90625,2.0,1.28125
2,2015-02-15 01:34:42,2015-02-15 02:21:19,f4f6dce2f3a0f9dada0c2b5b66452017,japanese,1,3.0,1885.0,3.0,495.0,695.0,75.0,69.0,89.0,46.61666666666667,1,6,1,0.25881904510252074,0.9659258262890683,200.0,628.3333333333334,1.0,0.9078947368421053,6.0,1.1710526315789473
2,2015-02-07 03:07:23,2015-02-07 04:20:38,175e9308ea835facdc5c74c75acc450f,mexican,1,3.0,2377.0,2.0,379.0,999.0,63.0,58.0,117.0,73.25,3,5,1,0.7071067811865475,0.7071067811865476,620.0,792.3333333333334,1.5,0.90625,5.0,1.828125
3,2015-02-15 00:08:08,2015-02-15 01:20:58,96f2b50b5d3613adf9c27049b2a888c7,mexican,3,3.0,3055.0,3.0,765.0,1095.0,21.0,19.0,17.0,72.83333333333333,0,6,1,0.0,1.0,330.0,1018.3333333333334,1.0,0.8636363636363636,2.0,0.7727272727272727
4,2015-02-14 02:06:24,2015-02-14 02:53:55,8fb5f8be2aa9d6c64a04e3ab9f63feee,other,2,9.0,7025.0,7.0,325.0,1095.0,95.0,93.0,166.0,47.516666666666666,2,5,1,0.49999999999999994,0.8660254037844387,770.0,780.5555555555555,1.2857142857142858,0.96875,2.0,1.7291666666666667
3,2015-02-06 02:51:43,2015-02-06 03:32:50,f2c5b1f06bfe59954cb2a56858c2ed98,mexican,1,2.0,2298.0,2.0,849.0,1449.0,23.0,22.0,22.0,41.11666666666667,2,4,0,0.49999999999999994,0.8660254037844387,600.0,1149.0,1.0,0.9166666666666666,1.0,0.9166666666666666
4,2015-01-24 02:08:17,2015-01-24 03:26:45,7ffd8e40d538d8b30ce61cbabff98065,chinese,2,7.0,4985.0,7.0,425.0,895.0,8.0,8.0,14.0,78.46666666666667,2,5,1,0.49999999999999994,0.8660254037844387,470.0,712.1428571428571,1.0,0.8888888888888888,0.0,1.5555555555555556
4,2015-01-25 05:34:49,2015-01-25 06:20:30,46f76a4bda9a9579eab38a8f6eabcda1,american,3,3.0,3050.0,3.0,675.0,1325.0,10.0,29.0,16.0,45.68333333333333,5,6,1,0.9659258262890683,0.25881904510252074,650.0,1016.6666666666666,1.0,2.6363636363636362,0.0,1.4545454545454546
2,2015-02-09 01:43:23,2015-02-09 02:45:40,13f9896df61279c928f19721878fac41,other,2,8.0,8900.0,7.0,600.0,1850.0,133.0,73.0,115.0,62.28333333333333,1,0,0,0.25881904510252074,0.9659258262890683,1250.0,1112.5,1.1428571428571428,0.5447761194029851,60.0,0.8582089552238806
3,2015-02-09 22:05:14,2015-02-09 22:44:52,8de0c3085da54b8e957220b9c8de8aca,mediterranean,5,3.0,1907.0,2.0,200.0,700.0,6.0,7.0,8.0,39.63333333333333,22,0,0,-0.5000000000000004,0.8660254037844384,500.0,635.6666666666666,1.5,1.0,0.0,1.1428571428571428
2,2015-02-11 01:51:51,2015-02-11 02:42:03,07fc15c9d169ee48573edd749d25945d,unknown,1,1.0,759.0,1.0,759.0,759.0,27.0,13.0,15.0,50.2,1,2,0,0.25881904510252074,0.9659258262890683,0.0,759.0,1.0,0.4642857142857143,14.0,0.5357142857142857
4,2015-01-28 19:46:17,2015-01-28 20:28:25,12b1e42dc0746f22cf361267de07073f,vietnamese,2,3.0,2585.0,3.0,695.0,945.0,82.0,81.0,137.0,42.13333333333333,19,2,0,-0.9659258262890684,0.2588190451025203,250.0,861.6666666666666,1.0,0.9759036144578314,1.0,1.6506024096385543
5,2015-02-14 18:15:34,2015-02-14 18:42:24,b2dc449578a4744a1684d3b0ea933702,american,1,3.0,2570.0,3.0,365.0,1050.0,8.0,7.0,8.0,26.833333333333332,18,5,1,-1.0,-1.8369701987210297e-16,685.0,856.6666666666666,1.0,0.7777777777777778,1.0,0.8888888888888888
1,2015-01-24 05:01:59,2015-01-24 05:37:54,feecee9f1643651799ede2740927317a,mexican,1,4.0,4250.0,4.0,600.0,1350.0,21.0,17.0,15.0,35.916666666666664,5,5,1,0.9659258262890683,0.25881904510252074,750.0,1062.5,1.0,0.7727272727272727,4.0,0.6818181818181818
3,2015-02-03 03:17:44,2015-02-03 04:10:09,9627c45df543c816a3ddf2d8ea686a99,other,1,1.0,1175.0,1.0,1175.0,1175.0,8.0,8.0,15.0,52.416666666666664,3,1,0,0.7071067811865475,0.7071067811865476,0.0,1175.0,1.0,0.8888888888888888,0.0,1.6666666666666667
2,2015-01-29 01:38:23,2015-01-29 02:33:10,0d73a25092e5c1c9769a9f3255caa65a,dessert,1,5.0,6550.0,5.0,495.0,2095.0,96.0,91.0,110.0,54.78333333333333,1,3,0,0.25881904510252074,0.9659258262890683,1600.0,1310.0,1.0,0.9381443298969072,5.0,1.134020618556701
4,2015-02-18 01:53:38,2015-02-18 02:41:39,73e0f7487b8e5297182c5a711d20bf26,indian,3,14.0,10879.344999999885,3.0,423.0,1769.0,63.0,56.0,74.0,48.016666666666666,1,2,0,0.25881904510252074,0.9659258262890683,1346.0,777.0960714285632,4.666666666666667,0.875,7.0,1.15625
3,2015-01-26 21:19:17,2015-01-26 21:58:15,ec0bfd000f253eff3acb1043e1c06979,american,1,1.0,1900.0,1.0,1900.0,1900.0,22.0,22.0,25.0,38.96666666666667,21,0,0,-0.7071067811865477,0.7071067811865474,0.0,1900.0,1.0,0.9565217391304348,0.0,1.0869565217391304
1,2015-01-31 04:56:06,2015-01-31 05:44:17,5607fe8879e4fd269e88387e8cb30b7e,japanese,1,3.0,1980.0,3.0,480.0,750.0,40.0,44.0,45.0,48.18333333333333,4,5,1,0.8660254037844386,0.5000000000000001,270.0,660.0,1.0,1.0731707317073171,0.0,1.0975609756097562
4,2015-02-18 00:23:06,2015-02-18 01:03:07,98d6f58ab0dafbb86b083a001561bb34,dessert,3,6.0,6350.0,6.0,400.0,1900.0,17.0,15.0,17.0,40.016666666666666,0,2,0,0.0,1.0,1500.0,1058.3333333333333,1.0,0.8333333333333334,2.0,0.9444444444444444
5,2015-02-12 01:04:15,2015-02-12 01:28:11,b2ebf93cb2667a995c12787e51e6ec0b,sandwich,1,2.0,1445.0,2.0,325.0,995.0,10.0,10.0,14.0,23.933333333333334,1,3,0,0.25881904510252074,0.9659258262890683,670.0,722.5,1.0,0.9090909090909091,0.0,1.2727272727272727
2,2015-02-13 04:14:09,2015-02-13 05:18:55,34be90676412d14c80f85809d8e3b97b,indian,2,4.0,3596.0,2.0,599.0,999.0,59.0,57.0,83.0,64.76666666666667,4,4,0,0.8660254037844386,0.5000000000000001,400.0,899.0,2.0,0.95,2.0,1.3833333333333333
1,2015-02-09 02:24:28,2015-02-09 03:05:26,a1afc58c6ca9540d057299ec3016d726,burger,3,2.0,1078.0,1.0,539.0,539.0,61.0,63.0,92.0,40.96666666666667,2,0,0,0.49999999999999994,0.8660254037844387,0.0,539.0,2.0,1.0161290322580645,0.0,1.4838709677419355
4,2015-02-13 02:52:09,2015-02-13 03:51:55,6eb6e75fddec0218351dc5c0c8464104,other,3,10.0,9925.0,7.0,250.0,1900.0,119.0,116.0,216.0,59.766666666666666,2,4,0,0.49999999999999994,0.8660254037844387,1650.0,992.5,1.4285714285714286,0.9666666666666667,3.0,1.8
2,2015-02-13 02:10:26,2015-02-13 03:11:30,edc27f139c3b4e4bb29d1cdbc45663f9,salad,3,8.0,5367.0,8.0,469.0,889.0,130.0,88.0,142.0,61.06666666666667,2,4,0,0.49999999999999994,0.8660254037844387,420.0,670.875,1.0,0.6717557251908397,42.0,1.083969465648855
2,2015-01-26 22:02:43,2015-01-26 22:27:33,faacbcd5bf1d018912c116bf2783e9a1,mexican,5,2.0,1298.0,1.0,649.0,649.0,42.0,60.0,35.0,24.833333333333332,22,0,0,-0.5000000000000004,0.8660254037844384,0.0,649.0,2.0,1.3953488372093024,0.0,0.813953488372093
6,2015-01-28 02:24:32,2015-01-28 03:08:59,e3ca0449fa2ea7701a7ac53fb719c51a,dessert,1,3.0,3385.0,3.0,695.0,1395.0,37.0,34.0,41.0,44.45,2,2,0,0.49999999999999994,0.8660254037844387,700.0,1128.3333333333333,1.0,0.8947368421052632,3.0,1.0789473684210527
2,2015-02-15 17:11:37,2015-02-15 18:46:25,e72c36d5e1c698671c7bda2da9938f89,breakfast,3,3.0,2375.0,3.0,475.0,1150.0,24.0,24.0,30.0,94.8,17,6,1,-0.9659258262890683,-0.25881904510252063,675.0,791.6666666666666,1.0,0.96,0.0,1.2
1,2015-02-09 01:05:53,2015-02-09 01:38:49,a2232b5b6b17429cdff8ddc2f14ea8c9,chinese,1,1.0,995.0,1.0,995.0,995.0,30.0,35.0,41.0,32.93333333333333,1,0,0,0.25881904510252074,0.9659258262890683,0.0,995.0,1.0,1.1290322580645162,0.0,1.3225806451612903
4,2015-02-01 01:02:16,2015-02-01 01:31:26,1113d7a76ffceca1bb350bfe145467c6,japanese,1,3.0,2350.0,2.0,600.0,1150.0,34.0,34.0,36.0,29.166666666666668,1,6,1,0.25881904510252074,0.9659258262890683,550.0,783.3333333333334,1.5,0.9714285714285714,0.0,1.0285714285714285
3,2015-02-14 00:28:36,2015-02-14 01:24:14,8b1ecf6d8049bb062a356f1cc812e69e,american,1,2.0,2320.0,2.0,995.0,1175.0,6.0,6.0,7.0,55.63333333333333,0,5,1,0.0,1.0,180.0,1160.0,1.0,0.8571428571428571,0.0,1.0
4,2015-02-06 20:32:27,2015-02-06 21:04:31,0a113ef6b61820daa5611c870ed8d5ee,mediterranean,2,1.0,1490.0,1.0,1195.0,1195.0,45.0,45.0,56.0,32.06666666666667,20,4,0,-0.8660254037844386,0.5000000000000001,0.0,1490.0,1.0,0.9782608695652174,0.0,1.2173913043478262
4,2015-01-21 20:53:37,2015-01-21 21:16:34,c20ad4d76fe97759aa27a0c99bff6710,vietnamese,5,1.0,1295.0,1.0,795.0,795.0,65.0,62.0,69.0,22.95,20,2,0,-0.8660254037844386,0.5000000000000001,0.0,1295.0,1.0,0.9393939393939394,3.0,1.0454545454545454
4,2015-02-06 01:12:25,2015-02-06 01:43:20,202cb962ac59075b964b07152d234b70,other,3,2.0,2598.0,2.0,599.0,1299.0,93.0,64.0,76.0,30.916666666666668,1,4,0,0.25881904510252074,0.9659258262890683,700.0,1299.0,1.0,0.6808510638297872,29.0,0.8085106382978723
2,2015-02-08 23:31:16,2015-02-08 23:58:58,1385974ed5904a438616ff7bdb3f7439,mexican,5,2.0,1598.0,2.0,799.0,799.0,70.0,47.0,48.0,27.7,23,6,1,-0.25881904510252157,0.9659258262890681,0.0,799.0,1.0,0.6619718309859155,23.0,0.676056338028169
2,2015-02-17 21:27:44,2015-02-17 22:02:50,925cdef65f6a1d131fd8ca6c867c5c0a,dessert,3,4.0,1896.0,3.0,399.0,499.0,50.0,37.0,36.0,35.1,21,1,0,-0.7071067811865477,0.7071067811865474,100.0,474.0,1.3333333333333333,0.7254901960784313,13.0,0.7058823529411765
2,2015-01-25 02:42:15,2015-01-25 03:18:48,846437e17a8d1d5f37fe3bb0e1762499,mexican,1,3.0,3297.0,3.0,799.0,899.0,37.0,34.0,41.0,36.55,2,6,1,0.49999999999999994,0.8660254037844387,100.0,1099.0,1.0,0.8947368421052632,3.0,1.0789473684210527
6,2015-02-13 04:05:39,2015-02-13 04:46:47,28b673023e123cdefc28fd22e24c6c98,other,1,1.0,1445.0,1.0,1195.0,1195.0,37.0,34.0,41.0,41.13333333333333,4,4,0,0.8660254037844386,0.5000000000000001,0.0,1445.0,1.0,0.8947368421052632,3.0,1.0789473684210527
6,2015-02-11 21:23:50,2015-02-11 21:51:47,c42af2fa7356818e0389593714f59b52,thai,3,1.0,725.0,1.0,725.0,725.0,21.0,9.0,10.0,27.95,21,2,0,-0.7071067811865477,0.7071067811865474,0.0,725.0,1.0,0.4090909090909091,12.0,0.45454545454545453
2,2015-02-15 04:53:58,2015-02-15 05:41:42,46a558d97954d0692411c861cf78ef79,dessert,5,4.0,2035.0,2.0,385.0,395.0,87.0,85.0,122.0,47.733333333333334,4,6,1,0.8660254037844386,0.5000000000000001,10.0,508.75,2.0,0.9659090909090909,2.0,1.3863636363636365
2,2015-01-22 02:24:10,2015-01-22 03:14:29,05a5cf06982ba7892ed2a6d38fe832d6,italian,5,3.0,4100.0,3.0,1200.0,1500.0,79.0,76.0,117.0,50.31666666666667,2,3,0,0.49999999999999994,0.8660254037844387,300.0,1366.6666666666667,1.0,0.95,3.0,1.4625
4,2015-01-28 03:31:09,2015-01-28 04:21:25,335f5352088d7d9bf74191e006d8e24c,thai,1,4.0,2615.0,4.0,150.0,895.0,91.0,69.0,89.0,50.266666666666666,3,2,0,0.7071067811865475,0.7071067811865476,745.0,653.75,1.0,0.75,22.0,0.967391304347826
6,2015-01-23 03:14:51,2015-01-23 03:56:31,8783118abe1d12ceacf48e74fe8f9550,indian,2,5.0,2925.0,4.0,225.0,1150.0,37.0,34.0,41.0,41.666666666666664,3,4,0,0.7071067811865475,0.7071067811865476,925.0,585.0,1.25,0.8947368421052632,3.0,1.0789473684210527
4,2015-02-07 02:50:46,2015-02-07 03:49:06,a4300b002bcfb71f291dac175d52df94,vietnamese,1,3.0,2215.0,3.0,626.0,795.0,83.0,82.0,153.0,58.333333333333336,2,5,1,0.49999999999999994,0.8660254037844387,169.0,738.3333333333334,1.0,0.9761904761904762,1.0,1.8214285714285714
5,2015-02-11 16:34:19,2015-02-11 17:22:35,ca4b2388198af1c3909858553f094a35,other,4,2.0,1080.0,1.0,395.0,395.0,2.0,1.0,1.0,48.266666666666666,16,2,0,-0.8660254037844384,-0.5000000000000004,0.0,540.0,2.0,0.3333333333333333,1.0,0.3333333333333333
5,2015-01-27 04:47:58,2015-01-27 05:14:44,07d5938693cc3903b261e1a3844590ed,other,1,3.0,3225.0,3.0,500.0,1700.0,20.0,42.0,19.0,26.766666666666666,4,1,0,0.8660254037844386,0.5000000000000001,1200.0,1075.0,1.0,2.0,0.0,0.9047619047619048
2,2015-02-07 05:44:06,2015-02-07 06:35:01,9854d7afce413aa13cd0a1d39d0bcec5,american,1,4.0,1886.0,3.0,89.0,1479.0,39.0,46.0,73.0,50.916666666666664,5,5,1,0.9659258262890683,0.25881904510252074,1390.0,471.5,1.3333333333333333,1.15,0.0,1.825
6,2015-02-16 03:20:50,2015-02-16 03:53:47,eb698350c502ff82503875dba13f5f88,other,5,2.0,2190.0,2.0,995.0,1195.0,25.0,19.0,25.0,32.95,3,0,0,0.7071067811865475,0.7071067811865476,200.0,1095.0,1.0,0.7307692307692307,6.0,0.9615384615384616
1,2015-02-16 19:10:19,2015-02-16 19:50:49,503e7dbbd6217b9a591f3322f39b5a6c,other,3,1.0,1639.0,1.0,1350.0,1350.0,0.0,0.0,2.0,40.5,19,0,0,-0.9659258262890684,0.2588190451025203,0.0,1639.0,1.0,0.0,0.0,2.0
4,2015-02-14 21:44:46,2015-02-14 22:26:26,d045c59a90d7587d8d671b5f5aec4e7c,sandwich,5,5.0,2588.0,4.0,150.0,899.0,24.0,18.0,19.0,41.666666666666664,21,5,1,-0.7071067811865477,0.7071067811865474,749.0,517.6,1.25,0.72,6.0,0.76
2,2015-02-01 01:06:17,2015-02-01 01:54:59,2cfa8f9e50e0f510ede9d12338a5f564,chinese,1,3.0,2285.0,3.0,695.0,795.0,83.0,83.0,92.0,48.7,1,6,1,0.25881904510252074,0.9659258262890683,100.0,761.6666666666666,1.0,0.9880952380952381,0.0,1.0952380952380953
6,2015-02-01 05:44:31,2015-02-01 06:24:26,370666e2a8735a1893e32a4abc4c3ce2,fast,4,13.0,1507.0,5.0,0.0,767.0,37.0,34.0,41.0,39.916666666666664,5,6,1,0.9659258262890683,0.25881904510252074,767.0,115.92307692307692,2.6,0.8947368421052632,3.0,1.0789473684210527
1,2015-02-14 05:19:40,2015-02-14 05:46:04,5cce8dede893813f879b873962fb669f,american,5,4.0,3980.0,4.0,495.0,1395.0,28.0,28.0,31.0,26.4,5,5,1,0.9659258262890683,0.25881904510252074,900.0,995.0,1.0,0.9655172413793104,0.0,1.0689655172413792
3,2015-02-07 01:15:49,2015-02-07 02:20:20,cd48d72165d061eea4c7b63d8da8a64b,mexican,1,2.0,728.0,2.0,239.0,489.0,5.0,5.0,4.0,64.51666666666667,1,5,1,0.25881904510252074,0.9659258262890683,250.0,364.0,1.0,0.8333333333333334,0.0,0.6666666666666666
1,2015-02-04 22:41:11,2015-02-04 23:15:24,c26820b8a4c1b3c2aa868d6d57e14a79,mexican,5,2.0,1600.0,2.0,475.0,500.0,11.0,12.0,14.0,34.21666666666667,22,2,0,-0.5000000000000004,0.8660254037844384,25.0,800.0,1.0,1.0,0.0,1.1666666666666667
2,2015-01-27 04:22:02,2015-01-27 04:51:42,10fe8dc69a0964edc16fed1a1bd55716,other,3,3.0,3295.0,3.0,575.0,1895.0,14.0,19.0,11.0,29.666666666666668,4,1,0,0.8660254037844386,0.5000000000000001,1320.0,1098.3333333333333,1.0,1.2666666666666666,0.0,0.7333333333333333
1,2015-01-28 19:41:34,2015-01-28 20:19:23,3c947bc2f7ff007b86a9428b74654de5,sandwich,1,2.0,3320.0,2.0,625.0,625.0,25.0,24.0,34.0,37.81666666666667,19,2,0,-0.9659258262890684,0.2588190451025203,0.0,1660.0,1.0,0.9230769230769231,1.0,1.3076923076923077
1,2015-02-14 03:23:21,2015-02-14 04:38:45,b056eb1587586b71e2da9acfe4fbd19e,thai,3,2.0,1500.0,2.0,600.0,900.0,0.0,0.0,0.0,75.4,3,5,1,0.7071067811865475,0.7071067811865476,300.0,750.0,1.0,0.0,0.0,0.0
1,2015-02-11 02:24:01,2015-02-11 03:48:08,8d34201a5b85900908db6cae92723617,american,5,2.0,2350.0,2.0,700.0,1600.0,49.0,50.0,60.0,84.11666666666666,2,2,0,0.49999999999999994,0.8660254037844387,900.0,1175.0,1.0,1.0,0.0,1.2
4,2015-02-01 23:54:53,2015-02-02 00:28:57,98d6f58ab0dafbb86b083a001561bb34,other,5,5.0,3050.0,4.0,300.0,1150.0,19.0,13.0,15.0,34.06666666666667,23,6,1,-0.25881904510252157,0.9659258262890681,850.0,610.0,1.25,0.65,6.0,0.75
4,2015-01-29 01:31:10,2015-01-29 02:06:15,b7892fb3c2f009c65f686f6355c895b5,thai,3,5.0,4975.0,5.0,695.0,1195.0,53.0,41.0,55.0,35.083333333333336,1,3,0,0.25881904510252074,0.9659258262890683,500.0,995.0,1.0,0.7592592592592593,12.0,1.0185185185185186
3,2015-01-24 02:31:29,2015-01-24 03:07:58,b7fede84c2be02ccb9c77107956560eb,chinese,4,1.0,1105.0,1.0,910.0,910.0,61.0,60.0,66.0,36.483333333333334,2,5,1,0.49999999999999994,0.8660254037844387,0.0,1105.0,1.0,0.967741935483871,1.0,1.064516129032258
4,2015-01-31 20:42:52,2015-01-31 21:13:25,b2eb7349035754953b57a32e2841bda5,chinese,3,3.0,3515.0,3.0,895.0,1295.0,50.0,46.0,54.0,30.55,20,5,1,-0.8660254037844386,0.5000000000000001,400.0,1171.6666666666667,1.0,0.9019607843137255,4.0,1.0588235294117647
2,2015-02-10 19:35:40,2015-02-10 20:35:32,05b2c0a62ef25ac7c2ea2eb32d3e27bc,breakfast,3,4.0,4910.0,4.0,1095.0,1295.0,53.0,50.0,74.0,59.86666666666667,19,1,0,-0.9659258262890684,0.2588190451025203,200.0,1227.5,1.0,0.9259259259259259,3.0,1.3703703703703705
3,2015-02-05 02:42:39,2015-02-05 03:09:30,f804d21145597e42851fa736e221da3f,other,1,2.0,1695.0,2.0,625.0,750.0,45.0,47.0,50.0,26.85,2,3,0,0.49999999999999994,0.8660254037844387,125.0,847.5,1.0,1.0217391304347827,0.0,1.0869565217391304
1,2015-01-21 23:22:46,2015-01-21 23:51:55,3323fe11e9595c09af38fe67567a9394,pizza,3,2.0,2878.0,2.0,1099.0,1379.0,10.0,9.0,10.0,29.15,23,2,0,-0.25881904510252157,0.9659258262890681,280.0,1439.0,1.0,0.8181818181818182,1.0,0.9090909090909091
2,2015-02-03 15:47:11,2015-02-03 16:25:10,4c4e5249f45d8cf6a0387c58ac13f514,breakfast,1,3.0,805.0,3.0,160.0,395.0,4.0,1.0,2.0,37.983333333333334,15,1,0,-0.7071067811865471,-0.7071067811865479,235.0,268.3333333333333,1.0,0.2,3.0,0.4
5,2015-02-02 01:13:48,2015-02-02 01:58:11,41f3df50f91a705c3b3adbcd96afa2cc,american,5,3.0,3992.0,2.0,824.0,1744.0,21.0,16.0,24.0,44.38333333333333,1,0,0,0.25881904510252074,0.9659258262890683,920.0,1330.6666666666667,1.5,0.7272727272727273,5.0,1.0909090909090908
3,2015-02-10 19:56:20,2015-02-10 20:29:44,274e6fcf4a583de4a81c6376f17673e7,other,3,4.0,3471.0,2.0,602.0,933.0,16.0,18.0,23.0,33.4,19,1,0,-0.9659258262890684,0.2588190451025203,331.0,867.75,2.0,1.0588235294117647,0.0,1.3529411764705883
5,2015-02-09 23:03:53,2015-02-09 23:40:27,8c3c84fa802aaf387ce21cc596e9c712,pizza,2,4.0,2800.0,4.0,400.0,1400.0,7.0,4.0,4.0,36.56666666666667,23,0,0,-0.25881904510252157,0.9659258262890681,1000.0,700.0,1.0,0.5,3.0,0.5
4,2015-01-30 02:19:23,2015-01-30 03:14:44,4ca82782c5372a547c104929f03fe7a9,burger,5,6.0,4964.0,6.0,399.0,1049.0,66.0,57.0,95.0,55.35,2,4,0,0.49999999999999994,0.8660254037844387,650.0,827.3333333333334,1.0,0.8507462686567164,9.0,1.4179104477611941
2,2015-01-31 21:41:33,2015-01-31 22:02:48,379a7ba015d8bf1c70b8add2c287c6fa,american,3,2.0,2895.0,2.0,1195.0,1325.0,58.0,51.0,55.0,21.25,21,5,1,-0.7071067811865477,0.7071067811865474,130.0,1447.5,1.0,0.864406779661017,7.0,0.9322033898305084
2,2015-01-25 03:47:00,2015-01-25 04:32:56,fe73f687e5bc5280214e0486b273a5f9,vietnamese,5,3.0,2500.0,3.0,475.0,950.0,93.0,102.0,157.0,45.93333333333333,3,6,1,0.7071067811865475,0.7071067811865476,475.0,833.3333333333334,1.0,1.0851063829787233,0.0,1.6702127659574468
2,2015-02-17 00:30:39,2015-02-17 01:04:39,06ef2caafa6e7dff1bb9e4a480ded51f,vietnamese,2,3.0,1900.0,3.0,400.0,900.0,32.0,28.0,27.0,34.0,0,1,0,0.0,1.0,500.0,633.3333333333334,1.0,0.8484848484848485,4.0,0.8181818181818182
2,2015-02-07 01:43:46,2015-02-07 02:28:08,a5d3526558368a8cda8a30a3c35963cb,indian,3,1.0,680.0,1.0,680.0,680.0,140.0,81.0,134.0,44.36666666666667,1,5,1,0.25881904510252074,0.9659258262890683,0.0,680.0,1.0,0.574468085106383,59.0,0.950354609929078
4,2015-01-31 01:54:47,2015-01-31 03:07:37,a2137a2ae8e39b5002a3f8909ecb88fe,pizza,1,4.0,6669.0,4.0,677.0,2645.0,65.0,53.0,96.0,72.83333333333333,1,5,1,0.25881904510252074,0.9659258262890683,1968.0,1667.25,1.0,0.803030303030303,12.0,1.4545454545454546
2,2015-01-27 01:08:07,2015-01-27 02:54:52,18b18272ed31e60bafbdef233b87afc0,pizza,3,1.0,1299.0,1.0,1299.0,1299.0,24.0,34.0,29.0,106.75,1,1,0,0.25881904510252074,0.9659258262890683,0.0,1299.0,1.0,1.36,0.0,1.16
4,2015-02-06 02:59:52,2015-02-06 03:51:37,3806734b256c27e41ec2c6bffa26d9e7,japanese,2,6.0,3730.0,5.0,395.0,1095.0,76.0,39.0,66.0,51.75,2,4,0,0.49999999999999994,0.8660254037844387,700.0,621.6666666666666,1.2,0.5064935064935064,37.0,0.8571428571428571
5,2015-02-16 01:17:59,2015-02-16 02:23:32,5928ecabcdc8f26faaa44e79476af2f0,other,1,2.0,2050.0,2.0,700.0,1350.0,19.0,16.0,22.0,65.55,1,0,0,0.25881904510252074,0.9659258262890683,650.0,1025.0,1.0,0.8,3.0,1.1
3,2015-02-09 19:23:02,2015-02-09 20:11:58,7553e94d39fd4649ff75386a83ed3789,mediterranean,3,2.0,1948.0,2.0,699.0,1099.0,19.0,19.0,21.0,48.93333333333333,19,0,0,-0.9659258262890684,0.2588190451025203,400.0,974.0,1.0,0.95,0.0,1.05
4,2015-01-28 16:20:04,2015-01-28 16:54:33,45c48cce2e2d7fbdea1afc51c7c6ad26,salad,5,1.0,770.0,1.0,770.0,770.0,5.0,5.0,8.0,34.483333333333334,16,2,0,-0.8660254037844384,-0.5000000000000004,0.0,770.0,1.0,0.8333333333333334,0.0,1.3333333333333333
2,2015-01-24 21:06:44,2015-01-24 21:39:50,f74909ace68e51891440e4da0b65a70c,chinese,5,2.0,2345.0,2.0,950.0,1295.0,32.0,57.0,39.0,33.1,21,5,1,-0.7071067811865477,0.7071067811865474,345.0,1172.5,1.0,1.7272727272727273,0.0,1.1818181818181819
3,2015-02-05 21:21:30,2015-02-05 21:53:18,c432976945dc8b1ac46792dfa97ea068,vietnamese,4,2.0,1325.0,2.0,350.0,850.0,23.0,17.0,17.0,31.8,21,3,0,-0.7071067811865477,0.7071067811865474,500.0,662.5,1.0,0.7083333333333334,6.0,0.7083333333333334
4,2015-02-07 02:39:36,2015-02-07 03:19:46,43baa6762fa81bb43b39c62553b2970d,breakfast,3,2.0,1625.0,2.0,425.0,1150.0,133.0,121.0,185.0,40.166666666666664,2,5,1,0.49999999999999994,0.8660254037844387,725.0,812.5,1.0,0.9029850746268657,12.0,1.3805970149253732
2,2015-02-13 18:22:10,2015-02-13 18:56:37,f0837f171aae7ccf1a8909b6a0cc3559,mexican,2,11.0,2845.0,5.0,25.0,250.0,19.0,17.0,23.0,34.45,18,4,0,-1.0,-1.8369701987210297e-16,225.0,258.6363636363636,2.2,0.85,2.0,1.15
2,2015-02-10 02:45:39,2015-02-10 03:21:24,39059724f73a9969845dfe4146c5660e,other,5,3.0,4300.0,2.0,500.0,1650.0,85.0,76.0,116.0,35.75,2,1,0,0.49999999999999994,0.8660254037844387,1150.0,1433.3333333333333,1.5,0.8837209302325582,9.0,1.3488372093023255
2,2015-02-03 00:30:48,2015-02-03 01:20:20,175e9308ea835facdc5c74c75acc450f,mexican,1,2.0,2529.0,2.0,529.0,2000.0,20.0,21.0,27.0,49.53333333333333,0,1,0,0.0,1.0,1471.0,1264.5,1.0,1.0,0.0,1.2857142857142858
1,2015-02-03 01:58:22,2015-02-03 02:58:43,53c04118df112c13a8c34b38343b9c10,indian,3,8.0,5560.0,8.0,195.0,1395.0,0.0,0.0,0.0,60.35,1,1,0,0.25881904510252074,0.9659258262890683,1200.0,695.0,1.0,0.0,0.0,0.0
1,2015-02-14 01:57:29,2015-02-14 02:34:01,73231e53eeef362c814c8522f5257286,indian,3,5.0,3420.0,5.0,150.0,1595.0,18.0,18.0,19.0,36.53333333333333,1,5,1,0.25881904510252074,0.9659258262890683,1445.0,684.0,1.0,0.9473684210526315,0.0,1.0
4,2015-02-10 01:59:20,2015-02-10 02:28:58,6ea9ab1baa0efb9e19094440c317e21b,italian,3,1.0,1295.0,1.0,1295.0,1295.0,69.0,59.0,98.0,29.633333333333333,1,1,0,0.25881904510252074,0.9659258262890683,0.0,1295.0,1.0,0.8428571428571429,10.0,1.4
6,2015-01-31 06:46:29,2015-01-31 07:33:09,d3e2e8f631bd9336ed25b8162aef8782,italian,1,3.0,3600.0,3.0,700.0,1500.0,37.0,34.0,41.0,46.666666666666664,6,5,1,1.0,6.123233995736766e-17,800.0,1200.0,1.0,0.8947368421052632,3.0,1.0789473684210527
2,2015-01-21 22:29:30,2015-01-21 22:53:46,13f9896df61279c928f19721878fac41,other,2,2.0,1800.0,2.0,750.0,1050.0,19.0,20.0,34.0,24.266666666666666,22,2,0,-0.5000000000000004,0.8660254037844384,300.0,900.0,1.0,1.0,0.0,1.7
4,2015-01-31 02:40:04,2015-01-31 03:34:29,31857b449c407203749ae32dd0e7d64a,other,3,4.0,3400.0,4.0,550.0,1250.0,37.0,34.0,41.0,54.416666666666664,2,5,1,0.49999999999999994,0.8660254037844387,700.0,850.0,1.0,0.8947368421052632,3.0,1.0789473684210527
6,2015-02-13 05:26:51,2015-02-13 06:23:37,09def3ebbc44ff3426b28fcd88c83554,american,2,1.0,1050.0,1.0,1050.0,1050.0,37.0,34.0,41.0,56.766666666666666,5,4,0,0.9659258262890683,0.25881904510252074,0.0,1050.0,1.0,0.8947368421052632,3.0,1.0789473684210527
4,2015-01-29 03:57:33,2015-01-29 04:28:44,8d6dc35e506fc23349dd10ee68dabb64,pizza,3,1.0,1229.0,1.0,1229.0,1229.0,81.0,67.0,91.0,31.183333333333334,3,3,0,0.7071067811865475,0.7071067811865476,0.0,1229.0,1.0,0.8170731707317073,14.0,1.1097560975609757
2,2015-02-13 03:17:11,2015-02-13 04:14:10,1f5069142727648138a54524b5beeb58,dessert,5,7.0,3060.0,5.0,50.0,795.0,134.0,100.0,182.0,56.983333333333334,3,4,0,0.7071067811865475,0.7071067811865476,745.0,437.14285714285717,1.4,0.7407407407407407,34.0,1.348148148148148
4,2015-02-02 20:43:26,2015-02-02 22:01:26,dc5689792e08eb2e219dce49e64c885b,mediterranean,2,5.0,5985.0,4.0,895.0,1350.0,57.0,56.0,74.0,78.0,20,0,0,-0.8660254037844386,0.5000000000000001,455.0,1197.0,1.25,0.9655172413793104,1.0,1.2758620689655173
6,2015-02-13 04:36:19,2015-02-13 05:03:52,42299f06ee419aa5d9d07798b56779e2,mediterranean,3,2.0,2098.0,2.0,999.0,1099.0,37.0,34.0,41.0,27.55,4,4,0,0.8660254037844386,0.5000000000000001,100.0,1049.0,1.0,0.8947368421052632,3.0,1.0789473684210527
4,2015-02-01 02:09:40,2015-02-01 02:57:51,d37eb50d868361ea729bb4147eb3c1d8,mexican,1,3.0,3900.0,3.0,1000.0,1500.0,83.0,76.0,123.0,48.18333333333333,2,6,1,0.49999999999999994,0.8660254037844387,500.0,1300.0,1.0,0.9047619047619048,7.0,1.4642857142857142
4,2015-01-26 20:19:13,2015-01-26 21:07:10,3f2dff7862a70f97a59a1fa02c3ec110,burger,4,3.0,1247.0,3.0,249.0,729.0,5.0,4.0,9.0,47.95,20,0,0,-0.8660254037844386,0.5000000000000001,480.0,415.6666666666667,1.0,0.6666666666666666,1.0,1.5
4,2015-01-23 05:30:10,2015-01-23 06:05:39,2f25f6e326adb93c5787175dda209ab6,burger,2,2.0,3155.0,2.0,1195.0,1295.0,14.0,12.0,12.0,35.483333333333334,5,4,0,0.9659258262890683,0.25881904510252074,100.0,1577.5,1.0,0.8,2.0,0.8
1,2015-01-28 03:20:56,2015-01-28 04:32:52,885ca3d99fd35f509a2aa0130e8bf64f,mexican,1,1.0,750.0,1.0,750.0,750.0,37.0,34.0,41.0,71.93333333333334,3,2,0,0.7071067811865475,0.7071067811865476,0.0,750.0,1.0,0.8947368421052632,3.0,1.0789473684210527
2,2015-02-11 05:02:10,2015-02-11 05:31:29,39a9398fdcb443d90baa6e132b414b1b,indian,2,4.0,1447.0,3.0,150.0,899.0,24.0,24.0,40.0,29.316666666666666,5,2,0,0.9659258262890683,0.25881904510252074,749.0,361.75,1.3333333333333333,0.96,0.0,1.6
1,2015-01-25 04:30:58,2015-01-25 04:50:01,90aef91f0d9e7c3be322bd7bae41617d,japanese,1,2.0,1398.0,2.0,499.0,899.0,62.0,50.0,49.0,19.05,4,6,1,0.8660254037844386,0.5000000000000001,400.0,699.0,1.0,0.7936507936507936,12.0,0.7777777777777778
6,2015-02-09 02:24:51,2015-02-09 03:11:30,a70dc40477bc2adceef4d2c90f47eb82,mexican,3,2.0,1600.0,1.0,800.0,800.0,37.0,34.0,41.0,46.65,2,0,0,0.49999999999999994,0.8660254037844387,0.0,800.0,2.0,0.8947368421052632,3.0,1.0789473684210527
4,2015-02-12 04:07:17,2015-02-12 04:39:32,01882513d5fa7c329e940dda99b12147,chinese,1,1.0,825.0,1.0,825.0,825.0,42.0,36.0,50.0,32.25,4,3,0,0.8660254037844386,0.5000000000000001,0.0,825.0,1.0,0.8372093023255814,6.0,1.1627906976744187
2,2015-01-31 20:55:10,2015-01-31 21:23:48,34ed066df378efacc9b924ec161e7639,mexican,1,8.0,3415.0,4.0,245.0,695.0,51.0,39.0,41.0,28.633333333333333,20,5,1,-0.8660254037844386,0.5000000000000001,450.0,426.875,2.0,0.75,12.0,0.7884615384615384
1,2015-01-25 19:34:09,2015-01-25 20:03:26,db2b4182156b2f1f817860ac9f409ad7,chinese,5,3.0,2300.0,3.0,500.0,1000.0,0.0,0.0,0.0,29.283333333333335,19,6,1,-0.9659258262890684,0.2588190451025203,500.0,766.6666666666666,1.0,0.0,0.0,0.0
1,2015-01-25 18:44:07,2015-01-25 19:10:52,9327969053c0068dd9e07c529866b94d,sandwich,1,2.0,1075.0,2.0,375.0,700.0,19.0,13.0,14.0,26.75,18,6,1,-1.0,-1.8369701987210297e-16,325.0,537.5,1.0,0.65,6.0,0.7
4,2015-01-31 18:35:02,2015-01-31 19:08:46,fc49306d97602c8ed1be1dfbf0835ead,american,4,3.0,2727.0,3.0,429.0,1199.0,12.0,8.0,7.0,33.733333333333334,18,5,1,-1.0,-1.8369701987210297e-16,770.0,909.0,1.0,0.6153846153846154,4.0,0.5384615384615384
4,2015-02-03 20:45:26,2015-02-03 21:30:34,d709f38ef758b5066ef31b18039b8ce5,other,5,7.0,3295.0,4.0,150.0,799.0,65.0,58.0,63.0,45.13333333333333,20,1,0,-0.8660254037844386,0.5000000000000001,649.0,470.7142857142857,1.75,0.8787878787878788,7.0,0.9545454545454546
2,2015-01-29 04:25:25,2015-01-29 05:04:56,cedebb6e872f539bef8c3f919874e9d7,greek,5,1.0,1199.0,1.0,1199.0,1199.0,69.0,57.0,63.0,39.516666666666666,4,3,0,0.8660254037844386,0.5000000000000001,0.0,1199.0,1.0,0.8142857142857143,12.0,0.9
4,2015-02-06 19:00:32,2015-02-06 19:32:39,dc05a22fa14faf0bd230a08b658b156d,fast,4,2.0,1030.0,2.0,515.0,515.0,22.0,21.0,28.0,32.11666666666667,19,4,0,-0.9659258262890684,0.2588190451025203,0.0,515.0,1.0,0.9130434782608695,1.0,1.2173913043478262
2,2015-02-07 02:10:42,2015-02-07 02:54:43,ab88b15733f543179858600245108dd8,pizza,3,1.0,2149.0,1.0,1740.0,1740.0,141.0,108.0,189.0,44.016666666666666,2,5,1,0.49999999999999994,0.8660254037844387,0.0,2149.0,1.0,0.7605633802816901,33.0,1.3309859154929577
2,2015-02-03 01:45:47,2015-02-03 02:23:11,f5c3dd7514bf620a1b85450d2ae374b1,burger,2,6.0,2308.0,4.0,275.0,549.0,74.0,74.0,123.0,37.4,1,1,0,0.25881904510252074,0.9659258262890683,274.0,384.6666666666667,1.5,0.9866666666666667,0.0,1.64
4,2015-01-26 05:02:07,2015-01-26 05:28:13,a74c3bae3e13616104c1b25f9da1f11f,burger,4,4.0,1826.0,3.0,309.0,679.0,35.0,85.0,37.0,26.1,5,0,0,0.9659258262890683,0.25881904510252074,370.0,456.5,1.3333333333333333,2.361111111111111,0.0,1.0277777777777777
5,2015-01-23 19:41:03,2015-01-23 20:14:16,613cfe07a22da823b7ba60968c73ab73,barbecue,1,3.0,3285.0,3.0,895.0,1245.0,13.0,10.0,12.0,33.21666666666667,19,4,0,-0.9659258262890684,0.2588190451025203,350.0,1095.0,1.0,0.7142857142857143,3.0,0.8571428571428571
5,2015-01-31 01:44:35,2015-01-31 02:09:31,17827012d084a8cfe269cb35c89e8242,burger,4,2.0,1110.0,2.0,365.0,695.0,21.0,12.0,12.0,24.933333333333334,1,5,1,0.25881904510252074,0.9659258262890683,330.0,555.0,1.0,0.5454545454545454,9.0,0.5454545454545454
3,2015-02-14 02:26:19,2015-02-14 02:43:58,e9257036daf20f062a498aab563d7712,burger,2,2.0,900.0,1.0,395.0,395.0,59.0,43.0,43.0,17.65,2,5,1,0.49999999999999994,0.8660254037844387,0.0,450.0,2.0,0.7166666666666667,16.0,0.7166666666666667
2,2015-02-15 19:40:14,2015-02-15 20:08:40,115f89503138416a242f40fb7d7f338e,other,3,3.0,0.0,3.0,995.0,1595.0,49.0,48.0,61.0,28.433333333333334,19,6,1,-0.9659258262890684,0.2588190451025203,600.0,0.0,1.0,0.96,1.0,1.22
6,2015-02-17 02:00:29,2015-02-17 02:46:28,91299a41773c667d2ee8cddc3f6eeb64,american,3,2.0,2600.0,2.0,900.0,1700.0,37.0,34.0,41.0,45.983333333333334,2,1,0,0.49999999999999994,0.8660254037844387,800.0,1300.0,1.0,0.8947368421052632,3.0,1.0789473684210527
2,2015-02-16 19:50:01,2015-02-16 20:33:52,92c8c96e4c37100777c7190b76d28233,japanese,1,2.0,2790.0,1.0,1395.0,1395.0,34.0,34.0,59.0,43.85,19,0,0,-0.9659258262890684,0.2588190451025203,0.0,1395.0,2.0,0.9714285714285714,0.0,1.6857142857142857
1,2015-01-25 02:49:58,2015-01-25 03:20:32,3c947bc2f7ff007b86a9428b74654de5,sandwich,1,1.0,1225.0,1.0,625.0,625.0,72.0,72.0,94.0,30.566666666666666,2,6,1,0.49999999999999994,0.8660254037844387,0.0,1225.0,1.0,0.9863013698630136,0.0,1.2876712328767124
1,2015-02-18 02:09:39,2015-02-18 02:42:50,83f344600d15cbf1ed5cb005db32f994,vietnamese,1,7.0,5850.0,6.0,0.0,1425.0,46.0,46.0,57.0,33.18333333333333,2,2,0,0.49999999999999994,0.8660254037844387,1425.0,835.7142857142857,1.1666666666666667,0.9787234042553191,0.0,1.2127659574468086
6,2015-02-04 04:08:18,2015-02-04 04:49:17,ac45088df2e8d3cd2d8fbafceb920878,pizza,1,2.0,3060.0,2.0,475.0,2585.0,37.0,34.0,41.0,40.983333333333334,4,2,0,0.8660254037844386,0.5000000000000001,2110.0,1530.0,1.0,0.8947368421052632,3.0,1.0789473684210527
3,2015-02-10 00:47:42,2015-02-10 01:13:45,1de77f62112ca5add5de20c6074f34b6,fast,4,2.0,448.0,2.0,199.0,249.0,3.0,1.0,1.0,26.05,0,1,0,0.0,1.0,50.0,224.0,1.0,0.25,2.0,0.25
6,2015-02-13 02:16:30,2015-02-13 03:06:00,df5511886da327a5e2877c3cd733d9d7,japanese,2,4.0,2011.0,4.0,349.0,843.0,37.0,34.0,41.0,49.5,2,4,0,0.49999999999999994,0.8660254037844387,494.0,502.75,1.0,0.8947368421052632,3.0,1.0789473684210527
4,2015-01-26 03:55:52,2015-01-26 04:08:50,4e732ced3463d06de0ca9a15b6153677,mexican,3,1.0,782.0,1.0,782.0,782.0,48.0,100.0,51.0,12.966666666666667,3,0,0,0.7071067811865475,0.7071067811865476,0.0,782.0,1.0,2.0408163265306123,0.0,1.0408163265306123
3,2015-02-08 18:33:11,2015-02-08 19:53:41,8fe04df45a22b63156ebabbb064fcd5e,sandwich,1,3.0,2206.0,3.0,229.0,599.0,2.0,3.0,5.0,80.5,18,6,1,-1.0,-1.8369701987210297e-16,370.0,735.3333333333334,1.0,1.0,0.0,1.6666666666666667
4,2015-01-31 21:07:39,2015-01-31 21:53:28,51ef186e18dc00c2d31982567235c559,mexican,3,3.0,1990.0,2.0,300.0,625.0,38.0,28.0,29.0,45.81666666666667,21,5,1,-0.7071067811865477,0.7071067811865474,325.0,663.3333333333334,1.5,0.717948717948718,10.0,0.7435897435897436
3,2015-02-02 04:44:21,2015-02-02 06:45:53,260c2432a0eecc28ce03c10dadc078a4,burger,4,1.0,915.0,1.0,785.0,785.0,6.0,13.0,19.0,121.53333333333333,4,0,0,0.8660254037844386,0.5000000000000001,0.0,915.0,1.0,1.8571428571428572,0.0,2.7142857142857144
2,2015-01-22 02:19:14,2015-01-22 03:02:58,f15d337c70078947cfe1b5d6f0ed3f13,dessert,5,4.0,3280.0,3.0,255.0,1250.0,99.0,96.0,106.0,43.733333333333334,2,3,0,0.49999999999999994,0.8660254037844387,995.0,820.0,1.3333333333333333,0.96,3.0,1.06
4,2015-02-17 01:49:40,2015-02-17 02:56:39,be83ab3ecd0db773eb2dc1b0a17836a1,other,2,6.0,7300.0,4.0,500.0,2200.0,93.0,91.0,136.0,66.98333333333333,1,1,0,0.25881904510252074,0.9659258262890683,1700.0,1216.6666666666667,1.5,0.9680851063829787,2.0,1.446808510638298
2,2015-02-18 01:25:32,2015-02-18 01:58:31,f15d337c70078947cfe1b5d6f0ed3f13,dessert,5,2.0,2759.0,2.0,1202.0,1274.0,71.0,65.0,76.0,32.983333333333334,1,2,0,0.25881904510252074,0.9659258262890683,72.0,1379.5,1.0,0.9027777777777778,6.0,1.0555555555555556
1,2015-02-06 02:33:48,2015-02-06 03:29:51,a860a7886d7c7e2a8d3eaac96f76dc0d,japanese,1,3.0,1970.0,3.0,375.0,850.0,5.0,5.0,5.0,56.05,2,4,0,0.49999999999999994,0.8660254037844387,475.0,656.6666666666666,1.0,0.8333333333333334,0.0,0.8333333333333334
2,2015-02-16 04:14:47,2015-02-16 04:56:10,3636638817772e42b59d74cff571fbb3,italian,3,2.0,2925.0,2.0,1250.0,1675.0,41.0,41.0,66.0,41.38333333333333,4,0,0,0.8660254037844386,0.5000000000000001,425.0,1462.5,1.0,0.9761904761904762,0.0,1.5714285714285714
2,2015-02-03 18:55:47,2015-02-03 19:28:49,91665c93b72f55b2e4f1048fc8289d04,other,2,3.0,1950.0,3.0,650.0,650.0,16.0,17.0,22.0,33.03333333333333,18,1,0,-1.0,-1.8369701987210297e-16,0.0,650.0,1.0,1.0,0.0,1.2941176470588236
1,2015-02-02 00:45:03,2015-02-02 01:51:57,4ffce04d92a4d6cb21c1494cdfcd6dc1,pizza,1,2.0,2700.0,2.0,1300.0,1400.0,15.0,16.0,27.0,66.9,0,0,0,0.0,1.0,100.0,1350.0,1.0,1.0,0.0,1.6875
2,2015-02-03 00:21:57,2015-02-03 01:14:28,3d773b5ce67533d1b5b52d9b57936860,sandwich,3,10.0,3338.0,6.0,75.0,529.0,16.0,17.0,25.0,52.516666666666666,0,1,0,0.0,1.0,454.0,333.8,1.6666666666666667,1.0,0.0,1.4705882352941178
1,2015-02-16 20:11:49,2015-02-16 20:41:57,8248a99e81e752cb9b41da3fc43fbe7f,japanese,5,3.0,3925.0,3.0,875.0,925.0,16.0,16.0,18.0,30.133333333333333,20,0,0,-0.8660254037844386,0.5000000000000001,50.0,1308.3333333333333,1.0,0.9411764705882353,0.0,1.0588235294117647
2,2015-02-18 05:08:04,2015-02-18 05:29:19,faacbcd5bf1d018912c116bf2783e9a1,mexican,5,2.0,1119.0,2.0,275.0,699.0,46.0,40.0,43.0,21.25,5,2,0,0.9659258262890683,0.25881904510252074,424.0,559.5,1.0,0.851063829787234,6.0,0.9148936170212766
1,2015-02-02 00:56:06,2015-02-02 01:57:45,2e195f8d57c07294d52de7d884eb3efd,japanese,5,10.0,6600.0,6.0,400.0,1500.0,10.0,11.0,14.0,61.65,0,0,0,0.0,1.0,1100.0,660.0,1.6666666666666667,1.0,0.0,1.2727272727272727
1,2015-01-26 17:08:45,2015-01-26 18:12:13,e261489ab942429a6600c1c4121ac14d,american,4,1.0,908.0,1.0,779.0,779.0,4.0,3.0,3.0,63.46666666666667,17,0,0,-0.9659258262890683,-0.25881904510252063,0.0,908.0,1.0,0.6,1.0,0.6
2,2015-02-16 01:22:34,2015-02-16 02:08:30,3d773b5ce67533d1b5b52d9b57936860,sandwich,3,3.0,1657.0,3.0,399.0,779.0,38.0,35.0,53.0,45.93333333333333,1,0,0,0.25881904510252074,0.9659258262890683,380.0,552.3333333333334,1.0,0.8974358974358975,3.0,1.358974358974359
4,2015-02-14 20:22:15,2015-02-14 20:53:03,ff1418e8cc993fe8abcfe3ce2003e5c5,dessert,3,4.0,3100.0,2.0,275.0,475.0,30.0,29.0,43.0,30.8,20,5,1,-0.8660254037844386,0.5000000000000001,200.0,775.0,2.0,0.9354838709677419,1.0,1.3870967741935485
4,2015-01-29 04:02:34,2015-01-29 04:55:21,b9a25e422ba96f7572089a00b838c3f8,indian,1,2.0,2297.0,2.0,1099.0,1198.0,55.0,33.0,44.0,52.78333333333333,4,3,0,0.8660254037844386,0.5000000000000001,99.0,1148.5,1.0,0.5892857142857143,22.0,0.7857142857142857
4,2015-01-27 01:17:01,2015-01-27 02:47:12,6c8349cc7260ae62e3b1396831a8398f,pizza,1,5.0,5640.0,4.0,495.0,1750.0,52.0,104.0,53.0,90.18333333333334,1,1,0,0.25881904510252074,0.9659258262890683,1255.0,1128.0,1.25,1.9622641509433962,0.0,1.0
4,2015-01-31 16:14:14,2015-01-31 16:56:13,13f3cf8c531952d72e5847c4183e6910,breakfast,1,4.0,3700.0,3.0,285.0,1025.0,4.0,3.0,4.0,41.983333333333334,16,5,1,-0.8660254037844384,-0.5000000000000004,740.0,925.0,1.3333333333333333,0.6,1.0,0.8
3,2015-01-21 21:14:43,2015-01-21 21:46:23,9529fbba677729d3206b3b9073d1e9ca,chinese,1,5.0,4075.0,2.0,795.0,895.0,17.0,14.0,14.0,31.666666666666668,21,2,0,-0.7071067811865477,0.7071067811865474,100.0,815.0,2.5,0.7777777777777778,3.0,0.7777777777777778
2,2015-01-26 03:36:28,2015-01-26 04:16:09,ec5decca5ed3d6b8079e2e7e7bacc9f2,pizza,3,1.0,1900.0,1.0,1300.0,1300.0,25.0,35.0,27.0,39.68333333333333,3,0,0,0.7071067811865475,0.7071067811865476,0.0,1900.0,1.0,1.3461538461538463,0.0,1.0384615384615385
4,2015-01-26 16:55:41,2015-01-26 17:47:10,1145a30ff80745b56fb0cecf65305017,breakfast,1,5.0,4590.0,4.0,350.0,1380.0,2.0,29.0,3.0,51.483333333333334,16,0,0,-0.8660254037844384,-0.5000000000000004,1030.0,918.0,1.25,9.666666666666666,0.0,1.0
4,2015-02-12 01:28:57,2015-02-12 02:10:57,45c48cce2e2d7fbdea1afc51c7c6ad26,salad,5,5.0,3850.0,3.0,440.0,990.0,79.0,79.0,127.0,42.0,1,3,0,0.25881904510252074,0.9659258262890683,550.0,770.0,1.6666666666666667,0.9875,0.0,1.5875
6,2015-02-09 02:56:10,2015-02-09 03:37:45,342ef6bdc0e1b86ad80691801479c43d,pizza,3,1.0,2601.0,1.0,1942.0,1929.0,37.0,34.0,41.0,41.583333333333336,2,0,0,0.49999999999999994,0.8660254037844387,-13.0,2601.0,1.0,0.8947368421052632,3.0,1.0789473684210527
2,2015-02-07 02:36:14,2015-02-07 03:25:43,0d73a25092e5c1c9769a9f3255caa65a,dessert,1,1.0,1650.0,1.0,1650.0,1650.0,141.0,117.0,199.0,49.483333333333334,2,5,1,0.49999999999999994,0.8660254037844387,0.0,1650.0,1.0,0.823943661971831,24.0,1.4014084507042253
1,2015-01-30 02:52:56,2015-01-30 03:33:36,5227b6aaf294f5f027273aebf16015f2,american,1,3.0,4600.0,3.0,1100.0,2100.0,51.0,51.0,64.0,40.666666666666664,2,4,0,0.49999999999999994,0.8660254037844387,1000.0,1533.3333333333333,1.0,0.9807692307692307,0.0,1.2307692307692308
3,2015-02-07 23:09:40,2015-02-07 23:50:59,ea2486be22140cf8214932e344a07215,mexican,1,1.0,339.0,1.0,339.0,339.0,3.0,3.0,2.0,41.31666666666667,23,5,1,-0.25881904510252157,0.9659258262890681,0.0,339.0,1.0,0.75,0.0,0.5
1,2015-02-07 01:52:52,2015-02-07 02:38:21,c6ae9174774e254650073722e5b92a8f,mexican,1,3.0,1200.0,2.0,250.0,500.0,56.0,56.0,67.0,45.483333333333334,1,5,1,0.25881904510252074,0.9659258262890683,250.0,400.0,1.5,0.9824561403508771,0.0,1.1754385964912282
1,2015-02-10 03:20:21,2015-02-10 04:02:03,8f14e45fceea167a5a36dedd4bea2543,sandwich,5,10.0,8400.0,7.0,750.0,950.0,79.0,72.0,136.0,41.7,3,1,0,0.7071067811865475,0.7071067811865476,200.0,840.0,1.4285714285714286,0.9,7.0,1.7
2,2015-01-24 06:14:25,2015-01-24 06:47:48,ff450ba01b0ca2695d62525505dd80eb,pizza,3,1.0,2699.0,1.0,2699.0,2699.0,30.0,39.0,52.0,33.38333333333333,6,5,1,1.0,6.123233995736766e-17,0.0,2699.0,1.0,1.2580645161290323,0.0,1.6774193548387097
1,2015-01-21 20:28:20,2015-01-21 21:29:08,0747b9be4f90056c30eb5241f06bfe9b,american,1,1.0,1485.0,1.0,1485.0,1485.0,25.0,26.0,29.0,60.8,20,2,0,-0.8660254037844386,0.5000000000000001,0.0,1485.0,1.0,1.0,0.0,1.1153846153846154
2,2015-02-07 01:01:19,2015-02-07 01:32:50,ba2fd310dcaa8781a9a652a31baf3c68,pizza,1,2.0,3498.0,2.0,1099.0,2399.0,85.0,72.0,81.0,31.516666666666666,1,5,1,0.25881904510252074,0.9659258262890683,1300.0,1749.0,1.0,0.8372093023255814,13.0,0.9418604651162791
5,2015-01-30 19:55:21,2015-01-30 20:50:05,9d0231d43ebb66349e1bd614cba89796,dessert,1,7.0,2530.0,5.0,145.0,570.0,15.0,7.0,10.0,54.733333333333334,19,4,0,-0.9659258262890684,0.2588190451025203,425.0,361.42857142857144,1.4,0.4375,8.0,0.625
3,2015-02-07 04:06:54,2015-02-07 05:27:15,7903be1cbb0d9fa21a7b898150f02368,other,5,3.0,3995.0,3.0,600.0,2295.0,39.0,39.0,55.0,80.35,4,5,1,0.8660254037844386,0.5000000000000001,1695.0,1331.6666666666667,1.0,0.975,0.0,1.375
1,2015-01-26 02:51:13,2015-01-26 03:45:09,43c656628a4a479e108ed86f7a28a010,other,1,7.0,4250.0,4.0,200.0,1100.0,12.0,12.0,19.0,53.93333333333333,2,0,0,0.49999999999999994,0.8660254037844387,900.0,607.1428571428571,1.75,0.9230769230769231,0.0,1.4615384615384615
1,2015-02-14 20:51:10,2015-02-14 21:44:44,215a71a12769b056c3c32e7299f1c5ed,other,1,3.0,2350.0,3.0,450.0,1275.0,12.0,12.0,18.0,53.56666666666667,20,5,1,-0.8660254037844386,0.5000000000000001,825.0,783.3333333333334,1.0,0.9230769230769231,0.0,1.3846153846153846
6,2015-02-04 23:13:42,2015-02-04 23:56:57,48b02d6fbfb23c6011d5e88834a5ef45,fast,4,7.0,1390.0,4.0,128.0,293.0,37.0,34.0,41.0,43.25,23,2,0,-0.25881904510252157,0.9659258262890681,165.0,198.57142857142858,1.75,0.8947368421052632,3.0,1.0789473684210527
3,2015-02-12 04:51:22,2015-02-12 05:43:20,882735cbdfd9f810814d17892ae50023,dessert,1,5.0,4785.0,5.0,450.0,1695.0,9.0,12.0,13.0,51.96666666666667,4,3,0,0.8660254037844386,0.5000000000000001,1245.0,957.0,1.0,1.2,0.0,1.3
1,2015-02-07 17:58:27,2015-02-07 19:18:52,ec24a54d62ce57ba93a531b460fa8d18,sandwich,1,1.0,1095.0,1.0,795.0,795.0,1.0,1.0,3.0,80.41666666666667,17,5,1,-0.9659258262890683,-0.25881904510252063,0.0,1095.0,1.0,0.5,0.0,1.5
2,2015-01-26 18:35:55,2015-01-26 19:14:21,faacbcd5bf1d018912c116bf2783e9a1,mexican,5,2.0,1998.0,2.0,349.0,799.0,16.0,31.0,12.0,38.43333333333333,18,0,0,-1.0,-1.8369701987210297e-16,450.0,999.0,1.0,1.8235294117647058,0.0,0.7058823529411765
3,2015-02-05 01:26:39,2015-02-05 01:58:03,fed02ce0e96f989ec31e4eb6596bb06e,burger,4,2.0,740.0,2.0,275.0,410.0,5.0,4.0,5.0,31.4,1,3,0,0.25881904510252074,0.9659258262890683,135.0,370.0,1.0,0.6666666666666666,1.0,0.8333333333333334
1,2015-01-26 21:37:55,2015-01-26 22:06:26,e464656edca5e58850f8cec98cbb979b,burger,5,3.0,3050.0,3.0,400.0,1175.0,21.0,16.0,16.0,28.516666666666666,21,0,0,-0.7071067811865477,0.7071067811865474,775.0,1016.6666666666666,1.0,0.7272727272727273,5.0,0.7272727272727273
4,2015-02-06 05:04:29,2015-02-06 05:30:54,335d3d1cd7ef05ec77714a215134914c,mexican,3,1.0,1250.0,1.0,1250.0,1250.0,43.0,33.0,33.0,26.416666666666668,5,4,0,0.9659258262890683,0.25881904510252074,0.0,1250.0,1.0,0.75,10.0,0.75
4,2015-02-11 22:46:42,2015-02-11 23:23:21,8860e834a67da41edd6ffe8a1c58fa55,other,3,3.0,1308.0,2.0,220.0,658.0,10.0,7.0,7.0,36.65,22,2,0,-0.5000000000000004,0.8660254037844384,438.0,436.0,1.5,0.6363636363636364,3.0,0.6363636363636364
2,2015-01-29 02:32:22,2015-01-29 03:19:27,2a34abd6ebbd7fcf5a4421229c946c0a,barbecue,3,3.0,1675.0,3.0,295.0,935.0,104.0,78.0,122.0,47.083333333333336,2,3,0,0.49999999999999994,0.8660254037844387,640.0,558.3333333333334,1.0,0.7428571428571429,26.0,1.161904761904762
1,2015-01-21 21:26:57,2015-01-21 21:53:34,4d6e4749289c4ec58c0063a90deb3964,pizza,5,1.0,1237.0,1.0,999.0,999.0,30.0,20.0,19.0,26.616666666666667,21,2,0,-0.7071067811865477,0.7071067811865474,0.0,1237.0,1.0,0.6451612903225806,10.0,0.6129032258064516
4,2015-01-25 01:49:38,2015-01-25 03:17:05,1f3a4f7715b9fd855595b4836101ec30,other,2,8.0,8100.0,7.0,675.0,1095.0,56.0,72.0,86.0,87.45,1,6,1,0.25881904510252074,0.9659258262890683,420.0,1012.5,1.1428571428571428,1.263157894736842,0.0,1.5087719298245614
2,2015-02-03 01:52:13,2015-02-03 03:44:17,70821a40b06f8751781d5a895357da67,chinese,1,1.0,975.0,1.0,975.0,975.0,72.0,71.0,121.0,112.06666666666666,1,1,0,0.25881904510252074,0.9659258262890683,0.0,975.0,1.0,0.9726027397260274,1.0,1.6575342465753424
6,2015-02-10 03:30:34,2015-02-10 04:21:13,ffbd6cbb019a1413183c8d08f2929307,chinese,1,1.0,1125.0,1.0,1125.0,1125.0,37.0,34.0,41.0,50.65,3,1,0,0.7071067811865475,0.7071067811865476,0.0,1125.0,1.0,0.8947368421052632,3.0,1.0789473684210527
6,2015-01-23 01:36:48,2015-01-23 01:59:44,fca02d37f2e8afc58148dfdd93d0faf3,other,1,2.0,889.0,2.0,399.0,440.0,37.0,34.0,41.0,22.933333333333334,1,4,0,0.25881904510252074,0.9659258262890683,41.0,444.5,1.0,0.8947368421052632,3.0,1.0789473684210527
5,2015-01-30 19:46:53,2015-01-30 20:22:11,496ad1139911eeb014d31dce575faa61,american,1,4.0,1626.0,4.0,79.0,1209.0,11.0,12.0,20.0,35.3,19,4,0,-0.9659258262890684,0.2588190451025203,1130.0,406.5,1.0,1.0,0.0,1.6666666666666667
2,2015-02-12 02:20:22,2015-02-12 03:28:28,6fca7a9b9ac98ccc83aebb9fa27a2149,pizza,1,2.0,2715.0,2.0,525.0,1490.0,119.0,99.0,144.0,68.1,2,3,0,0.49999999999999994,0.8660254037844387,965.0,1357.5,1.0,0.825,20.0,1.2
2,2015-02-15 04:15:36,2015-02-15 05:00:03,7f16109f1619fd7a733daf5a84c708c1,burger,5,1.0,975.0,1.0,725.0,725.0,114.0,112.0,184.0,44.45,4,6,1,0.8660254037844386,0.5000000000000001,0.0,975.0,1.0,0.9739130434782609,2.0,1.6
5,2015-01-30 00:46:30,2015-01-30 01:29:37,a77fee56f3b23fc8cb33e04f4d05132a,mediterranean,4,6.0,3662.0,5.0,75.0,999.0,16.0,9.0,9.0,43.11666666666667,0,4,0,0.0,1.0,924.0,610.3333333333334,1.2,0.5294117647058824,7.0,0.5294117647058824
2,2015-01-22 02:58:10,2015-01-22 03:22:18,f26df67e8110ee2b44923db775e3e47f,pizza,5,3.0,3917.0,3.0,1129.0,1329.0,104.0,98.0,152.0,24.133333333333333,2,3,0,0.49999999999999994,0.8660254037844387,200.0,1305.6666666666667,1.0,0.9333333333333333,6.0,1.4476190476190476
6,2015-02-08 21:10:10,2015-02-08 21:39:36,6534a8436e907efb0ced99edd8d02435,fast,4,4.0,1116.0,3.0,199.0,309.0,37.0,34.0,41.0,29.433333333333334,21,6,1,-0.7071067811865477,0.7071067811865474,110.0,279.0,1.3333333333333333,0.8947368421052632,3.0,1.0789473684210527
4,2015-02-09 03:20:46,2015-02-09 04:11:24,c203d8a151612acf12457e4d67635a95,thai,5,1.0,1095.0,1.0,1095.0,1095.0,93.0,85.0,146.0,50.63333333333333,3,0,0,0.7071067811865475,0.7071067811865476,0.0,1095.0,1.0,0.9042553191489362,8.0,1.553191489361702
5,2015-02-09 21:37:43,2015-02-09 22:02:31,841b60e20ff680b0d59aa9d6902fe289,vietnamese,2,1.0,695.0,1.0,695.0,695.0,13.0,9.0,4.0,24.8,21,0,0,-0.7071067811865477,0.7071067811865474,0.0,695.0,1.0,0.6428571428571429,4.0,0.2857142857142857
5,2015-02-14 02:14:12,2015-02-14 02:56:43,a7c20df233e5af0c709cb37d7f5ba3fd,sandwich,5,1.0,1111.0,1.0,1111.0,1111.0,24.0,22.0,34.0,42.516666666666666,2,5,1,0.49999999999999994,0.8660254037844387,0.0,1111.0,1.0,0.88,2.0,1.36
5,2015-01-25 23:10:51,2015-01-25 23:42:47,958c530554f78bcd8e97125b70e6973d,indian,1,10.0,4440.0,7.0,249.0,899.0,27.0,38.0,15.0,31.933333333333334,23,6,1,-0.25881904510252157,0.9659258262890681,650.0,444.0,1.4285714285714286,1.3571428571428572,0.0,0.5357142857142857
4,2015-01-30 02:30:57,2015-01-30 03:23:12,d51b416788b6ee70eb0c381c06efc9f1,italian,3,1.0,1395.0,1.0,1395.0,1395.0,68.0,58.0,102.0,52.25,2,4,0,0.49999999999999994,0.8660254037844387,0.0,1395.0,1.0,0.8405797101449275,10.0,1.4782608695652173
1,2015-02-16 04:00:42,2015-02-16 04:54:39,98bd65207ee83bfd17ebb0db971eddf9,other,1,1.0,1044.0,1.0,1044.0,1044.0,46.0,44.0,60.0,53.95,4,0,0,0.8660254037844386,0.5000000000000001,0.0,1044.0,1.0,0.9361702127659575,2.0,1.2765957446808511
5,2015-02-15 22:13:27,2015-02-15 22:45:58,066f182b787111ed4cb65ed437f0855b,chinese,1,2.0,2000.0,2.0,950.0,1050.0,25.0,25.0,35.0,32.516666666666666,22,6,1,-0.5000000000000004,0.8660254037844384,100.0,1000.0,1.0,0.9615384615384616,0.0,1.3461538461538463
4,2015-01-22 20:54:35,2015-01-22 21:48:14,a0b83c02d720415dada82e08bc09e9f3,burger,4,8.0,3662.0,4.0,249.0,669.0,57.0,61.0,93.0,53.65,20,3,0,-0.8660254037844386,0.5000000000000001,420.0,457.75,2.0,1.0517241379310345,0.0,1.603448275862069
4,2015-01-30 02:31:28,2015-01-30 03:02:08,65b9eea6e1cc6bb9f0cd2a47751a186f,indian,3,3.0,2245.0,3.0,300.0,1595.0,119.0,108.0,194.0,30.666666666666668,2,4,0,0.49999999999999994,0.8660254037844387,1295.0,748.3333333333334,1.0,0.9,11.0,1.6166666666666667
1,2015-02-17 23:36:16,2015-02-18 00:07:12,9aeade7beada35c83d3b344fbafe43b0,italian,1,1.0,1199.0,1.0,1199.0,1199.0,21.0,21.0,25.0,30.933333333333334,23,1,0,-0.25881904510252157,0.9659258262890681,0.0,1199.0,1.0,0.9545454545454546,0.0,1.1363636363636365
6,2015-02-06 03:47:50,2015-02-06 04:24:53,bf5cd8b2509011b9502a72296edc14a0,pizza,1,1.0,1095.0,1.0,1095.0,1095.0,92.0,66.0,100.0,37.05,3,4,0,0.7071067811865475,0.7071067811865476,0.0,1095.0,1.0,0.7096774193548387,26.0,1.075268817204301
2,2015-02-06 02:49:36,2015-02-06 03:58:27,a0f1a0686c4ecffbf795ea2d2a42817e,sandwich,3,4.0,3125.0,2.0,400.0,900.0,68.0,53.0,70.0,68.85,2,4,0,0.49999999999999994,0.8660254037844387,500.0,781.25,2.0,0.7681159420289855,15.0,1.0144927536231885
2,2015-02-11 20:49:15,2015-02-11 21:43:49,a5d3526558368a8cda8a30a3c35963cb,indian,3,7.0,3078.0,6.0,280.0,399.0,52.0,55.0,78.0,54.56666666666667,20,2,0,-0.8660254037844386,0.5000000000000001,119.0,439.7142857142857,1.1666666666666667,1.0377358490566038,0.0,1.471698113207547
4,2015-01-22 03:52:35,2015-01-22 04:22:41,e21e4e58ad9ab56e8a4634046da90113,japanese,3,3.0,1350.0,3.0,200.0,800.0,89.0,64.0,102.0,30.1,3,3,0,0.7071067811865475,0.7071067811865476,600.0,450.0,1.0,0.7111111111111111,25.0,1.1333333333333333
2,2015-01-31 03:22:57,2015-01-31 03:57:29,a529ea43c249fcbee9685c74d8baa9eb,sandwich,3,1.0,685.0,1.0,485.0,485.0,126.0,113.0,228.0,34.53333333333333,3,5,1,0.7071067811865475,0.7071067811865476,0.0,685.0,1.0,0.889763779527559,13.0,1.795275590551181
4,2015-02-16 01:10:17,2015-02-16 02:27:14,45c48cce2e2d7fbdea1afc51c7c6ad26,salad,5,5.0,4400.0,5.0,440.0,1375.0,84.0,80.0,142.0,76.95,1,0,0,0.25881904510252074,0.9659258262890683,935.0,880.0,1.0,0.9411764705882353,4.0,1.6705882352941177
1,2015-02-10 00:07:58,2015-02-10 01:07:43,c4fa7aecedac73641320d24d5bf3bf38,mediterranean,3,4.0,3547.0,3.0,650.0,999.0,5.0,4.0,5.0,59.75,0,1,0,0.0,1.0,349.0,886.75,1.3333333333333333,0.6666666666666666,1.0,0.8333333333333334
2,2015-02-13 02:24:00,2015-02-13 03:07:18,a597e50502f5ff68e3e25b9114205d4a,italian,5,2.0,2500.0,2.0,1000.0,1500.0,131.0,86.0,152.0,43.3,2,4,0,0.49999999999999994,0.8660254037844387,500.0,1250.0,1.0,0.6515151515151515,45.0,1.1515151515151516
5,2015-01-28 21:51:39,2015-01-28 22:18:57,5df3a42ebea611e314771d5e1bafca74,american,4,1.0,1049.0,1.0,949.0,949.0,15.0,8.0,8.0,27.3,21,2,0,-0.7071067811865477,0.7071067811865474,0.0,1049.0,1.0,0.5,7.0,0.5
4,2015-02-12 03:40:54,2015-02-12 04:34:29,73e0f7487b8e5297182c5a711d20bf26,indian,3,6.0,5400.0,4.0,300.0,1700.0,52.0,46.0,62.0,53.583333333333336,3,3,0,0.7071067811865475,0.7071067811865476,1400.0,900.0,1.5,0.8679245283018868,6.0,1.169811320754717
2,2015-02-10 17:52:39,2015-02-10 18:22:41,c8067ad1937f728f51288b3eb986afaa,breakfast,1,3.0,2197.0,3.0,0.0,1399.0,12.0,12.0,13.0,30.033333333333335,17,1,0,-0.9659258262890683,-0.25881904510252063,1399.0,732.3333333333334,1.0,0.9230769230769231,0.0,1.0
5,2015-02-06 22:46:36,2015-02-06 23:40:52,722fd8c97825bdea860322e28ac6dcbd,unknown,2,7.0,3465.0,6.0,295.0,595.0,19.0,10.0,12.0,54.266666666666666,22,4,0,-0.5000000000000004,0.8660254037844384,300.0,495.0,1.1666666666666667,0.5,9.0,0.6
3,2015-02-11 02:23:42,2015-02-11 02:57:15,0bff2aa05a6d99cad062133e6c589de1,mexican,2,1.0,2899.0,1.0,2599.0,2599.0,22.0,17.0,14.0,33.55,2,2,0,0.49999999999999994,0.8660254037844387,0.0,2899.0,1.0,0.7391304347826086,5.0,0.6086956521739131
4,2015-01-30 03:12:49,2015-01-30 03:51:58,979d472a84804b9f647bc185a877a8b5,mediterranean,2,4.0,3693.0,4.0,495.0,1499.0,121.0,121.0,184.0,39.15,3,4,0,0.7071067811865475,0.7071067811865476,1004.0,923.25,1.0,0.9918032786885246,0.0,1.5081967213114753
2,2015-02-14 01:18:57,2015-02-14 01:41:13,3ad7c2ebb96fcba7cda0cf54a2e802f5,other,5,2.0,2390.0,1.0,1195.0,1195.0,79.0,70.0,85.0,22.266666666666666,1,5,1,0.25881904510252074,0.9659258262890683,0.0,1195.0,2.0,0.875,9.0,1.0625
2,2015-01-27 20:05:22,2015-01-27 20:37:54,4397a09c4cb35e85a293b857c53c00ca,indian,3,2.0,2198.0,2.0,899.0,1299.0,42.0,40.0,41.0,32.53333333333333,20,1,0,-0.8660254037844386,0.5000000000000001,400.0,1099.0,1.0,0.9302325581395349,2.0,0.9534883720930233
4,2015-01-23 20:05:53,2015-01-23 21:21:29,1a3f91fead97497b1a96d6104ad339f6,mexican,3,1.0,699.0,1.0,699.0,699.0,78.0,80.0,114.0,75.6,20,4,0,-0.8660254037844386,0.5000000000000001,0.0,699.0,1.0,1.0126582278481013,0.0,1.4430379746835442
2,2015-02-12 01:59:56,2015-02-12 02:31:02,f48c04ffab49ff0e5d1176244fdfb65c,other,2,4.0,1899.0,3.0,199.0,1050.0,104.0,98.0,127.0,31.1,1,3,0,0.25881904510252074,0.9659258262890683,851.0,474.75,1.3333333333333333,0.9333333333333333,6.0,1.2095238095238094
1,2015-01-31 03:23:23,2015-01-31 05:04:36,f64eac11f2cd8f0efa196f8ad173178e,japanese,1,6.0,3725.0,6.0,250.0,925.0,49.0,51.0,90.0,101.21666666666667,3,5,1,0.7071067811865475,0.7071067811865476,675.0,620.8333333333334,1.0,1.02,0.0,1.8
5,2015-02-14 03:32:19,2015-02-14 04:24:08,8612c55d2969d1f587bf1c5aaaa32964,chinese,5,5.0,4575.0,5.0,495.0,1095.0,64.0,62.0,112.0,51.81666666666667,3,5,1,0.7071067811865475,0.7071067811865476,600.0,915.0,1.0,0.9538461538461539,2.0,1.7230769230769232
2,2015-02-17 20:10:30,2015-02-17 20:59:43,67d96d458abdef21792e6d8e590244e7,indian,3,2.0,1750.0,2.0,675.0,1075.0,44.0,37.0,47.0,49.21666666666667,20,1,0,-0.8660254037844386,0.5000000000000001,400.0,875.0,1.0,0.8222222222222222,7.0,1.0444444444444445
1,2015-02-11 03:59:01,2015-02-11 04:29:32,3d779cae2d46cf6a8a99a35ba4167977,other,1,3.0,2830.0,3.0,930.0,950.0,47.0,45.0,50.0,30.516666666666666,3,2,0,0.7071067811865475,0.7071067811865476,20.0,943.3333333333334,1.0,0.9375,2.0,1.0416666666666667
4,2015-01-21 18:38:28,2015-01-21 19:04:53,04df4d434d481c5bb723be1b6df1ee65,sandwich,3,4.0,2298.0,4.0,175.0,999.0,15.0,11.0,9.0,26.416666666666668,18,2,0,-1.0,-1.8369701987210297e-16,824.0,574.5,1.0,0.6875,4.0,0.5625
1,2015-01-27 23:29:46,2015-01-28 00:38:08,f8a4c7893a5002d471308c5598d036f0,pizza,3,2.0,1178.0,2.0,579.0,599.0,11.0,13.0,15.0,68.36666666666666,23,1,0,-0.25881904510252157,0.9659258262890681,20.0,589.0,1.0,1.0833333333333333,0.0,1.25
6,2015-02-05 20:38:20,2015-02-05 21:19:18,6a9c2c5b1ab7052170218c0924b51953,fast,4,1.0,831.0,1.0,831.0,831.0,37.0,34.0,41.0,40.96666666666667,20,3,0,-0.8660254037844386,0.5000000000000001,0.0,831.0,1.0,0.8947368421052632,3.0,1.0789473684210527
5,2015-01-30 03:56:39,2015-01-30 04:32:33,123f7670babac5a92883d9a7afb4262e,indian,2,2.0,1550.0,2.0,600.0,950.0,29.0,23.0,32.0,35.9,3,4,0,0.7071067811865475,0.7071067811865476,350.0,775.0,1.0,0.7666666666666667,6.0,1.0666666666666667
3,2015-02-02 20:31:03,2015-02-02 21:32:12,2bfec16d7d15a063cda186788f08cdeb,other,2,2.0,1528.0,2.0,729.0,799.0,37.0,34.0,41.0,61.15,20,0,0,-0.8660254037844386,0.5000000000000001,70.0,764.0,1.0,0.8947368421052632,3.0,1.0789473684210527
4,2015-01-21 19:16:03,2015-01-21 19:52:39,7eca143caaf49d9e3dc5c04961a314a0,breakfast,5,1.0,750.0,1.0,750.0,750.0,64.0,60.0,106.0,36.6,19,2,0,-0.9659258262890684,0.2588190451025203,0.0,750.0,1.0,0.9230769230769231,4.0,1.6307692307692307
4,2015-02-14 02:08:36,2015-02-14 03:09:13,8fb5f8be2aa9d6c64a04e3ab9f63feee,other,2,9.0,6025.0,8.0,150.0,1095.0,95.0,93.0,166.0,60.61666666666667,2,5,1,0.49999999999999994,0.8660254037844387,945.0,669.4444444444445,1.125,0.96875,2.0,1.7291666666666667
1,2015-02-11 18:53:55,2015-02-11 19:31:52,452e91de642a8e9c43121664d5d3c05c,fast,4,4.0,847.0,4.0,100.0,299.0,11.0,4.0,4.0,37.95,18,2,0,-1.0,-1.8369701987210297e-16,199.0,211.75,1.0,0.3333333333333333,7.0,0.3333333333333333
2,2015-01-23 19:48:09,2015-01-23 20:35:41,a6ade5aa93b826f8de63c663e1159bf7,pizza,3,3.0,1727.0,3.0,149.0,1079.0,41.0,39.0,62.0,47.53333333333333,19,4,0,-0.9659258262890684,0.2588190451025203,930.0,575.6666666666666,1.0,0.9285714285714286,2.0,1.4761904761904763
1,2015-02-05 00:57:27,2015-02-05 02:12:28,3323fe11e9595c09af38fe67567a9394,pizza,3,3.0,2736.0,3.0,579.0,1199.0,24.0,25.0,31.0,75.01666666666667,0,3,0,0.0,1.0,620.0,912.0,1.0,1.0,0.0,1.24
3,2015-02-07 05:49:26,2015-02-07 06:18:36,fb3deea8bff8902a6a092a4b532b4a68,american,1,2.0,1685.0,2.0,786.0,899.0,5.0,5.0,4.0,29.166666666666668,5,5,1,0.9659258262890683,0.25881904510252074,113.0,842.5,1.0,0.8333333333333334,0.0,0.6666666666666666
4,2015-01-29 01:38:18,2015-01-29 02:25:06,298f95e1bf9136124592c8d4825a06fc,pizza,3,4.0,5176.0,3.0,1159.0,1299.0,55.0,42.0,65.0,46.8,1,3,0,0.25881904510252074,0.9659258262890683,140.0,1294.0,1.3333333333333333,0.75,13.0,1.1607142857142858
3,2015-02-01 21:39:11,2015-02-01 22:07:54,5afd3bb639c0920782586a9843ee0785,breakfast,2,2.0,1810.0,2.0,395.0,1195.0,4.0,2.0,2.0,28.716666666666665,21,6,1,-0.7071067811865477,0.7071067811865474,800.0,905.0,1.0,0.4,2.0,0.4
2,2015-02-08 02:06:16,2015-02-08 03:04:04,eaa32c96f620053cf442ad32258076b9,italian,3,2.0,2290.0,2.0,895.0,995.0,133.0,92.0,149.0,57.8,2,6,1,0.49999999999999994,0.8660254037844387,100.0,1145.0,1.0,0.6865671641791045,41.0,1.1119402985074627
4,2015-02-01 00:33:10,2015-02-01 01:13:06,cec6f62cfb44b1be110b7bf70c8362d8,chinese,3,3.0,3045.0,3.0,925.0,1125.0,40.0,22.0,23.0,39.93333333333333,0,6,1,0.0,1.0,200.0,1015.0,1.0,0.5365853658536586,18.0,0.5609756097560976
2,2015-02-16 01:03:45,2015-02-16 01:44:31,41f1f19176d383480afa65d325c06ed0,burger,5,3.0,4100.0,3.0,1150.0,1350.0,66.0,63.0,89.0,40.766666666666666,1,0,0,0.25881904510252074,0.9659258262890683,200.0,1366.6666666666667,1.0,0.9402985074626866,3.0,1.328358208955224
2,2015-02-09 03:25:20,2015-02-09 03:50:29,3713bdda7149579475f3734e8bd0e14a,chinese,1,2.0,1690.0,2.0,795.0,895.0,23.0,23.0,32.0,25.15,3,0,0,0.7071067811865475,0.7071067811865476,100.0,845.0,1.0,0.9583333333333334,0.0,1.3333333333333333
6,2015-02-08 03:54:05,2015-02-08 04:47:11,172ef5a94b4dd0aa120c6878fc29f70c,dessert,5,3.0,2020.0,3.0,395.0,900.0,37.0,34.0,41.0,53.1,3,6,1,0.7071067811865475,0.7071067811865476,505.0,673.3333333333334,1.0,0.8947368421052632,3.0,1.0789473684210527
4,2015-01-28 22:39:18,2015-01-28 23:08:47,a97da629b098b75c294dffdc3e463904,dessert,1,4.0,3360.0,4.0,175.0,1495.0,18.0,18.0,19.0,29.483333333333334,22,2,0,-0.5000000000000004,0.8660254037844384,1320.0,840.0,1.0,0.9473684210526315,0.0,1.0
2,2015-01-29 01:43:32,2015-01-29 02:24:35,c8512d142a2d849725f31a9a7a361ab9,fast,4,15.0,3076.0,5.0,0.0,299.0,46.0,42.0,51.0,41.05,1,3,0,0.25881904510252074,0.9659258262890683,299.0,205.06666666666666,3.0,0.8936170212765957,4.0,1.0851063829787233
2,2015-02-06 03:53:54,2015-02-06 04:25:14,3c7781a36bcd6cf08c11a970fbe0e2a6,mexican,2,4.0,2501.0,3.0,299.0,749.0,94.0,76.0,100.0,31.333333333333332,3,4,0,0.7071067811865475,0.7071067811865476,450.0,625.25,1.3333333333333333,0.8,18.0,1.0526315789473684
3,2015-02-11 16:42:38,2015-02-11 17:37:30,14491b756b3a51daac41c24863285549,japanese,3,4.0,3095.0,3.0,250.0,1295.0,2.0,0.0,1.0,54.86666666666667,16,2,0,-0.8660254037844384,-0.5000000000000004,1045.0,773.75,1.3333333333333333,0.0,2.0,0.3333333333333333
1,2015-01-26 20:54:58,2015-01-26 21:26:38,ca75910166da03ff9d4655a0338e6b09,mexican,3,2.0,1300.0,2.0,225.0,1000.0,18.0,18.0,18.0,31.666666666666668,20,0,0,-0.8660254037844386,0.5000000000000001,775.0,650.0,1.0,0.9473684210526315,0.0,0.9473684210526315
2,2015-02-14 01:48:59,2015-02-14 02:45:43,caf1a3dfb505ffed0d024130f58c5cfa,mexican,5,4.0,2390.0,3.0,350.0,795.0,102.0,85.0,121.0,56.733333333333334,1,5,1,0.25881904510252074,0.9659258262890683,445.0,597.5,1.3333333333333333,0.8252427184466019,17.0,1.174757281553398
6,2015-02-16 03:18:44,2015-02-16 03:55:35,21b5680d80f75a616096f2e791affac6,dessert,5,2.0,1354.0,2.0,475.0,699.0,37.0,34.0,41.0,36.85,3,0,0,0.7071067811865475,0.7071067811865476,224.0,677.0,1.0,0.8947368421052632,3.0,1.0789473684210527
5,2015-01-22 02:34:05,2015-01-22 03:11:38,8859a81bd114df94d9f432350c934f4a,other,5,3.0,4800.0,3.0,1300.0,1800.0,25.0,15.0,22.0,37.55,2,3,0,0.49999999999999994,0.8660254037844387,500.0,1600.0,1.0,0.5769230769230769,10.0,0.8461538461538461
5,2015-02-14 00:13:24,2015-02-14 00:50:27,abd987257ff0eddc2bc6602538cb3c43,other,3,14.0,6075.0,7.0,150.0,1395.0,13.0,8.0,8.0,37.05,0,5,1,0.0,1.0,1245.0,433.92857142857144,2.0,0.5714285714285714,5.0,0.5714285714285714
2,2015-01-21 19:25:23,2015-01-21 20:01:03,46ba9f2a6976570b0353203ec4474217,italian,3,2.0,3390.0,2.0,1395.0,1795.0,28.0,27.0,38.0,35.666666666666664,19,2,0,-0.9659258262890684,0.2588190451025203,400.0,1695.0,1.0,0.9310344827586207,1.0,1.3103448275862069
5,2015-02-16 22:02:52,2015-02-16 22:52:13,144c3b4225a9a22590d2e9b5392007a4,fast,4,3.0,1372.0,3.0,327.0,424.0,26.0,17.0,33.0,49.35,22,0,0,-0.5000000000000004,0.8660254037844384,97.0,457.3333333333333,1.0,0.6296296296296297,9.0,1.2222222222222223
1,2015-02-07 20:59:05,2015-02-07 21:41:27,f106b7f99d2cb30c3db1c3cc0fde9ccb,vietnamese,5,3.0,2800.0,3.0,400.0,1300.0,25.0,22.0,22.0,42.36666666666667,20,5,1,-0.8660254037844386,0.5000000000000001,900.0,933.3333333333334,1.0,0.8461538461538461,3.0,0.8461538461538461
5,2015-01-26 19:15:02,2015-01-26 19:47:48,6c73721a871329829847f6285edeb2e9,chinese,4,1.0,835.0,1.0,710.0,710.0,8.0,10.0,6.0,32.766666666666666,19,0,0,-0.9659258262890684,0.2588190451025203,0.0,835.0,1.0,1.1111111111111112,0.0,0.6666666666666666
1,2015-02-09 03:19:10,2015-02-09 04:18:17,8248a99e81e752cb9b41da3fc43fbe7f,japanese,5,1.0,925.0,1.0,925.0,925.0,20.0,22.0,32.0,59.11666666666667,3,0,0,0.7071067811865475,0.7071067811865476,0.0,925.0,1.0,1.0476190476190477,0.0,1.5238095238095237
1,2015-01-25 01:25:28,2015-01-25 02:15:08,31bd51a7403b980bf1039518120712e0,mexican,1,5.0,1560.0,5.0,275.0,425.0,22.0,24.0,34.0,49.666666666666664,1,6,1,0.25881904510252074,0.9659258262890683,150.0,312.0,1.0,1.0434782608695652,0.0,1.4782608695652173
4,2015-02-18 02:01:13,2015-02-18 02:35:37,7647966b7343c29048673252e490f736,other,3,3.0,2148.0,3.0,50.0,1099.0,79.0,76.0,123.0,34.4,2,2,0,0.49999999999999994,0.8660254037844387,1049.0,716.0,1.0,0.95,3.0,1.5375
2,2015-01-31 15:58:49,2015-01-31 16:41:29,4c144c47ecba6f8318128703ca9e2601,breakfast,2,6.0,1250.0,3.0,125.0,425.0,5.0,5.0,6.0,42.666666666666664,15,5,1,-0.7071067811865471,-0.7071067811865479,300.0,208.33333333333334,2.0,0.8333333333333334,0.0,1.0
1,2015-02-06 21:13:50,2015-02-06 22:17:52,d5c186983b52c4551ee00f72316c6eaa,fast,4,4.0,2158.0,3.0,300.0,729.0,12.0,12.0,12.0,64.03333333333333,21,4,0,-0.7071067811865477,0.7071067811865474,429.0,539.5,1.3333333333333333,0.9230769230769231,0.0,0.9230769230769231
4,2015-01-28 03:26:31,2015-01-28 04:05:16,b2dc449578a4744a1684d3b0ea933702,salad,3,1.0,895.0,1.0,895.0,895.0,17.0,10.0,18.0,38.75,3,2,0,0.7071067811865475,0.7071067811865476,0.0,895.0,1.0,0.5555555555555556,7.0,1.0
6,2015-01-27 19:31:11,2015-01-27 19:56:33,74c4ca058d59d2b807a3e4a6522e8632,fast,4,3.0,829.0,3.0,165.0,383.0,37.0,34.0,41.0,25.366666666666667,19,1,0,-0.9659258262890684,0.2588190451025203,218.0,276.3333333333333,1.0,0.8947368421052632,3.0,1.0789473684210527
2,2015-02-07 02:00:50,2015-02-07 02:37:26,ccb1d45fb76f7c5a0bf619f979c6cf36,italian,5,6.0,9000.0,5.0,1000.0,2000.0,140.0,74.0,132.0,36.6,2,5,1,0.49999999999999994,0.8660254037844387,1000.0,1500.0,1.2,0.524822695035461,66.0,0.9361702127659575
2,2015-02-03 00:44:56,2015-02-03 01:19:47,08a1fbda444d0ed569626fdb23520d02,mexican,4,1.0,3120.0,1.0,2860.0,2860.0,34.0,39.0,53.0,34.85,0,1,0,0.0,1.0,0.0,3120.0,1.0,1.1142857142857143,0.0,1.5142857142857142
6,2015-02-13 02:12:53,2015-02-13 02:59:23,6246bbd28be0b22ff440cc5413329f36,other,2,4.0,4350.0,4.0,850.0,1700.0,37.0,34.0,41.0,46.5,2,4,0,0.49999999999999994,0.8660254037844387,850.0,1087.5,1.0,0.8947368421052632,3.0,1.0789473684210527
2,2015-01-22 02:01:56,2015-01-22 02:51:21,fe663a72b27bdc613873fbbb512f6f67,american,1,2.0,1838.0,2.0,359.0,1479.0,94.0,91.0,108.0,49.416666666666664,2,3,0,0.49999999999999994,0.8660254037844387,1120.0,919.0,1.0,0.9578947368421052,3.0,1.1368421052631579
2,2015-01-21 22:09:35,2015-01-21 22:53:30,faacbcd5bf1d018912c116bf2783e9a1,mexican,5,1.0,1523.0,1.0,999.0,999.0,22.0,26.0,40.0,43.916666666666664,22,2,0,-0.5000000000000004,0.8660254037844384,0.0,1523.0,1.0,1.1304347826086956,0.0,1.7391304347826086
3,2015-02-03 01:22:58,2015-02-03 02:42:10,7fa2bf754c748d931e34e03e032f4e72,burger,4,3.0,1125.0,2.0,195.0,410.0,0.0,0.0,0.0,79.2,1,1,0,0.25881904510252074,0.9659258262890683,215.0,375.0,1.5,0.0,0.0,0.0
1,2015-02-14 20:46:41,2015-02-14 21:46:57,b8b2926bd27d4307569ad119b6025f94,other,4,2.0,550.0,2.0,245.0,255.0,17.0,17.0,25.0,60.266666666666666,20,5,1,-0.8660254037844386,0.5000000000000001,10.0,275.0,1.0,0.9444444444444444,0.0,1.3888888888888888
2,2015-01-23 01:42:03,2015-01-23 02:40:41,0f0e13216262f4a201bec128044dd30f,dessert,1,6.0,2365.0,6.0,150.0,750.0,32.0,20.0,24.0,58.63333333333333,1,4,0,0.25881904510252074,0.9659258262890683,600.0,394.1666666666667,1.0,0.6060606060606061,12.0,0.7272727272727273
5,2015-02-16 01:40:30,2015-02-16 02:47:08,89d9c467c2926de8ef12d1f3e006d06b,other,1,4.0,5494.0,4.0,799.0,1699.0,26.0,11.0,21.0,66.63333333333334,1,0,0,0.25881904510252074,0.9659258262890683,900.0,1373.5,1.0,0.4074074074074074,15.0,0.7777777777777778
6,2015-02-01 19:24:52,2015-02-01 20:46:58,761c7920f470038d4c8a619c79eddd62,salad,5,2.0,2222.0,2.0,1111.0,1111.0,37.0,34.0,41.0,82.1,19,6,1,-0.9659258262890684,0.2588190451025203,0.0,1111.0,1.0,0.8947368421052632,3.0,1.0789473684210527
5,2015-02-10 00:30:00,2015-02-10 01:23:42,0e64a7b00c83e3d22ce6b3acf2c582b6,indian,1,4.0,896.0,3.0,99.0,349.0,12.0,3.0,3.0,53.7,0,1,0,0.0,1.0,250.0,224.0,1.3333333333333333,0.23076923076923078,9.0,0.23076923076923078
1,2015-01-30 18:40:05,2015-01-30 19:17:04,f4a4da9aa7eadfd23c7bdb7cf57b3112,pizza,3,2.0,994.0,2.0,197.0,797.0,36.0,20.0,22.0,36.983333333333334,18,4,0,-1.0,-1.8369701987210297e-16,600.0,497.0,1.0,0.5405405405405406,16.0,0.5945945945945946
2,2015-02-09 01:25:46,2015-02-09 02:16:49,1e4cb2e03f2f23188afd6326c1ccd15b,unknown,1,3.0,2497.0,2.0,99.0,1199.0,118.0,71.0,88.0,51.05,1,0,0,0.25881904510252074,0.9659258262890683,1100.0,832.3333333333334,1.5,0.5966386554621849,47.0,0.7394957983193278
4,2015-02-01 21:13:09,2015-02-01 21:48:55,12ced2db6f0193dda91ba86224ea1cd8,american,3,3.0,2990.0,3.0,375.0,1045.0,45.0,40.0,52.0,35.766666666666666,21,6,1,-0.7071067811865477,0.7071067811865474,670.0,996.6666666666666,1.0,0.8695652173913043,5.0,1.1304347826086956
2,2015-02-13 02:56:04,2015-02-13 03:46:26,908c9a564a86426585b29f5335b619bc,barbecue,1,3.0,2879.0,3.0,295.0,1395.0,75.0,67.0,98.0,50.36666666666667,2,4,0,0.49999999999999994,0.8660254037844387,1100.0,959.6666666666666,1.0,0.881578947368421,8.0,1.2894736842105263
6,2015-02-18 04:50:27,2015-02-18 05:23:08,6a8018b3a00b69c008601b8becae392b,thai,3,3.0,3100.0,3.0,900.0,1150.0,37.0,34.0,41.0,32.68333333333333,4,2,0,0.8660254037844386,0.5000000000000001,250.0,1033.3333333333333,1.0,0.8947368421052632,3.0,1.0789473684210527
2,2015-02-09 03:36:45,2015-02-09 04:19:20,a597e50502f5ff68e3e25b9114205d4a,italian,5,6.0,6800.0,6.0,500.0,2000.0,117.0,121.0,169.0,42.583333333333336,3,0,0,0.7071067811865475,0.7071067811865476,1500.0,1133.3333333333333,1.0,1.0254237288135593,0.0,1.4322033898305084
4,2015-02-10 03:31:39,2015-02-10 04:32:49,090793f7ac0ed3232628dbbcef5f9928,indian,3,1.0,1099.0,1.0,1099.0,1099.0,11.0,11.0,18.0,61.166666666666664,3,1,0,0.7071067811865475,0.7071067811865476,0.0,1099.0,1.0,0.9166666666666666,0.0,1.5
4,2015-02-06 05:00:55,2015-02-06 05:36:15,eeb74a8ddfbb606f20020fd92e80aa0f,fast,4,2.0,765.0,2.0,265.0,500.0,50.0,43.0,52.0,35.333333333333336,5,4,0,0.9659258262890683,0.25881904510252074,235.0,382.5,1.0,0.8431372549019608,7.0,1.0196078431372548
1,2015-01-27 22:23:25,2015-01-27 23:05:57,0d7de1aca9299fe63f3e0041f02638a3,barbecue,3,2.0,1640.0,2.0,250.0,995.0,13.0,13.0,11.0,42.53333333333333,22,1,0,-0.5000000000000004,0.8660254037844384,745.0,820.0,1.0,0.9285714285714286,0.0,0.7857142857142857
5,2015-02-08 01:54:49,2015-02-08 02:37:14,4aa8dd9a08fdc32d53eac21cf46e79c0,american,4,3.0,2374.0,3.0,357.0,1898.0,37.0,41.0,62.0,42.416666666666664,1,6,1,0.25881904510252074,0.9659258262890683,1541.0,791.3333333333334,1.0,1.0789473684210527,0.0,1.631578947368421
2,2015-02-16 23:32:15,2015-02-17 00:00:36,b9228e0962a78b84f3d5d92f4faa000b,other,1,5.0,1375.0,3.0,225.0,375.0,16.0,16.0,15.0,28.35,23,0,0,-0.25881904510252157,0.9659258262890681,150.0,275.0,1.6666666666666667,0.9411764705882353,0.0,0.8823529411764706
3,2015-02-10 22:03:08,2015-02-10 22:33:46,949e6667758e0ad6d5c27933d9aa8ef3,other,3,1.0,1044.0,1.0,795.0,795.0,17.0,15.0,14.0,30.633333333333333,22,1,0,-0.5000000000000004,0.8660254037844384,0.0,1044.0,1.0,0.8333333333333334,2.0,0.7777777777777778
2,2015-02-12 19:54:41,2015-02-12 20:41:41,85d8ce590ad8981ca2c8286f79f59954,sandwich,5,8.0,6192.0,7.0,419.0,895.0,59.0,56.0,89.0,47.0,19,3,0,-0.9659258262890684,0.2588190451025203,476.0,774.0,1.1428571428571428,0.9333333333333333,3.0,1.4833333333333334
2,2015-02-15 00:21:46,2015-02-15 00:48:59,1385974ed5904a438616ff7bdb3f7439,mexican,5,4.0,1206.0,2.0,279.0,369.0,53.0,52.0,75.0,27.216666666666665,0,6,1,0.0,1.0,90.0,301.5,2.0,0.9629629629629629,1.0,1.3888888888888888
2,2015-01-31 02:10:10,2015-01-31 03:18:43,3236fb951518ec5f7e607422b67cd180,other,2,2.0,1925.0,2.0,875.0,1050.0,116.0,98.0,192.0,68.55,2,5,1,0.49999999999999994,0.8660254037844387,175.0,962.5,1.0,0.8376068376068376,18.0,1.641025641025641
5,2015-02-07 20:31:06,2015-02-07 21:06:43,6f0362b8ffe8f935b4500b8391c0ddeb,sandwich,1,2.0,1913.0,2.0,529.0,789.0,25.0,11.0,11.0,35.61666666666667,20,5,1,-0.8660254037844386,0.5000000000000001,260.0,956.5,1.0,0.4230769230769231,14.0,0.4230769230769231
2,2015-02-16 01:10:02,2015-02-16 01:50:57,84f0f20482cde7e5eacaf7364a643d33,vietnamese,1,4.0,2047.0,4.0,299.0,899.0,38.0,33.0,41.0,40.916666666666664,1,0,0,0.25881904510252074,0.9659258262890683,600.0,511.75,1.0,0.8461538461538461,5.0,1.0512820512820513
3,2015-02-13 02:43:23,2015-02-13 03:01:27,df74c9ff1542f1574271e759b260543f,other,4,2.0,928.0,2.0,229.0,699.0,59.0,48.0,50.0,18.066666666666666,2,4,0,0.49999999999999994,0.8660254037844387,470.0,464.0,1.0,0.8,11.0,0.8333333333333334
1,2015-02-15 19:31:55,2015-02-15 20:24:42,71f0603a717117b0bc2df3f784862801,mediterranean,2,2.0,2675.0,2.0,1275.0,1400.0,8.0,8.0,10.0,52.78333333333333,19,6,1,-0.9659258262890684,0.2588190451025203,125.0,1337.5,1.0,0.8888888888888888,0.0,1.1111111111111112
5,2015-01-27 20:05:26,2015-01-27 20:31:50,401704ef750f5f2e9fc84ed2c5db8292,mexican,3,2.0,2090.0,2.0,895.0,1195.0,18.0,17.0,18.0,26.4,20,1,0,-0.8660254037844386,0.5000000000000001,300.0,1045.0,1.0,0.8947368421052632,1.0,0.9473684210526315
2,2015-02-15 03:18:33,2015-02-15 04:03:41,d43ab110ab2489d6b9b2caa394bf920f,mexican,5,5.0,3291.0,5.0,95.0,1199.0,117.0,112.0,215.0,45.13333333333333,3,6,1,0.7071067811865475,0.7071067811865476,1104.0,658.2,1.0,0.9491525423728814,5.0,1.8220338983050848
6,2015-02-04 02:12:48,2015-02-04 02:51:34,a08b088d8a1818286c3641bb88a36ca9,burger,2,2.0,1895.0,2.0,595.0,950.0,37.0,34.0,41.0,38.766666666666666,2,2,0,0.49999999999999994,0.8660254037844387,355.0,947.5,1.0,0.8947368421052632,3.0,1.0789473684210527
6,2015-02-12 03:21:10,2015-02-12 04:01:31,b77670e4a9c8e282811958dcea1493a1,mediterranean,2,2.0,1500.0,1.0,750.0,750.0,37.0,34.0,41.0,40.35,3,3,0,0.7071067811865475,0.7071067811865476,0.0,750.0,2.0,0.8947368421052632,3.0,1.0789473684210527
4,2015-01-28 18:48:43,2015-01-28 19:39:38,cf2226ddd41b1a2d0ae51dab54d32c36,fast,3,1.0,1276.0,1.0,559.0,559.0,41.0,23.0,29.0,50.916666666666664,18,2,0,-1.0,-1.8369701987210297e-16,0.0,1276.0,1.0,0.5476190476190477,18.0,0.6904761904761905
1,2015-02-12 20:42:58,2015-02-12 21:41:23,602d1305678a8d5fdb372271e980da6a,american,1,1.0,1170.0,1.0,975.0,975.0,7.0,8.0,15.0,58.416666666666664,20,3,0,-0.8660254037844386,0.5000000000000001,0.0,1170.0,1.0,1.0,0.0,1.875
2,2015-01-22 02:17:43,2015-01-22 03:05:36,00ec53c4682d36f5c4359f4ae7bd7ba1,vietnamese,5,2.0,2200.0,2.0,900.0,1300.0,77.0,97.0,114.0,47.88333333333333,2,3,0,0.49999999999999994,0.8660254037844387,400.0,1100.0,1.0,1.2435897435897436,0.0,1.4615384615384615
3,2015-02-13 00:27:26,2015-02-13 00:59:57,b071cfa81605a94ad80cfa2bbc747448,chinese,4,1.0,950.0,1.0,760.0,760.0,22.0,10.0,11.0,32.516666666666666,0,4,0,0.0,1.0,0.0,950.0,1.0,0.43478260869565216,12.0,0.4782608695652174
1,2015-02-07 03:44:07,2015-02-07 04:22:53,68e4593563e1b425a7717504bca103d6,mediterranean,5,3.0,3045.0,2.0,995.0,1025.0,62.0,66.0,88.0,38.766666666666666,3,5,1,0.7071067811865475,0.7071067811865476,30.0,1015.0,1.5,1.0476190476190477,0.0,1.3968253968253967
4,2015-02-15 03:01:30,2015-02-15 04:09:30,11108a3dbfe4636cb40b84b803b2fff6,chinese,1,2.0,2990.0,1.0,1495.0,1495.0,68.0,68.0,131.0,68.0,3,6,1,0.7071067811865475,0.7071067811865476,0.0,1495.0,2.0,0.9855072463768116,0.0,1.8985507246376812
4,2015-02-03 03:30:19,2015-02-03 04:20:58,182be0c5cdcd5072bb1864cdee4d3d6e,vietnamese,2,3.0,5300.0,3.0,1000.0,2900.0,77.0,78.0,145.0,50.65,3,1,0,0.7071067811865475,0.7071067811865476,1900.0,1766.6666666666667,1.0,1.0,0.0,1.858974358974359
2,2015-01-28 03:58:22,2015-01-28 04:37:27,e35adc826b021f91f72f183d1bb24773,burger,4,5.0,3075.0,4.0,275.0,700.0,47.0,36.0,47.0,39.083333333333336,3,2,0,0.7071067811865475,0.7071067811865476,425.0,615.0,1.25,0.75,11.0,0.9791666666666666
1,2015-02-02 22:02:18,2015-02-02 22:25:17,3133f88cbe33bcd01a6ba439d75ae996,sandwich,1,2.0,664.0,2.0,129.0,535.0,6.0,5.0,5.0,22.983333333333334,22,0,0,-0.5000000000000004,0.8660254037844384,406.0,332.0,1.0,0.7142857142857143,1.0,0.7142857142857143
6,2015-01-21 19:00:12,2015-01-21 19:15:33,885ca3d99fd35f509a2aa0130e8bf64f,mexican,1,1.0,500.0,1.0,300.0,300.0,37.0,34.0,41.0,15.35,19,2,0,-0.9659258262890684,0.2588190451025203,0.0,500.0,1.0,0.8947368421052632,3.0,1.0789473684210527
4,2015-02-16 22:20:55,2015-02-16 22:45:51,a86c450b76fb8c371afead6410d55534,mexican,5,1.0,1020.0,1.0,825.0,825.0,20.0,16.0,16.0,24.933333333333334,22,0,0,-0.5000000000000004,0.8660254037844384,0.0,1020.0,1.0,0.7619047619047619,4.0,0.7619047619047619
2,2015-01-24 02:44:56,2015-01-24 03:37:48,c8ed21db4f678f3b13b9d5ee16489088,japanese,3,3.0,1940.0,3.0,510.0,765.0,130.0,129.0,208.0,52.86666666666667,2,5,1,0.49999999999999994,0.8660254037844387,255.0,646.6666666666666,1.0,0.9847328244274809,1.0,1.5877862595419847
1,2015-01-22 04:39:22,2015-01-22 04:57:30,31fb220526c09d18bf9cfaff20bcba4e,greek,5,3.0,1797.0,3.0,499.0,699.0,22.0,15.0,15.0,18.133333333333333,4,3,0,0.8660254037844386,0.5000000000000001,200.0,599.0,1.0,0.6521739130434783,7.0,0.6521739130434783
4,2015-01-30 21:06:05,2015-01-30 21:38:30,fbd7939d674997cdb4692d34de8633c4,chinese,3,1.0,1095.0,1.0,1095.0,1095.0,56.0,53.0,56.0,32.416666666666664,21,4,0,-0.7071067811865477,0.7071067811865474,0.0,1095.0,1.0,0.9298245614035088,3.0,0.9824561403508771
1,2015-02-15 02:45:56,2015-02-15 04:00:25,3eefceb8087e964f89c2d59e8a249915,burger,1,1.0,1099.0,1.0,1099.0,1099.0,67.0,62.0,84.0,74.48333333333333,2,6,1,0.49999999999999994,0.8660254037844387,0.0,1099.0,1.0,0.9117647058823529,5.0,1.2352941176470589
2,2015-01-22 22:17:05,2015-01-22 22:51:34,8efb100a295c0c690931222ff4467bb8,dessert,1,3.0,2950.0,3.0,900.0,1050.0,16.0,17.0,20.0,34.483333333333334,22,3,0,-0.5000000000000004,0.8660254037844384,150.0,983.3333333333334,1.0,1.0,0.0,1.1764705882352942
2,2015-02-04 02:10:59,2015-02-04 02:52:10,816b112c6105b3ebd537828a39af4818,mexican,1,3.0,3020.0,2.0,995.0,1030.0,89.0,63.0,82.0,41.18333333333333,2,2,0,0.49999999999999994,0.8660254037844387,35.0,1006.6666666666666,1.5,0.7,26.0,0.9111111111111111
2,2015-02-12 05:07:11,2015-02-12 05:31:38,dd363b260a3b26e9ebdc93193730e961,dessert,3,2.0,1167.0,2.0,529.0,559.0,37.0,46.0,48.0,24.45,5,3,0,0.9659258262890683,0.25881904510252074,30.0,583.5,1.0,1.2105263157894737,0.0,1.263157894736842
5,2015-02-08 18:18:03,2015-02-08 18:54:31,31f16d3ab7ac2c7e89fc56fe45eae7e1,american,1,1.0,999.0,1.0,999.0,999.0,5.0,5.0,5.0,36.46666666666667,18,6,1,-1.0,-1.8369701987210297e-16,0.0,999.0,1.0,0.8333333333333334,0.0,0.8333333333333334
1,2015-01-31 02:26:06,2015-01-31 03:25:41,f55cadb97eaff2ba1980e001b0bd9842,sandwich,3,2.0,975.0,2.0,150.0,675.0,0.0,0.0,0.0,59.583333333333336,2,5,1,0.49999999999999994,0.8660254037844387,525.0,487.5,1.0,0.0,0.0,0.0
4,2015-01-27 01:27:11,2015-01-27 02:31:48,98f13708210194c475687be6106a3b84,mediterranean,2,4.0,3715.0,3.0,795.0,1150.0,73.0,99.0,89.0,64.61666666666666,1,1,0,0.25881904510252074,0.9659258262890683,355.0,928.75,1.3333333333333333,1.337837837837838,0.0,1.2027027027027026
2,2015-01-23 20:18:13,2015-01-23 20:47:39,f5c3dd7514bf620a1b85450d2ae374b1,burger,2,2.0,1563.0,2.0,373.0,1045.0,60.0,65.0,100.0,29.433333333333334,20,4,0,-0.8660254037844386,0.5000000000000001,672.0,781.5,1.0,1.0655737704918034,0.0,1.639344262295082
3,2015-01-27 02:00:27,2015-01-27 02:32:49,dba31bb5c75992690f20c2d3b370ec7c,mexican,5,2.0,2890.0,1.0,1345.0,1345.0,45.0,41.0,40.0,32.36666666666667,2,1,0,0.49999999999999994,0.8660254037844387,0.0,1445.0,2.0,0.8913043478260869,4.0,0.8695652173913043
5,2015-02-09 19:27:54,2015-02-09 19:59:59,13d29e6e8cf1bcf427da3e7bd696a73f,salad,1,1.0,750.0,1.0,750.0,750.0,12.0,11.0,13.0,32.083333333333336,19,0,0,-0.9659258262890684,0.2588190451025203,0.0,750.0,1.0,0.8461538461538461,1.0,1.0
1,2015-02-03 03:12:09,2015-02-03 04:17:55,f2e84d98d6dc0c7acd56b40509355666,vietnamese,1,4.0,4159.0,4.0,541.0,1727.0,20.0,16.0,24.0,65.76666666666667,3,1,0,0.7071067811865475,0.7071067811865476,1186.0,1039.75,1.0,0.7619047619047619,4.0,1.1428571428571428
2,2015-01-25 00:00:56,2015-01-25 01:02:51,ab88b15733f543179858600245108dd8,pizza,3,3.0,2588.0,3.0,225.0,1419.0,45.0,52.0,40.0,61.916666666666664,0,6,1,0.0,1.0,1194.0,862.6666666666666,1.0,1.1304347826086956,0.0,0.8695652173913043
3,2015-02-13 02:15:15,2015-02-13 03:00:21,a495eebbfa243b79c5b9b224c482d0c2,japanese,1,8.0,8215.0,8.0,650.0,1395.0,12.0,10.0,8.0,45.1,2,4,0,0.49999999999999994,0.8660254037844387,745.0,1026.875,1.0,0.7692307692307693,2.0,0.6153846153846154
2,2015-01-25 18:15:16,2015-01-25 18:35:58,5e80048377635f2a67e0e5be24012f09,american,3,1.0,900.0,1.0,900.0,900.0,11.0,34.0,12.0,20.7,18,6,1,-1.0,-1.8369701987210297e-16,0.0,900.0,1.0,2.8333333333333335,0.0,1.0
6,2015-01-24 03:40:19,2015-01-24 04:41:36,96629f1aac6ddb7a7cfa82574b6722d4,other,2,1.0,1440.0,1.0,1440.0,1440.0,37.0,34.0,41.0,61.28333333333333,3,5,1,0.7071067811865475,0.7071067811865476,0.0,1440.0,1.0,0.8947368421052632,3.0,1.0789473684210527
4,2015-01-23 02:19:15,2015-01-23 03:10:01,eae27d77ca20db309e056e3d2dcd7d69,thai,5,8.0,5775.0,6.0,200.0,1095.0,110.0,97.0,146.0,50.766666666666666,2,4,0,0.49999999999999994,0.8660254037844387,895.0,721.875,1.3333333333333333,0.8738738738738738,13.0,1.3153153153153154
4,2015-02-08 02:39:24,2015-02-08 03:36:40,56f9f88906aebf4ad985aaec7fa01313,other,1,2.0,4145.0,2.0,995.0,3150.0,73.0,56.0,103.0,57.266666666666666,2,6,1,0.49999999999999994,0.8660254037844387,2155.0,2072.5,1.0,0.7567567567567568,17.0,1.3918918918918919
4,2015-02-10 02:15:31,2015-02-10 02:50:36,a5bfc9e07964f8dddeb95fc584cd965d,mexican,2,2.0,3100.0,1.0,1550.0,1550.0,74.0,73.0,110.0,35.083333333333336,2,1,0,0.49999999999999994,0.8660254037844387,0.0,1550.0,2.0,0.9733333333333334,1.0,1.4666666666666666
2,2015-02-15 00:09:50,2015-02-15 00:36:58,d67d8ab4f4c10bf22aa353e27879133c,other,3,3.0,1885.0,3.0,395.0,1095.0,27.0,26.0,29.0,27.133333333333333,0,6,1,0.0,1.0,700.0,628.3333333333334,1.0,0.9285714285714286,1.0,1.0357142857142858
2,2015-02-09 18:40:36,2015-02-09 20:11:19,7b5ad0c52e58076e34f393efe9019ed2,other,2,7.0,9099.0,6.0,499.0,1199.0,10.0,10.0,14.0,90.71666666666667,18,0,0,-1.0,-1.8369701987210297e-16,700.0,1299.857142857143,1.1666666666666667,0.9090909090909091,0.0,1.2727272727272727
4,2015-02-01 04:57:43,2015-02-01 05:57:34,d58e2f077670f4de9cd7963c857f2534,mexican,2,2.0,4400.0,2.0,1400.0,1600.0,57.0,57.0,75.0,59.85,4,6,1,0.8660254037844386,0.5000000000000001,200.0,2200.0,1.0,0.9827586206896551,0.0,1.293103448275862
5,2015-02-11 19:29:36,2015-02-11 20:12:51,341c1d108df518a9ad0047345b7b641a,fast,4,1.0,439.0,1.0,439.0,439.0,16.0,18.0,20.0,43.25,19,2,0,-0.9659258262890684,0.2588190451025203,0.0,439.0,1.0,1.0588235294117647,0.0,1.1764705882352942
1,2015-01-28 02:55:16,2015-01-28 03:34:30,3bd318565e4adbe5f4b6abf2ffebf3a0,italian,1,2.0,2064.0,2.0,902.0,1012.0,53.0,57.0,62.0,39.233333333333334,2,2,0,0.49999999999999994,0.8660254037844387,110.0,1032.0,1.0,1.0555555555555556,0.0,1.1481481481481481
2,2015-01-24 02:10:59,2015-01-24 03:03:45,d947bf06a885db0d477d707121934ff8,other,3,9.0,10000.0,7.0,450.0,1650.0,105.0,102.0,166.0,52.766666666666666,2,5,1,0.49999999999999994,0.8660254037844387,1200.0,1111.111111111111,1.2857142857142858,0.9622641509433962,3.0,1.5660377358490567
1,2015-02-08 03:04:27,2015-02-08 04:26:07,c75b6f114c23a4d7ea11331e7c00e73c,american,4,2.0,2350.0,2.0,1150.0,1200.0,55.0,55.0,92.0,81.66666666666667,3,6,1,0.7071067811865475,0.7071067811865476,50.0,1175.0,1.0,0.9821428571428571,0.0,1.6428571428571428
3,2015-02-17 17:50:22,2015-02-17 19:08:21,61d009da208a34ae155420e55f97abc7,other,4,3.0,1915.0,3.0,340.0,825.0,5.0,5.0,2.0,77.98333333333333,17,1,0,-0.9659258262890683,-0.25881904510252063,485.0,638.3333333333334,1.0,0.8333333333333334,0.0,0.3333333333333333
1,2015-02-01 23:13:56,2015-02-01 23:51:24,d69116f8b0140cdeb1f99a4d5096ffe4,burger,4,8.0,4442.0,5.0,309.0,769.0,20.0,19.0,19.0,37.46666666666667,23,6,1,-0.25881904510252157,0.9659258262890681,460.0,555.25,1.6,0.9047619047619048,1.0,0.9047619047619048
1,2015-01-22 20:54:29,2015-01-22 21:48:12,9f396fe44e7c05c16873b05ec425cbad,other,3,3.0,3485.0,2.0,1095.0,1195.0,29.0,29.0,32.0,53.71666666666667,20,3,0,-0.8660254037844386,0.5000000000000001,100.0,1161.6666666666667,1.5,0.9666666666666667,0.0,1.0666666666666667
2,2015-01-22 19:03:51,2015-01-22 20:01:32,fb2fcd534b0ff3bbed73cc51df620323,other,2,1.0,895.0,1.0,895.0,895.0,26.0,22.0,24.0,57.68333333333333,19,3,0,-0.9659258262890684,0.2588190451025203,0.0,895.0,1.0,0.8148148148148148,4.0,0.8888888888888888
2,2015-02-12 19:43:14,2015-02-12 20:32:39,edc27f139c3b4e4bb29d1cdbc45663f9,salad,3,4.0,3536.0,4.0,199.0,849.0,56.0,48.0,85.0,49.416666666666664,19,3,0,-0.9659258262890684,0.2588190451025203,650.0,884.0,1.0,0.8421052631578947,8.0,1.4912280701754386
2,2015-02-03 01:38:51,2015-02-03 02:55:00,a57e8915461b83adefb011530b711704,american,2,2.0,2825.0,2.0,1050.0,1325.0,74.0,74.0,114.0,76.15,1,1,0,0.25881904510252074,0.9659258262890683,275.0,1412.5,1.0,0.9866666666666667,0.0,1.52
5,2015-02-09 02:32:04,2015-02-09 03:08:33,3c0efc7a60a85e233fb20c2e475c7970,american,1,3.0,2357.0,2.0,749.0,799.0,30.0,13.0,21.0,36.483333333333334,2,0,0,0.49999999999999994,0.8660254037844387,50.0,785.6666666666666,1.5,0.41935483870967744,17.0,0.6774193548387096
2,2015-01-26 18:42:56,2015-01-26 19:21:26,7437d136770f5b35194cb46c1653efaa,vietnamese,2,2.0,1750.0,2.0,625.0,925.0,14.0,33.0,5.0,38.5,18,0,0,-1.0,-1.8369701987210297e-16,300.0,875.0,1.0,2.2,0.0,0.3333333333333333
2,2015-02-01 00:42:03,2015-02-01 01:17:27,a597e50502f5ff68e3e25b9114205d4a,italian,5,3.0,3650.0,3.0,600.0,1600.0,58.0,54.0,53.0,35.4,0,6,1,0.0,1.0,1000.0,1216.6666666666667,1.0,0.9152542372881356,4.0,0.8983050847457628
1,2015-02-09 00:45:59,2015-02-09 01:36:22,c08876cb72b043bfbd2009cb2f0ecbf5,chinese,2,3.0,3007.0,3.0,399.0,1229.0,0.0,0.0,0.0,50.38333333333333,0,0,0,0.0,1.0,830.0,1002.3333333333334,1.0,0.0,0.0,0.0
2,2015-02-05 20:12:34,2015-02-05 20:53:12,be3e9d3f7d70537357c67bb3f4086846,sandwich,5,6.0,5893.0,5.0,898.0,999.0,48.0,45.0,62.0,40.63333333333333,20,3,0,-0.8660254037844386,0.5000000000000001,101.0,982.1666666666666,1.2,0.9183673469387755,3.0,1.2653061224489797
6,2015-02-09 20:09:35,2015-02-09 21:09:49,252a3dbaeb32e7690242ad3b556e626b,american,5,2.0,3770.0,2.0,1115.0,2575.0,37.0,34.0,41.0,60.233333333333334,20,0,0,-0.8660254037844386,0.5000000000000001,1460.0,1885.0,1.0,0.8947368421052632,3.0,1.0789473684210527
5,2015-01-30 00:11:33,2015-01-30 00:51:32,884738b4332ababd678ca505f4e04f4d,mediterranean,3,1.0,3800.0,1.0,3000.0,3699.0,14.0,7.0,7.0,39.983333333333334,0,4,0,0.0,1.0,699.0,3800.0,1.0,0.4666666666666667,7.0,0.4666666666666667
2,2015-02-12 00:52:57,2015-02-12 01:23:51,da94cbeff56cfda50785df477941308b,pizza,2,1.0,2199.0,1.0,699.0,699.0,21.0,20.0,21.0,30.9,0,3,0,0.0,1.0,0.0,2199.0,1.0,0.9090909090909091,1.0,0.9545454545454546
1,2015-02-14 02:00:06,2015-02-14 02:38:05,90aef91f0d9e7c3be322bd7bae41617d,japanese,1,5.0,5695.0,5.0,799.0,1599.0,61.0,60.0,72.0,37.983333333333334,2,5,1,0.49999999999999994,0.8660254037844387,800.0,1139.0,1.0,0.967741935483871,1.0,1.1612903225806452
2,2015-01-30 19:21:37,2015-01-30 19:55:34,d43ab110ab2489d6b9b2caa394bf920f,mexican,5,1.0,699.0,1.0,699.0,699.0,68.0,60.0,86.0,33.95,19,4,0,-0.9659258262890684,0.2588190451025203,0.0,699.0,1.0,0.8695652173913043,8.0,1.2463768115942029
4,2015-02-17 00:31:02,2015-02-17 01:09:30,89885ff2c83a10305ee08bd507c1049c,unknown,3,3.0,2615.0,3.0,725.0,895.0,15.0,15.0,21.0,38.46666666666667,0,1,0,0.0,1.0,170.0,871.6666666666666,1.0,0.9375,0.0,1.3125
2,2015-02-16 00:04:39,2015-02-16 00:38:59,2a34abd6ebbd7fcf5a4421229c946c0a,barbecue,3,3.0,2235.0,2.0,295.0,895.0,68.0,65.0,73.0,34.333333333333336,0,0,0,0.0,1.0,600.0,745.0,1.5,0.9420289855072463,3.0,1.0579710144927537
6,2015-02-04 02:54:00,2015-02-04 03:40:32,3f5ee243547dee91fbd053c1c4a845aa,vietnamese,1,5.0,4925.0,2.0,875.0,1150.0,37.0,34.0,41.0,46.53333333333333,2,2,0,0.49999999999999994,0.8660254037844387,275.0,985.0,2.5,0.8947368421052632,3.0,1.0789473684210527
2,2015-01-31 03:08:34,2015-01-31 03:51:44,10a7cdd970fe135cf4f7bb55c0e3b59f,unknown,1,7.0,4790.0,6.0,175.0,1895.0,112.0,110.0,199.0,43.166666666666664,3,5,1,0.7071067811865475,0.7071067811865476,1720.0,684.2857142857143,1.1666666666666667,0.9734513274336283,2.0,1.761061946902655
2,2015-02-08 02:16:49,2015-02-08 03:06:01,d947bf06a885db0d477d707121934ff8,other,5,2.0,2200.0,2.0,650.0,1550.0,135.0,66.0,130.0,49.2,2,6,1,0.49999999999999994,0.8660254037844387,900.0,1100.0,1.0,0.4852941176470588,69.0,0.9558823529411765
2,2015-02-01 03:43:00,2015-02-01 04:18:51,d43ab110ab2489d6b9b2caa394bf920f,mexican,5,5.0,2957.0,4.0,245.0,1349.0,103.0,106.0,182.0,35.85,3,6,1,0.7071067811865475,0.7071067811865476,1104.0,591.4,1.25,1.0192307692307692,0.0,1.75
2,2015-02-13 04:35:44,2015-02-13 05:18:36,8eb9becbba23d2ccdccddd9ac3f4a02d,indian,3,1.0,1395.0,1.0,1395.0,1395.0,57.0,47.0,67.0,42.86666666666667,4,4,0,0.8660254037844386,0.5000000000000001,0.0,1395.0,1.0,0.8103448275862069,10.0,1.1551724137931034
1,2015-02-16 04:26:39,2015-02-16 05:27:42,999028872cfff7ae8ee330a33cbd3874,japanese,1,4.0,2465.0,4.0,275.0,1045.0,8.0,8.0,19.0,61.05,4,0,0,0.8660254037844386,0.5000000000000001,770.0,616.25,1.0,0.8888888888888888,0.0,2.111111111111111
2,2015-02-11 01:28:10,2015-02-11 02:04:37,06409663226af2f3114485aa4e0a23b4,american,5,2.0,2005.0,2.0,745.0,965.0,36.0,35.0,39.0,36.45,1,2,0,0.25881904510252074,0.9659258262890683,220.0,1002.5,1.0,0.9459459459459459,1.0,1.054054054054054
4,2015-02-05 23:57:40,2015-02-06 00:15:54,e165421110ba03099a1c0393373c5b43,burger,5,2.0,1458.0,2.0,599.0,699.0,26.0,18.0,18.0,18.233333333333334,23,3,0,-0.25881904510252157,0.9659258262890681,100.0,729.0,1.0,0.6666666666666666,8.0,0.6666666666666666
3,2015-01-27 00:36:54,2015-01-27 01:22:23,74e1513cc2927e89575044e7d6dbc8e0,greek,1,6.0,5345.0,4.0,675.0,875.0,2.0,1.0,1.0,45.483333333333334,0,1,0,0.0,1.0,200.0,890.8333333333334,1.5,0.3333333333333333,1.0,0.3333333333333333
2,2015-01-30 21:03:40,2015-01-30 21:27:40,be3e9d3f7d70537357c67bb3f4086846,sandwich,5,2.0,1998.0,2.0,898.0,999.0,44.0,43.0,43.0,24.0,21,4,0,-0.7071067811865477,0.7071067811865474,101.0,999.0,1.0,0.9555555555555556,1.0,0.9555555555555556
5,2015-02-09 02:19:37,2015-02-09 03:35:53,088660d31e3314b1c5817fa45e9f25f1,japanese,1,3.0,2825.0,3.0,525.0,625.0,46.0,36.0,60.0,76.26666666666667,2,0,0,0.49999999999999994,0.8660254037844387,100.0,941.6666666666666,1.0,0.7659574468085106,10.0,1.2765957446808511
6,2015-02-01 23:45:05,2015-02-02 00:21:50,a08b088d8a1818286c3641bb88a36ca9,burger,2,5.0,3785.0,5.0,150.0,950.0,37.0,34.0,41.0,36.75,23,6,1,-0.25881904510252157,0.9659258262890681,800.0,757.0,1.0,0.8947368421052632,3.0,1.0789473684210527
6,2015-02-16 04:01:24,2015-02-16 04:55:15,619205da514e83f869515c782a328d3c,indian,3,2.0,1500.0,2.0,575.0,925.0,37.0,34.0,41.0,53.85,4,0,0,0.8660254037844386,0.5000000000000001,350.0,750.0,1.0,0.8947368421052632,3.0,1.0789473684210527
2,2015-02-10 00:26:01,2015-02-10 01:03:07,1afa34a7f984eeabdbb0a7d494132ee5,indian,3,3.0,3500.0,3.0,950.0,1150.0,25.0,24.0,37.0,37.1,0,1,0,0.0,1.0,200.0,1166.6666666666667,1.0,0.9230769230769231,1.0,1.4230769230769231
4,2015-01-30 01:45:11,2015-01-30 02:42:17,138bb0696595b338afbab333c555292a,pizza,3,2.0,6573.0,1.0,2275.0,2275.0,106.0,98.0,156.0,57.1,1,4,0,0.25881904510252074,0.9659258262890683,0.0,3286.5,2.0,0.9158878504672897,8.0,1.4579439252336448
2,2015-02-18 01:31:47,2015-02-18 02:11:58,4734ba6f3de83d861c3176a6273cac6d,greek,5,3.0,3295.0,2.0,699.0,1199.0,57.0,56.0,74.0,40.18333333333333,1,2,0,0.25881904510252074,0.9659258262890683,500.0,1098.3333333333333,1.5,0.9655172413793104,1.0,1.2758620689655173
2,2015-02-13 23:20:00,2015-02-13 23:50:47,48db71587df6c7c442e5b76cc723169a,other,3,4.0,1127.0,3.0,198.0,580.0,32.0,30.0,33.0,30.783333333333335,23,4,0,-0.25881904510252157,0.9659258262890681,382.0,281.75,1.3333333333333333,0.9090909090909091,2.0,1.0
1,2015-02-09 00:12:22,2015-02-09 00:57:22,228499b55310264a8ea0e27b6e7c6ab6,american,5,2.0,2015.0,2.0,895.0,925.0,22.0,22.0,23.0,45.0,0,0,0,0.0,1.0,30.0,1007.5,1.0,0.9565217391304348,0.0,1.0
3,2015-02-06 02:54:08,2015-02-06 03:31:18,8ce13ccd4a1b7b88606ba6a8dd415458,vietnamese,5,1.0,1050.0,1.0,850.0,850.0,0.0,0.0,0.0,37.166666666666664,2,4,0,0.49999999999999994,0.8660254037844387,0.0,1050.0,1.0,0.0,0.0,0.0
2,2015-02-07 02:40:09,2015-02-07 03:11:22,c1502ae5a4d514baec129f72948c266e,burger,4,1.0,695.0,1.0,695.0,695.0,141.0,129.0,199.0,31.216666666666665,2,5,1,0.49999999999999994,0.8660254037844387,0.0,695.0,1.0,0.9084507042253521,12.0,1.4014084507042253
1,2015-02-02 03:12:15,2015-02-02 05:21:29,b613e70fd9f59310cf0a8d33de3f2800,japanese,3,3.0,3015.0,3.0,525.0,1195.0,14.0,16.0,33.0,129.23333333333332,3,0,0,0.7071067811865475,0.7071067811865476,670.0,1005.0,1.0,1.0666666666666667,0.0,2.2
4,2015-02-06 04:34:17,2015-02-06 05:16:55,d240cb4a3e3d2ed5250ac2e1480422f0,indian,2,3.0,2097.0,3.0,399.0,1199.0,60.0,55.0,61.0,42.63333333333333,4,4,0,0.8660254037844386,0.5000000000000001,800.0,699.0,1.0,0.9016393442622951,5.0,1.0
2,2015-02-18 02:34:57,2015-02-18 03:14:19,46a558d97954d0692411c861cf78ef79,dessert,5,1.0,465.0,1.0,465.0,465.0,105.0,73.0,89.0,39.36666666666667,2,2,0,0.49999999999999994,0.8660254037844387,0.0,465.0,1.0,0.6886792452830188,32.0,0.839622641509434
3,2015-02-08 02:01:32,2015-02-08 02:49:44,99f0e91e4f90ecc1c3bdee598eadca30,fast,4,1.0,732.0,1.0,459.0,459.0,29.0,29.0,29.0,48.2,2,6,1,0.49999999999999994,0.8660254037844387,0.0,732.0,1.0,0.9666666666666667,0.0,0.9666666666666667
3,2015-02-03 19:19:02,2015-02-03 20:10:07,761c7920f470038d4c8a619c79eddd62,mexican,3,1.0,1201.0,1.0,999.0,999.0,37.0,34.0,41.0,51.083333333333336,19,1,0,-0.9659258262890684,0.2588190451025203,0.0,1201.0,1.0,0.8947368421052632,3.0,1.0789473684210527
4,2015-02-15 01:54:47,2015-02-15 02:35:02,2c029952e202c0e560626a4c5980d64c,fast,4,15.0,1175.0,5.0,0.0,299.0,63.0,53.0,92.0,40.25,1,6,1,0.25881904510252074,0.9659258262890683,299.0,78.33333333333333,3.0,0.828125,10.0,1.4375
4,2015-01-23 01:53:22,2015-01-23 02:50:14,c9f0f895fb98ab9159f51fd0297e236d,salad,2,2.0,2085.0,2.0,765.0,825.0,105.0,98.0,133.0,56.86666666666667,1,4,0,0.25881904510252074,0.9659258262890683,60.0,1042.5,1.0,0.9245283018867925,7.0,1.2547169811320755
3,2015-01-25 01:49:39,2015-01-25 02:50:19,898aef0932f6aaecda27aba8e9903991,japanese,3,3.0,2390.0,3.0,100.0,1795.0,29.0,30.0,29.0,60.666666666666664,1,6,1,0.25881904510252074,0.9659258262890683,1695.0,796.6666666666666,1.0,1.0,0.0,0.9666666666666667
4,2015-02-12 01:50:36,2015-02-12 02:34:34,bf5cd8b2509011b9502a72296edc14a0,other,3,1.0,885.0,1.0,675.0,675.0,94.0,85.0,118.0,43.96666666666667,1,3,0,0.25881904510252074,0.9659258262890683,0.0,885.0,1.0,0.8947368421052632,9.0,1.2421052631578948
1,2015-02-10 02:25:11,2015-02-10 03:00:18,ffeabd223de0d4eacb9a3e6e53e5448d,breakfast,1,2.0,3200.0,1.0,1600.0,1600.0,39.0,39.0,47.0,35.11666666666667,2,1,0,0.49999999999999994,0.8660254037844387,0.0,1600.0,2.0,0.975,0.0,1.175
2,2015-02-17 03:59:46,2015-02-17 04:24:42,7f100b7b36092fb9b06dfb4fac360931,burger,5,3.0,2485.0,3.0,295.0,1095.0,64.0,48.0,48.0,24.933333333333334,3,1,0,0.7071067811865475,0.7071067811865476,800.0,828.3333333333334,1.0,0.7384615384615385,16.0,0.7384615384615385
1,2015-01-25 23:31:38,2015-01-26 00:25:08,bdee0997d3fb6be8515a432051fe4e5c,other,4,10.0,1940.0,6.0,99.0,479.0,4.0,6.0,8.0,53.5,23,6,1,-0.25881904510252157,0.9659258262890681,380.0,194.0,1.6666666666666667,1.2,0.0,1.6
1,2015-01-30 01:51:39,2015-01-30 02:28:23,d827f12e35eae370ba9c65b7f6026695,italian,5,4.0,3800.0,4.0,0.0,1600.0,40.0,41.0,59.0,36.733333333333334,1,4,0,0.25881904510252074,0.9659258262890683,1600.0,950.0,1.0,1.0,0.0,1.4390243902439024
3,2015-01-27 02:50:22,2015-01-27 03:24:20,75e33da9b103b7b91dcd8da0abe1354b,breakfast,1,5.0,5075.0,4.0,795.0,1595.0,41.0,43.0,43.0,33.96666666666667,2,1,0,0.49999999999999994,0.8660254037844387,800.0,1015.0,1.25,1.0238095238095237,0.0,1.0238095238095237
2,2015-02-01 18:40:34,2015-02-01 19:32:58,f806c5d2707545d718717be03e69a8d4,fast,4,2.0,765.0,2.0,340.0,375.0,40.0,39.0,50.0,52.4,18,6,1,-1.0,-1.8369701987210297e-16,35.0,382.5,1.0,0.9512195121951219,1.0,1.2195121951219512
1,2015-02-09 03:19:20,2015-02-09 04:28:47,33beffd09a1b020d1187c6b4b264014a,fast,4,8.0,1212.0,5.0,128.0,178.0,64.0,65.0,87.0,69.45,3,0,0,0.7071067811865475,0.7071067811865476,50.0,151.5,1.6,1.0,0.0,1.3384615384615384
4,2015-02-10 01:11:44,2015-02-10 01:49:47,58238e9ae2dd305d79c2ebc8c1883422,other,2,1.0,1275.0,1.0,1275.0,1275.0,50.0,44.0,54.0,38.05,1,1,0,0.25881904510252074,0.9659258262890683,0.0,1275.0,1.0,0.8627450980392157,6.0,1.0588235294117647
5,2015-02-12 00:37:47,2015-02-12 01:20:15,d2804bda02d05ee5868227fb24f13c98,chinese,4,3.0,2145.0,2.0,600.0,710.0,17.0,8.0,7.0,42.46666666666667,0,3,0,0.0,1.0,110.0,715.0,1.5,0.4444444444444444,9.0,0.3888888888888889
4,2015-01-31 03:40:10,2015-01-31 04:52:33,093f65e080a295f8076b1c5722a46aa2,vietnamese,5,2.0,1490.0,2.0,745.0,745.0,94.0,95.0,178.0,72.38333333333334,3,5,1,0.7071067811865475,0.7071067811865476,0.0,745.0,1.0,1.0,0.0,1.8736842105263158
3,2015-01-26 02:15:20,2015-01-26 02:54:37,7ec12aa91918c9b6e577c1ae18a0a34b,other,1,1.0,1399.0,1.0,1299.0,1299.0,24.0,25.0,34.0,39.28333333333333,2,0,0,0.49999999999999994,0.8660254037844387,0.0,1399.0,1.0,1.0,0.0,1.36
1,2015-02-17 02:58:52,2015-02-17 03:49:57,a1ada9947e0d683b4625f94c74104d73,american,1,6.0,5700.0,3.0,550.0,1150.0,8.0,8.0,9.0,51.083333333333336,2,1,0,0.49999999999999994,0.8660254037844387,600.0,950.0,2.0,0.8888888888888888,0.0,1.0
1,2015-01-27 01:50:00,2015-01-27 02:42:24,c88d8d0a6097754525e02c2246d8d27f,american,1,3.0,5100.0,3.0,925.0,3050.0,11.0,10.0,13.0,52.4,1,1,0,0.25881904510252074,0.9659258262890683,2125.0,1700.0,1.0,0.8333333333333334,1.0,1.0833333333333333
4,2015-02-05 02:54:47,2015-02-05 04:32:46,4e62e752ae53fb6a6eebd0f6146aa702,other,3,1.0,1145.0,1.0,995.0,995.0,94.0,95.0,192.0,97.98333333333333,2,3,0,0.49999999999999994,0.8660254037844387,0.0,1145.0,1.0,1.0,0.0,2.0210526315789474
2,2015-02-03 21:12:54,2015-02-03 21:50:25,aec851e565646f6835e915293381e20a,burger,1,2.0,1599.0,2.0,500.0,1099.0,25.0,34.0,38.0,37.516666666666666,21,1,0,-0.7071067811865477,0.7071067811865474,599.0,799.5,1.0,1.3076923076923077,0.0,1.4615384615384615
2,2015-01-28 04:12:49,2015-01-28 04:43:20,ba2fd310dcaa8781a9a652a31baf3c68,pizza,1,2.0,3582.0,2.0,1299.0,2283.0,69.0,71.0,96.0,30.516666666666666,4,2,0,0.8660254037844386,0.5000000000000001,984.0,1791.0,1.0,1.0142857142857142,0.0,1.3714285714285714
3,2015-01-24 00:42:04,2015-01-24 01:29:41,b071cfa81605a94ad80cfa2bbc747448,chinese,4,2.0,1520.0,1.0,760.0,760.0,36.0,17.0,17.0,47.61666666666667,0,5,1,0.0,1.0,0.0,760.0,2.0,0.4594594594594595,19.0,0.4594594594594595
1,2015-01-29 03:48:12,2015-01-29 04:17:38,8d1de7457fa769ece8d93a13a59c8552,american,1,2.0,790.0,1.0,395.0,395.0,8.0,9.0,9.0,29.433333333333334,3,3,0,0.7071067811865475,0.7071067811865476,0.0,395.0,2.0,1.0,0.0,1.0
1,2015-02-11 20:36:06,2015-02-11 21:35:23,42a3964579017f3cb42b26605b9ae8ef,breakfast,3,5.0,6648.0,5.0,1250.0,1350.0,28.0,31.0,36.0,59.28333333333333,20,2,0,-0.8660254037844386,0.5000000000000001,100.0,1329.6,1.0,1.0689655172413792,0.0,1.2413793103448276
1,2015-02-15 02:58:42,2015-02-15 04:44:44,ceef9a7959adba8d6498247338ccb9e5,japanese,4,1.0,2500.0,1.0,2500.0,2500.0,9.0,9.0,16.0,106.03333333333333,2,6,1,0.49999999999999994,0.8660254037844387,0.0,2500.0,1.0,0.9,0.0,1.6
6,2015-02-11 01:46:05,2015-02-11 02:23:48,275d7fb2fd45098ad5c3ece2ed4a2824,thai,3,2.0,1400.0,2.0,300.0,1100.0,37.0,34.0,41.0,37.71666666666667,1,2,0,0.25881904510252074,0.9659258262890683,800.0,700.0,1.0,0.8947368421052632,3.0,1.0789473684210527
2,2015-02-17 00:44:42,2015-02-17 01:16:24,34da6a962eea0b40287791e44c671be6,sandwich,5,3.0,1424.0,3.0,150.0,999.0,30.0,30.0,40.0,31.7,0,1,0,0.0,1.0,849.0,474.6666666666667,1.0,0.967741935483871,0.0,1.2903225806451613
2,2015-02-16 04:34:50,2015-02-16 05:14:10,2836be05e71a8f34902a6e6b37350134,burger,4,3.0,1967.0,2.0,309.0,729.0,115.0,107.0,126.0,39.333333333333336,4,0,0,0.8660254037844386,0.5000000000000001,420.0,655.6666666666666,1.5,0.9224137931034483,8.0,1.0862068965517242
4,2015-02-05 02:28:07,2015-02-05 03:02:56,f023559c6d59c04e3804209f573dbff9,chinese,4,1.0,942.0,1.0,942.0,942.0,92.0,87.0,132.0,34.81666666666667,2,3,0,0.49999999999999994,0.8660254037844387,0.0,942.0,1.0,0.9354838709677419,5.0,1.4193548387096775
2,2015-01-25 23:14:53,2015-01-26 00:04:39,41f1f19176d383480afa65d325c06ed0,burger,5,5.0,3850.0,4.0,450.0,1150.0,26.0,55.0,51.0,49.766666666666666,23,6,1,-0.25881904510252157,0.9659258262890681,700.0,770.0,1.25,2.037037037037037,0.0,1.8888888888888888
3,2015-01-24 02:15:29,2015-01-24 03:06:50,f804d21145597e42851fa736e221da3f,other,1,5.0,3815.0,4.0,625.0,750.0,61.0,60.0,65.0,51.35,2,5,1,0.49999999999999994,0.8660254037844387,125.0,763.0,1.25,0.967741935483871,1.0,1.0483870967741935
4,2015-01-31 04:18:20,2015-01-31 05:26:44,73e0f7487b8e5297182c5a711d20bf26,indian,3,5.0,3730.0,5.0,195.0,1795.0,47.0,51.0,106.0,68.4,4,5,1,0.8660254037844386,0.5000000000000001,1600.0,746.0,1.0,1.0625,0.0,2.2083333333333335
4,2015-02-08 04:17:37,2015-02-08 04:54:13,e836d813fd184325132fca8edcdfb40e,chinese,3,7.0,5750.0,6.0,150.0,1500.0,73.0,57.0,76.0,36.6,4,6,1,0.8660254037844386,0.5000000000000001,1350.0,821.4285714285714,1.1666666666666667,0.7702702702702703,16.0,1.027027027027027
2,2015-02-07 01:43:55,2015-02-07 02:17:47,662a2e96162905620397b19c9d249781,chinese,1,6.0,4870.0,6.0,650.0,1025.0,140.0,81.0,134.0,33.86666666666667,1,5,1,0.25881904510252074,0.9659258262890683,375.0,811.6666666666666,1.0,0.574468085106383,59.0,0.950354609929078
4,2015-01-24 23:27:22,2015-01-25 00:16:37,cb12d7f933e7d102c52231bf62b8a678,burger,4,3.0,1247.0,3.0,249.0,729.0,17.0,31.0,12.0,49.25,23,5,1,-0.25881904510252157,0.9659258262890681,480.0,415.6666666666667,1.0,1.7222222222222223,0.0,0.6666666666666666
4,2015-01-22 02:42:38,2015-01-22 03:35:07,45c48cce2e2d7fbdea1afc51c7c6ad26,salad,5,3.0,2200.0,3.0,440.0,990.0,103.0,91.0,160.0,52.483333333333334,2,3,0,0.49999999999999994,0.8660254037844387,550.0,733.3333333333334,1.0,0.875,12.0,1.5384615384615385
3,2015-01-25 01:59:53,2015-01-25 03:11:12,d55cbf210f175f4a37916eafe6c04f0d,mediterranean,1,3.0,3050.0,3.0,400.0,1400.0,25.0,24.0,26.0,71.31666666666666,1,6,1,0.25881904510252074,0.9659258262890683,1000.0,1016.6666666666666,1.0,0.9230769230769231,1.0,1.0
6,2015-01-31 02:58:19,2015-01-31 03:45:39,33d6548e48d4318ceb0e3916a79afc84,burger,4,1.0,975.0,1.0,925.0,925.0,37.0,34.0,41.0,47.333333333333336,2,5,1,0.49999999999999994,0.8660254037844387,0.0,975.0,1.0,0.8947368421052632,3.0,1.0789473684210527
1,2015-01-28 02:06:57,2015-01-28 03:17:56,01f78be6f7cad02658508fe4616098a9,burger,1,5.0,3435.0,5.0,379.0,999.0,40.0,40.0,47.0,70.98333333333333,2,2,0,0.49999999999999994,0.8660254037844387,620.0,687.0,1.0,0.975609756097561,0.0,1.146341463414634
5,2015-02-14 02:13:38,2015-02-14 03:11:12,9823c9091899dc6f227f9133ba2dfd30,breakfast,1,3.0,4050.0,3.0,1095.0,1495.0,30.0,27.0,40.0,57.56666666666667,2,5,1,0.49999999999999994,0.8660254037844387,400.0,1350.0,1.0,0.8709677419354839,3.0,1.2903225806451613
4,2015-02-10 02:39:58,2015-02-10 03:38:47,45c48cce2e2d7fbdea1afc51c7c6ad26,salad,5,5.0,5280.0,4.0,330.0,1650.0,87.0,83.0,145.0,58.81666666666667,2,1,0,0.49999999999999994,0.8660254037844387,1320.0,1056.0,1.25,0.9431818181818182,4.0,1.6477272727272727
4,2015-02-05 20:27:35,2015-02-05 21:06:55,6f4922f45568161a8cdf4ad2299f6d23,other,3,3.0,1874.0,3.0,399.0,1025.0,84.0,82.0,125.0,39.333333333333336,20,3,0,-0.8660254037844386,0.5000000000000001,626.0,624.6666666666666,1.0,0.9647058823529412,2.0,1.4705882352941178
3,2015-02-15 01:57:21,2015-02-15 02:51:29,b181eaa49f5924e16c772dcb718fcd0f,mexican,4,5.0,1780.0,5.0,189.0,499.0,16.0,16.0,15.0,54.13333333333333,1,6,1,0.25881904510252074,0.9659258262890683,310.0,356.0,1.0,0.9411764705882353,0.0,0.8823529411764706
5,2015-01-23 02:06:12,2015-01-23 02:42:20,4011b4f479762db72d1fd2c007c57532,unknown,2,5.0,4050.0,5.0,500.0,1100.0,23.0,12.0,15.0,36.13333333333333,2,4,0,0.49999999999999994,0.8660254037844387,600.0,810.0,1.0,0.5,11.0,0.625
4,2015-01-29 02:17:17,2015-01-29 03:16:04,98f13708210194c475687be6106a3b84,mediterranean,2,1.0,1450.0,1.0,1450.0,1450.0,108.0,109.0,188.0,58.78333333333333,2,3,0,0.49999999999999994,0.8660254037844387,0.0,1450.0,1.0,1.0,0.0,1.724770642201835
5,2015-02-06 22:27:14,2015-02-06 22:56:38,10fe8dc69a0964edc16fed1a1bd55716,american,1,3.0,2695.0,3.0,695.0,1050.0,16.0,8.0,8.0,29.4,22,4,0,-0.5000000000000004,0.8660254037844384,355.0,898.3333333333334,1.0,0.47058823529411764,8.0,0.47058823529411764
5,2015-02-09 03:10:18,2015-02-09 03:58:22,193510e35bf81956996aa49093954075,indian,3,5.0,3222.0,5.0,150.0,899.0,22.0,20.0,30.0,48.06666666666667,3,0,0,0.7071067811865475,0.7071067811865476,749.0,644.4,1.0,0.8695652173913043,2.0,1.3043478260869565
1,2015-01-23 01:30:59,2015-01-23 02:13:31,cd10c7f376188a4a2ca3e8fea2c03aeb,sandwich,1,5.0,2515.0,3.0,350.0,625.0,21.0,12.0,12.0,42.53333333333333,1,4,0,0.25881904510252074,0.9659258262890683,275.0,503.0,1.6666666666666667,0.5454545454545454,9.0,0.5454545454545454
1,2015-02-14 02:14:22,2015-02-14 03:02:00,3a20f62a0af1aa152670bab3c602feed,pizza,1,3.0,3150.0,1.0,900.0,900.0,65.0,64.0,78.0,47.63333333333333,2,5,1,0.49999999999999994,0.8660254037844387,0.0,1050.0,3.0,0.9696969696969697,1.0,1.1818181818181819
2,2015-02-08 18:52:17,2015-02-08 19:16:58,729c68884bd359ade15d5f163166738a,dessert,2,1.0,1540.0,1.0,1540.0,1540.0,10.0,10.0,15.0,24.683333333333334,18,6,1,-1.0,-1.8369701987210297e-16,0.0,1540.0,1.0,0.9090909090909091,0.0,1.3636363636363635
2,2015-01-25 03:26:29,2015-01-25 04:20:21,dd363b260a3b26e9ebdc93193730e961,dessert,3,2.0,1078.0,2.0,519.0,559.0,101.0,110.0,171.0,53.86666666666667,3,6,1,0.7071067811865475,0.7071067811865476,40.0,539.0,1.0,1.0784313725490196,0.0,1.6764705882352942
2,2015-02-03 01:39:07,2015-02-03 02:47:55,379a7ba015d8bf1c70b8add2c287c6fa,american,3,2.0,2983.0,2.0,1103.0,1712.0,89.0,81.0,127.0,68.8,1,1,0,0.25881904510252074,0.9659258262890683,609.0,1491.5,1.0,0.9,8.0,1.4111111111111112
4,2015-02-07 19:26:59,2015-02-07 19:59:37,1edd33b030fca4ea748c10bae11a7946,pizza,3,1.0,1595.0,1.0,1595.0,1595.0,7.0,6.0,6.0,32.63333333333333,19,5,1,-0.9659258262890684,0.2588190451025203,0.0,1595.0,1.0,0.75,1.0,0.75
3,2015-02-05 02:54:13,2015-02-05 04:02:20,0a7d83f084ec258aefd128569dda03d7,pizza,1,2.0,3500.0,2.0,1400.0,1800.0,32.0,32.0,42.0,68.11666666666666,2,3,0,0.49999999999999994,0.8660254037844387,400.0,1750.0,1.0,0.9696969696969697,0.0,1.2727272727272727
2,2015-02-11 03:55:31,2015-02-11 04:28:25,726bd18c52afc248015dcdbc463c6f85,other,3,3.0,3149.0,2.0,595.0,1395.0,55.0,50.0,76.0,32.9,3,2,0,0.7071067811865475,0.7071067811865476,800.0,1049.6666666666667,1.5,0.8928571428571429,5.0,1.3571428571428572
1,2015-02-15 03:54:57,2015-02-15 05:16:43,68264bdb65b97eeae6788aa3348e553c,other,1,6.0,8800.0,5.0,950.0,1900.0,53.0,53.0,88.0,81.76666666666667,3,6,1,0.7071067811865475,0.7071067811865476,950.0,1466.6666666666667,1.2,0.9814814814814815,0.0,1.6296296296296295
5,2015-02-17 02:15:48,2015-02-17 02:58:02,eb46c61f91aab8c2b002b288485fc118,other,1,5.0,3995.0,5.0,599.0,1499.0,47.0,44.0,52.0,42.233333333333334,2,1,0,0.49999999999999994,0.8660254037844387,900.0,799.0,1.0,0.9166666666666666,3.0,1.0833333333333333
2,2015-02-07 01:29:10,2015-02-07 02:25:46,11b9842e0a271ff252c1903e7132cd68,pizza,1,4.0,3906.0,4.0,595.0,1228.0,114.0,75.0,104.0,56.6,1,5,1,0.25881904510252074,0.9659258262890683,633.0,976.5,1.0,0.6521739130434783,39.0,0.9043478260869565
4,2015-02-13 02:24:46,2015-02-13 03:15:26,e97ee2054defb209c35fe4dc94599061,thai,1,4.0,3680.0,4.0,795.0,1095.0,70.0,62.0,99.0,50.666666666666664,2,4,0,0.49999999999999994,0.8660254037844387,300.0,920.0,1.0,0.8732394366197183,8.0,1.3943661971830985
4,2015-01-30 22:20:56,2015-01-30 22:49:52,e57c6b956a6521b28495f2886ca0977a,other,5,2.0,1990.0,2.0,995.0,995.0,41.0,24.0,23.0,28.933333333333334,22,4,0,-0.5000000000000004,0.8660254037844384,0.0,995.0,1.0,0.5714285714285714,17.0,0.5476190476190477
3,2015-02-11 00:59:11,2015-02-11 01:19:59,2723ad49bd0d27b97b735e4822085e12,other,1,1.0,895.0,1.0,795.0,795.0,7.0,6.0,8.0,20.8,0,2,0,0.0,1.0,0.0,895.0,1.0,0.75,1.0,1.0
1,2015-02-12 19:47:47,2015-02-12 20:26:08,c5fe17b7a8d023ade2bbb05e574eef78,mediterranean,5,3.0,2995.0,3.0,950.0,1050.0,24.0,24.0,34.0,38.35,19,3,0,-0.9659258262890684,0.2588190451025203,100.0,998.3333333333334,1.0,0.96,0.0,1.36
4,2015-01-26 00:19:12,2015-01-26 01:08:05,9bf31c7ff062936a96d3c8bd1f8f2ff3,sandwich,3,2.0,2879.0,2.0,899.0,1195.0,60.0,80.0,48.0,48.88333333333333,0,0,0,0.0,1.0,296.0,1439.5,1.0,1.3114754098360655,0.0,0.7868852459016393
1,2015-02-10 21:33:44,2015-02-10 22:10:14,412decf7f56202004e18650fb2db5897,other,1,3.0,2600.0,3.0,600.0,1000.0,12.0,12.0,15.0,36.5,21,1,0,-0.7071067811865477,0.7071067811865474,400.0,866.6666666666666,1.0,0.9230769230769231,0.0,1.1538461538461537
